district,name,centroid_lat,centroid_lon
1,Innere Stadt,48.20836107440973,16.369398679674884
2,Leopoldstadt,48.20363219504717,16.423262307745134
3,Landstraße,48.19376053607284,16.396080941939534
4,Wieden,48.19256563722393,16.370374820850305
5,Margareten,48.18680073519652,16.355935668062084
6,Mariahilf,48.19475851271061,16.349825306905064
7,Neubau,48.20251943355746,16.34696306693392
8,Josefstadt,48.21102940198965,16.347822576094725
9,Alsergrund,48.22281330475359,16.35648849566111
10,Favoriten,48.15210570865337,16.387630373783626
11,Simmering,48.16399540168669,16.4463019581905
12,Meidling,48.17052724369561,16.322369396815187
13,Hietzing,48.177333911337016,16.245607556586947
14,Penzing,48.22106215863278,16.24158496782516
15,Rudolfsheim-Fünfhaus,48.19547446952506,16.32607028520847
16,Ottakring,48.215398046645184,16.29959791348654
17,Hernals,48.23371622725771,16.290198035700545
18,Währing,48.23555177254555,16.318973507155437
19,Döbling,48.259032079335334,16.333692797815495
20,Brigittenau,48.24019093279066,16.37727540896575
21,Floridsdorf,48.2811937416861,16.41117292433186
22,Donaustadt,48.21888560679905,16.49491120871926
23,Liesing,48.14327822176586,16.293234620216897
