district,indicator,value,year,source
1,area_km2,2.87,2025,density
2,area_km2,19.24,2025,density
3,area_km2,7.4,2025,density
4,area_km2,1.78,2025,density
5,area_km2,2.01,2025,density
6,area_km2,1.46,2025,density
7,area_km2,1.61,2025,density
8,area_km2,1.09,2025,density
9,area_km2,2.97,2025,density
10,area_km2,31.83,2025,density
11,area_km2,23.26,2025,density
12,area_km2,8.1,2025,density
13,area_km2,37.71,2025,density
14,area_km2,33.76,2025,density
15,area_km2,3.92,2025,density
16,area_km2,8.67,2025,density
17,area_km2,11.39,2025,density
18,area_km2,6.35,2025,density
19,area_km2,24.94,2025,density
20,area_km2,5.71,2025,density
21,area_km2,44.44,2025,density
22,area_km2,102.3,2025,density
23,area_km2,32.06,2025,density
1,avg_age,47.44,2025,age
2,avg_age,40.0,2025,age
3,avg_age,41.39,2025,age
4,avg_age,42.56,2025,age
5,avg_age,40.72,2025,age
6,avg_age,42.28,2025,age
7,avg_age,41.92,2025,age
8,avg_age,42.22,2025,age
9,avg_age,41.15,2025,age
10,avg_age,39.6,2025,age
11,avg_age,39.45,2025,age
12,avg_age,40.62,2025,age
13,avg_age,45.22,2025,age
14,avg_age,42.8,2025,age
15,avg_age,40.57,2025,age
16,avg_age,41.25,2025,age
17,avg_age,41.57,2025,age
18,avg_age,42.18,2025,age
19,avg_age,44.15,2025,age
20,avg_age,40.46,2025,age
21,avg_age,40.62,2025,age
22,avg_age,40.17,2025,age
23,avg_age,42.01,2025,age
1,cars_per_1000,988.33,2024,car_density
2,cars_per_1000,300.4,2024,car_density
3,cars_per_1000,365.23,2024,car_density
4,cars_per_1000,343.74,2024,car_density
5,cars_per_1000,257.87,2024,car_density
6,cars_per_1000,306.41,2024,car_density
7,cars_per_1000,287.93,2024,car_density
8,cars_per_1000,288.84,2024,car_density
9,cars_per_1000,307.58,2024,car_density
10,cars_per_1000,320.18,2024,car_density
11,cars_per_1000,359.69,2024,car_density
12,cars_per_1000,360.37,2024,car_density
13,cars_per_1000,433.7,2024,car_density
14,cars_per_1000,355.83,2024,car_density
15,cars_per_1000,267.78,2024,car_density
16,cars_per_1000,314.79,2024,car_density
17,cars_per_1000,305.62,2024,car_density
18,cars_per_1000,340.9,2024,car_density
19,cars_per_1000,407.94,2024,car_density
20,cars_per_1000,270.35,2024,car_density
21,cars_per_1000,372.46,2024,car_density
22,cars_per_1000,397.99,2024,car_density
23,cars_per_1000,525.03,2024,car_density
1,cycle_path_km,40.97,2024,traffic_area
2,cycle_path_km,116.74,2024,traffic_area
3,cycle_path_km,68.8,2024,traffic_area
4,cycle_path_km,16.84,2024,traffic_area
5,cycle_path_km,26.85,2024,traffic_area
6,cycle_path_km,19.12,2024,traffic_area
7,cycle_path_km,18.69,2024,traffic_area
8,cycle_path_km,11.17,2024,traffic_area
9,cycle_path_km,41.98,2024,traffic_area
10,cycle_path_km,149.89,2024,traffic_area
11,cycle_path_km,80.18,2024,traffic_area
12,cycle_path_km,64.9,2024,traffic_area
13,cycle_path_km,73.08,2024,traffic_area
14,cycle_path_km,102.98,2024,traffic_area
15,cycle_path_km,42.4,2024,traffic_area
16,cycle_path_km,46.87,2024,traffic_area
17,cycle_path_km,48.09,2024,traffic_area
18,cycle_path_km,39.05,2024,traffic_area
19,cycle_path_km,72.9,2024,traffic_area
20,cycle_path_km,39.05,2024,traffic_area
21,cycle_path_km,218.35,2024,traffic_area
22,cycle_path_km,346.94,2024,traffic_area
23,cycle_path_km,103.47,2024,traffic_area
1,families_cohabiting_children,185.0,2024,families
2,families_cohabiting_children,1976.0,2024,families
3,families_cohabiting_children,1484.0,2024,families
4,families_cohabiting_children,530.0,2024,families
5,families_cohabiting_children,792.0,2024,families
6,families_cohabiting_children,458.0,2024,families
7,families_cohabiting_children,567.0,2024,families
8,families_cohabiting_children,349.0,2024,families
9,families_cohabiting_children,575.0,2024,families
10,families_cohabiting_children,3368.0,2024,families
11,families_cohabiting_children,1932.0,2024,families
12,families_cohabiting_children,1610.0,2024,families
13,families_cohabiting_children,935.0,2024,families
14,families_cohabiting_children,1848.0,2024,families
15,families_cohabiting_children,1137.0,2024,families
16,families_cohabiting_children,1647.0,2024,families
17,families_cohabiting_children,1006.0,2024,families
18,families_cohabiting_children,917.0,2024,families
19,families_cohabiting_children,1186.0,2024,families
20,families_cohabiting_children,1175.0,2024,families
21,families_cohabiting_children,3588.0,2024,families
22,families_cohabiting_children,4417.0,2024,families
23,families_cohabiting_children,2279.0,2024,families
1,families_cohabiting_no_children,461.0,2024,families
2,families_cohabiting_no_children,4246.0,2024,families
3,families_cohabiting_no_children,3937.0,2024,families
4,families_cohabiting_no_children,1355.0,2024,families
5,families_cohabiting_no_children,2401.0,2024,families
6,families_cohabiting_no_children,1515.0,2024,families
7,families_cohabiting_no_children,1654.0,2024,families
8,families_cohabiting_no_children,1084.0,2024,families
9,families_cohabiting_no_children,2087.0,2024,families
10,families_cohabiting_no_children,5551.0,2024,families
11,families_cohabiting_no_children,2855.0,2024,families
12,families_cohabiting_no_children,3311.0,2024,families
13,families_cohabiting_no_children,1476.0,2024,families
14,families_cohabiting_no_children,3165.0,2024,families
15,families_cohabiting_no_children,2827.0,2024,families
16,families_cohabiting_no_children,3388.0,2024,families
17,families_cohabiting_no_children,1994.0,2024,families
18,families_cohabiting_no_children,1896.0,2024,families
19,families_cohabiting_no_children,2084.0,2024,families
20,families_cohabiting_no_children,2754.0,2024,families
21,families_cohabiting_no_children,5048.0,2024,families
22,families_cohabiting_no_children,6463.0,2024,families
23,families_cohabiting_no_children,3208.0,2024,families
1,families_married_children,1036.0,2024,families
2,families_married_children,8275.0,2024,families
3,families_married_children,6820.0,2024,families
4,families_married_children,2235.0,2024,families
5,families_married_children,3341.0,2024,families
6,families_married_children,1706.0,2024,families
7,families_married_children,1728.0,2024,families
8,families_married_children,1400.0,2024,families
9,families_married_children,2507.0,2024,families
10,families_married_children,19653.0,2024,families
11,families_married_children,10452.0,2024,families
12,families_married_children,8221.0,2024,families
13,families_married_children,4754.0,2024,families
14,families_married_children,7766.0,2024,families
15,families_married_children,5142.0,2024,families
16,families_married_children,7497.0,2024,families
17,families_married_children,4222.0,2024,families
18,families_married_children,3837.0,2024,families
19,families_married_children,5873.0,2024,families
20,families_married_children,6457.0,2024,families
21,families_married_children,16861.0,2024,families
22,families_married_children,21502.0,2024,families
23,families_married_children,11582.0,2024,families
1,families_married_no_children,1118.0,2024,families
2,families_married_no_children,6486.0,2024,families
3,families_married_no_children,6168.0,2024,families
4,families_married_no_children,1998.0,2024,families
5,families_married_no_children,3157.0,2024,families
6,families_married_no_children,1839.0,2024,families
7,families_married_no_children,1879.0,2024,families
8,families_married_no_children,1419.0,2024,families
9,families_married_no_children,2334.0,2024,families
10,families_married_no_children,14822.0,2024,families
11,families_married_no_children,7894.0,2024,families
12,families_married_no_children,6488.0,2024,families
13,families_married_no_children,4269.0,2024,families
14,families_married_no_children,7520.0,2024,families
15,families_married_no_children,4421.0,2024,families
16,families_married_no_children,6732.0,2024,families
17,families_married_no_children,3759.0,2024,families
18,families_married_no_children,3140.0,2024,families
19,families_married_no_children,5148.0,2024,families
20,families_married_no_children,5423.0,2024,families
21,families_married_no_children,13946.0,2024,families
22,families_married_no_children,17403.0,2024,families
23,families_married_no_children,9888.0,2024,families
1,families_single_father,224.0,2024,families
2,families_single_father,881.0,2024,families
3,families_single_father,849.0,2024,families
4,families_single_father,278.0,2024,families
5,families_single_father,450.0,2024,families
6,families_single_father,281.0,2024,families
7,families_single_father,251.0,2024,families
8,families_single_father,205.0,2024,families
9,families_single_father,361.0,2024,families
10,families_single_father,1896.0,2024,families
11,families_single_father,846.0,2024,families
12,families_single_father,832.0,2024,families
13,families_single_father,443.0,2024,families
14,families_single_father,816.0,2024,families
15,families_single_father,661.0,2024,families
16,families_single_father,914.0,2024,families
17,families_single_father,474.0,2024,families
18,families_single_father,404.0,2024,families
19,families_single_father,647.0,2024,families
20,families_single_father,733.0,2024,families
21,families_single_father,1324.0,2024,families
22,families_single_father,1569.0,2024,families
23,families_single_father,900.0,2024,families
1,families_single_mother,784.0,2024,families
2,families_single_mother,4386.0,2024,families
3,families_single_mother,4007.0,2024,families
4,families_single_mother,1268.0,2024,families
5,families_single_mother,1951.0,2024,families
6,families_single_mother,1127.0,2024,families
7,families_single_mother,1084.0,2024,families
8,families_single_mother,886.0,2024,families
9,families_single_mother,1556.0,2024,families
10,families_single_mother,8294.0,2024,families
11,families_single_mother,4497.0,2024,families
12,families_single_mother,4015.0,2024,families
13,families_single_mother,2277.0,2024,families
14,families_single_mother,3812.0,2024,families
15,families_single_mother,2729.0,2024,families
16,families_single_mother,3860.0,2024,families
17,families_single_mother,2165.0,2024,families
18,families_single_mother,2145.0,2024,families
19,families_single_mother,3325.0,2024,families
20,families_single_mother,3431.0,2024,families
21,families_single_mother,7875.0,2024,families
22,families_single_mother,9360.0,2024,families
23,families_single_mother,4868.0,2024,families
1,gps_per_1000,6.17,2024,medical
2,gps_per_1000,0.79,2024,medical
3,gps_per_1000,0.79,2024,medical
4,gps_per_1000,1.06,2024,medical
5,gps_per_1000,0.72,2024,medical
6,gps_per_1000,1.34,2024,medical
7,gps_per_1000,1.62,2024,medical
8,gps_per_1000,2.16,2024,medical
9,gps_per_1000,1.44,2024,medical
10,gps_per_1000,0.43,2024,medical
11,gps_per_1000,0.4,2024,medical
12,gps_per_1000,0.66,2024,medical
13,gps_per_1000,1.5,2024,medical
14,gps_per_1000,0.61,2024,medical
15,gps_per_1000,0.58,2024,medical
16,gps_per_1000,0.55,2024,medical
17,gps_per_1000,0.65,2024,medical
18,gps_per_1000,1.32,2024,medical
19,gps_per_1000,1.07,2024,medical
20,gps_per_1000,0.45,2024,medical
21,gps_per_1000,0.42,2024,medical
22,gps_per_1000,0.43,2024,medical
23,gps_per_1000,0.59,2024,medical
1,net_income,37250.0,2021,income
2,net_income,24930.0,2021,income
3,net_income,27450.0,2021,income
4,net_income,29010.0,2021,income
5,net_income,23096.0,2021,income
6,net_income,26528.0,2021,income
7,net_income,27866.0,2021,income
8,net_income,28488.0,2021,income
9,net_income,27518.0,2021,income
10,net_income,21487.0,2021,income
11,net_income,22629.0,2021,income
12,net_income,22485.0,2021,income
13,net_income,31719.0,2021,income
14,net_income,26571.0,2021,income
15,net_income,20866.0,2021,income
16,net_income,22345.0,2021,income
17,net_income,23891.0,2021,income
18,net_income,28751.0,2021,income
19,net_income,29903.0,2021,income
20,net_income,21201.0,2021,income
21,net_income,24381.0,2021,income
22,net_income,26722.0,2021,income
23,net_income,27268.0,2021,income
1,overnight_stays_per_1000,161680.37,2024,tourism
2,overnight_stays_per_1000,21887.02,2024,tourism
3,overnight_stays_per_1000,21864.35,2024,tourism
4,overnight_stays_per_1000,16314.13,2024,tourism
5,overnight_stays_per_1000,11389.54,2024,tourism
6,overnight_stays_per_1000,24346.4,2024,tourism
7,overnight_stays_per_1000,34190.59,2024,tourism
8,overnight_stays_per_1000,21136.41,2024,tourism
9,overnight_stays_per_1000,15452.72,2024,tourism
10,overnight_stays_per_1000,11058.55,2024,tourism
11,overnight_stays_per_1000,2469.39,2024,tourism
12,overnight_stays_per_1000,5249.39,2024,tourism
13,overnight_stays_per_1000,3921.34,2024,tourism
14,overnight_stays_per_1000,3246.61,2024,tourism
15,overnight_stays_per_1000,17706.39,2024,tourism
16,overnight_stays_per_1000,2601.62,2024,tourism
17,overnight_stays_per_1000,6058.04,2024,tourism
18,overnight_stays_per_1000,1156.81,2024,tourism
19,overnight_stays_per_1000,2618.67,2024,tourism
20,overnight_stays_per_1000,5107.64,2024,tourism
21,overnight_stays_per_1000,804.79,2024,tourism
22,overnight_stays_per_1000,3628.36,2024,tourism
23,overnight_stays_per_1000,593.09,2024,tourism
1,pct_tertiary_education,53.42,2023,education
2,pct_tertiary_education,40.55,2023,education
3,pct_tertiary_education,42.99,2023,education
4,pct_tertiary_education,50.77,2023,education
5,pct_tertiary_education,38.19,2023,education
6,pct_tertiary_education,49.65,2023,education
7,pct_tertiary_education,55.62,2023,education
8,pct_tertiary_education,54.39,2023,education
9,pct_tertiary_education,54.21,2023,education
10,pct_tertiary_education,17.78,2023,education
11,pct_tertiary_education,15.6,2023,education
12,pct_tertiary_education,25.4,2023,education
13,pct_tertiary_education,44.9,2023,education
14,pct_tertiary_education,33.14,2023,education
15,pct_tertiary_education,29.75,2023,education
16,pct_tertiary_education,28.39,2023,education
17,pct_tertiary_education,35.92,2023,education
18,pct_tertiary_education,51.81,2023,education
19,pct_tertiary_education,43.21,2023,education
20,pct_tertiary_education,26.06,2023,education
21,pct_tertiary_education,19.71,2023,education
22,pct_tertiary_education,24.84,2023,education
23,pct_tertiary_education,25.6,2023,education
1,pedestrian_zone_m2,95101.0,2024,traffic_area
2,pedestrian_zone_m2,34365.0,2024,traffic_area
3,pedestrian_zone_m2,6300.0,2024,traffic_area
4,pedestrian_zone_m2,0.0,2024,traffic_area
5,pedestrian_zone_m2,7497.0,2024,traffic_area
6,pedestrian_zone_m2,13661.0,2024,traffic_area
7,pedestrian_zone_m2,13073.0,2024,traffic_area
8,pedestrian_zone_m2,3885.0,2024,traffic_area
9,pedestrian_zone_m2,7868.0,2024,traffic_area
10,pedestrian_zone_m2,61166.0,2024,traffic_area
11,pedestrian_zone_m2,2419.0,2024,traffic_area
12,pedestrian_zone_m2,21029.0,2024,traffic_area
13,pedestrian_zone_m2,0.0,2024,traffic_area
14,pedestrian_zone_m2,4595.0,2024,traffic_area
15,pedestrian_zone_m2,20372.0,2024,traffic_area
16,pedestrian_zone_m2,11359.0,2024,traffic_area
17,pedestrian_zone_m2,4512.0,2024,traffic_area
18,pedestrian_zone_m2,8929.0,2024,traffic_area
19,pedestrian_zone_m2,394.0,2024,traffic_area
20,pedestrian_zone_m2,14088.0,2024,traffic_area
21,pedestrian_zone_m2,11911.0,2024,traffic_area
22,pedestrian_zone_m2,47663.0,2024,traffic_area
23,pedestrian_zone_m2,6160.0,2024,traffic_area
1,people_cohabiting_household,1717.0,2024,households
2,people_cohabiting_household,16192.0,2024,households
3,people_cohabiting_household,13876.0,2024,households
4,people_cohabiting_household,4878.0,2024,households
5,people_cohabiting_household,8131.0,2024,households
6,people_cohabiting_household,4988.0,2024,households
7,people_cohabiting_household,5804.0,2024,households
8,people_cohabiting_household,3692.0,2024,households
9,people_cohabiting_household,6685.0,2024,households
10,people_cohabiting_household,24398.0,2024,households
11,people_cohabiting_household,13062.0,2024,households
12,people_cohabiting_household,12891.0,2024,households
13,people_cohabiting_household,6535.0,2024,households
14,people_cohabiting_household,13277.0,2024,households
15,people_cohabiting_household,10321.0,2024,households
16,people_cohabiting_household,13312.0,2024,households
17,people_cohabiting_household,7989.0,2024,households
18,people_cohabiting_household,7450.0,2024,households
19,people_cohabiting_household,8771.0,2024,households
20,people_cohabiting_household,10239.0,2024,households
21,people_cohabiting_household,23723.0,2024,households
22,people_cohabiting_household,29306.0,2024,households
23,people_cohabiting_household,14844.0,2024,households
1,people_married_household,6179.0,2024,households
2,people_married_household,45191.0,2024,households
3,people_married_household,38155.0,2024,households
4,people_married_household,12374.0,2024,households
5,people_married_household,19055.0,2024,households
6,people_married_household,10040.0,2024,households
7,people_married_household,10174.0,2024,households
8,people_married_household,7880.0,2024,households
9,people_married_household,14027.0,2024,households
10,people_married_household,106707.0,2024,households
11,people_married_household,55943.0,2024,households
12,people_married_household,44818.0,2024,households
13,people_married_household,26299.0,2024,households
14,people_married_household,44051.0,2024,households
15,people_married_household,28481.0,2024,households
16,people_married_household,42130.0,2024,households
17,people_married_household,23483.0,2024,households
18,people_married_household,20703.0,2024,households
19,people_married_household,32530.0,2024,households
20,people_married_household,36316.0,2024,households
21,people_married_household,92841.0,2024,households
22,people_married_household,115999.0,2024,households
23,people_married_household,63200.0,2024,households
1,people_shared_household,895.0,2024,households
2,people_shared_household,6015.0,2024,households
3,people_shared_household,5596.0,2024,households
4,people_shared_household,1949.0,2024,households
5,people_shared_household,4271.0,2024,households
6,people_shared_household,2252.0,2024,households
7,people_shared_household,2310.0,2024,households
8,people_shared_household,1563.0,2024,households
9,people_shared_household,2977.0,2024,households
10,people_shared_household,11298.0,2024,households
11,people_shared_household,4034.0,2024,households
12,people_shared_household,5328.0,2024,households
13,people_shared_household,1630.0,2024,households
14,people_shared_household,3979.0,2024,households
15,people_shared_household,5807.0,2024,households
16,people_shared_household,6337.0,2024,households
17,people_shared_household,3317.0,2024,households
18,people_shared_household,2492.0,2024,households
19,people_shared_household,2856.0,2024,households
20,people_shared_household,5175.0,2024,households
21,people_shared_household,6130.0,2024,households
22,people_shared_household,6155.0,2024,households
23,people_shared_household,3105.0,2024,households
1,people_single_father_household,543.0,2024,households
2,people_single_father_household,2235.0,2024,households
3,people_single_father_household,2097.0,2024,households
4,people_single_father_household,714.0,2024,households
5,people_single_father_household,1187.0,2024,households
6,people_single_father_household,662.0,2024,households
7,people_single_father_household,587.0,2024,households
8,people_single_father_household,475.0,2024,households
9,people_single_father_household,854.0,2024,households
10,people_single_father_household,5234.0,2024,households
11,people_single_father_household,2067.0,2024,households
12,people_single_father_household,2203.0,2024,households
13,people_single_father_household,1019.0,2024,households
14,people_single_father_household,2063.0,2024,households
15,people_single_father_household,1857.0,2024,households
16,people_single_father_household,2384.0,2024,households
17,people_single_father_household,1189.0,2024,households
18,people_single_father_household,991.0,2024,households
19,people_single_father_household,1572.0,2024,households
20,people_single_father_household,1953.0,2024,households
21,people_single_father_household,3180.0,2024,households
22,people_single_father_household,3654.0,2024,households
23,people_single_father_household,2103.0,2024,households
1,people_single_household,4249.0,2024,households
2,people_single_household,25322.0,2024,households
3,people_single_household,25555.0,2024,households
4,people_single_household,8116.0,2024,households
5,people_single_household,14762.0,2024,households
6,people_single_household,8219.0,2024,households
7,people_single_household,8705.0,2024,households
8,people_single_household,6212.0,2024,households
9,people_single_household,11160.0,2024,households
10,people_single_household,42611.0,2024,households
11,people_single_household,20303.0,2024,households
12,people_single_household,22910.0,2024,households
13,people_single_household,11965.0,2024,households
14,people_single_household,22362.0,2024,households
15,people_single_household,18774.0,2024,households
16,people_single_household,24547.0,2024,households
17,people_single_household,13027.0,2024,households
18,people_single_household,12550.0,2024,households
19,people_single_household,17287.0,2024,households
20,people_single_household,19910.0,2024,households
21,people_single_household,36469.0,2024,households
22,people_single_household,39932.0,2024,households
23,people_single_household,22850.0,2024,households
1,people_single_mother_household,1884.0,2024,households
2,people_single_mother_household,10593.0,2024,households
3,people_single_mother_household,9611.0,2024,households
4,people_single_mother_household,3088.0,2024,households
5,people_single_mother_household,4772.0,2024,households
6,people_single_mother_household,2708.0,2024,households
7,people_single_mother_household,2541.0,2024,households
8,people_single_mother_household,2117.0,2024,households
9,people_single_mother_household,3754.0,2024,households
10,people_single_mother_household,20704.0,2024,households
11,people_single_mother_household,11149.0,2024,households
12,people_single_mother_household,9859.0,2024,households
13,people_single_mother_household,5522.0,2024,households
14,people_single_mother_household,9084.0,2024,households
15,people_single_mother_household,6664.0,2024,households
16,people_single_mother_household,9301.0,2024,households
17,people_single_mother_household,5259.0,2024,households
18,people_single_mother_household,5224.0,2024,households
19,people_single_mother_household,8159.0,2024,households
20,people_single_mother_household,8458.0,2024,households
21,people_single_mother_household,19747.0,2024,households
22,people_single_mother_household,22884.0,2024,households
23,people_single_mother_household,11776.0,2024,households
1,pharmacies_per_1000,1.27,2024,medical
2,pharmacies_per_1000,0.21,2024,medical
3,pharmacies_per_1000,0.17,2024,medical
4,pharmacies_per_1000,0.21,2024,medical
5,pharmacies_per_1000,0.17,2024,medical
6,pharmacies_per_1000,0.22,2024,medical
7,pharmacies_per_1000,0.29,2024,medical
8,pharmacies_per_1000,0.2,2024,medical
9,pharmacies_per_1000,0.31,2024,medical
10,pharmacies_per_1000,0.14,2024,medical
11,pharmacies_per_1000,0.11,2024,medical
12,pharmacies_per_1000,0.16,2024,medical
13,pharmacies_per_1000,0.14,2024,medical
14,pharmacies_per_1000,0.15,2024,medical
15,pharmacies_per_1000,0.18,2024,medical
16,pharmacies_per_1000,0.15,2024,medical
17,pharmacies_per_1000,0.19,2024,medical
18,pharmacies_per_1000,0.21,2024,medical
19,pharmacies_per_1000,0.16,2024,medical
20,pharmacies_per_1000,0.15,2024,medical
21,pharmacies_per_1000,0.14,2024,medical
22,pharmacies_per_1000,0.12,2024,medical
23,pharmacies_per_1000,0.17,2024,medical
1,population,16281.0,2025,density
2,population,112675.0,2025,density
3,population,98881.0,2025,density
4,population,33444.0,2025,density
5,population,54581.0,2025,density
6,population,31083.0,2025,density
7,population,31330.0,2025,density
8,population,24242.0,2025,density
9,population,41664.0,2025,density
10,population,223190.0,2025,density
11,population,112149.0,2025,density
12,population,102393.0,2025,density
13,population,56108.0,2025,density
14,population,99049.0,2025,density
15,population,75902.0,2025,density
16,population,102727.0,2025,density
17,population,56767.0,2025,density
18,population,51376.0,2025,density
19,population,76074.0,2025,density
20,population,86950.0,2025,density
21,population,189551.0,2025,density
22,population,228158.0,2025,density
23,population,123714.0,2025,density
1,population_density,5675.25,2025,density
2,population_density,5855.68,2025,density
3,population_density,13366.38,2025,density
4,population_density,18839.48,2025,density
5,population_density,27132.61,2025,density
6,population_density,21362.25,2025,density
7,population_density,19480.82,2025,density
8,population_density,22241.48,2025,density
9,population_density,14040.65,2025,density
10,population_density,7012.26,2025,density
11,population_density,4822.3,2025,density
12,population_density,12636.04,2025,density
13,population_density,1487.69,2025,density
14,population_density,2933.63,2025,density
15,population_density,19370.35,2025,density
16,population_density,11844.39,2025,density
17,population_density,4983.41,2025,density
18,population_density,8094.27,2025,density
19,population_density,3049.81,2025,density
20,population_density,15226.41,2025,density
21,population_density,4265.01,2025,density
22,population_density,2230.29,2025,density
23,population_density,3858.62,2025,density
1,road_area_m2,497188.0,2024,traffic_area
2,road_area_m2,1081759.0,2024,traffic_area
3,road_area_m2,928618.0,2024,traffic_area
4,road_area_m2,267773.0,2024,traffic_area
5,road_area_m2,379649.0,2024,traffic_area
6,road_area_m2,232112.0,2024,traffic_area
7,road_area_m2,206972.0,2024,traffic_area
8,road_area_m2,168414.0,2024,traffic_area
9,road_area_m2,478310.0,2024,traffic_area
10,road_area_m2,1944527.0,2024,traffic_area
11,road_area_m2,1264676.0,2024,traffic_area
12,road_area_m2,922621.0,2024,traffic_area
13,road_area_m2,1106986.0,2024,traffic_area
14,road_area_m2,1382893.0,2024,traffic_area
15,road_area_m2,599583.0,2024,traffic_area
16,road_area_m2,815135.0,2024,traffic_area
17,road_area_m2,645002.0,2024,traffic_area
18,road_area_m2,566897.0,2024,traffic_area
19,road_area_m2,1328497.0,2024,traffic_area
20,road_area_m2,673293.0,2024,traffic_area
21,road_area_m2,2477151.0,2024,traffic_area
22,road_area_m2,3545902.0,2024,traffic_area
23,road_area_m2,2085792.0,2024,traffic_area
1,specialists_per_1000,25.76,2024,medical
2,specialists_per_1000,1.69,2024,medical
3,specialists_per_1000,2.25,2024,medical
4,specialists_per_1000,3.89,2024,medical
5,specialists_per_1000,1.84,2024,medical
6,specialists_per_1000,4.87,2024,medical
7,specialists_per_1000,4.44,2024,medical
8,specialists_per_1000,11.76,2024,medical
9,specialists_per_1000,11.94,2024,medical
10,specialists_per_1000,0.56,2024,medical
11,specialists_per_1000,0.52,2024,medical
12,specialists_per_1000,1.05,2024,medical
13,specialists_per_1000,5.12,2024,medical
14,specialists_per_1000,1.52,2024,medical
15,specialists_per_1000,1.03,2024,medical
16,specialists_per_1000,1.01,2024,medical
17,specialists_per_1000,2.7,2024,medical
18,specialists_per_1000,5.64,2024,medical
19,specialists_per_1000,5.72,2024,medical
20,specialists_per_1000,0.87,2024,medical
21,specialists_per_1000,0.77,2024,medical
22,specialists_per_1000,0.98,2024,medical
23,specialists_per_1000,1.08,2024,medical
1,unemployed_per_1000,35.05,2023,unemployment
2,unemployed_per_1000,96.55,2023,unemployment
3,unemployed_per_1000,80.61,2023,unemployment
4,unemployed_per_1000,78.41,2023,unemployment
5,unemployed_per_1000,107.32,2023,unemployment
6,unemployed_per_1000,74.36,2023,unemployment
7,unemployed_per_1000,59.43,2023,unemployment
8,unemployed_per_1000,53.03,2023,unemployment
9,unemployed_per_1000,58.13,2023,unemployment
10,unemployed_per_1000,142.87,2023,unemployment
11,unemployed_per_1000,128.31,2023,unemployment
12,unemployed_per_1000,131.65,2023,unemployment
13,unemployed_per_1000,70.53,2023,unemployment
14,unemployed_per_1000,95.85,2023,unemployment
15,unemployed_per_1000,132.97,2023,unemployment
16,unemployed_per_1000,117.49,2023,unemployment
17,unemployed_per_1000,101.06,2023,unemployment
18,unemployed_per_1000,66.28,2023,unemployment
19,unemployed_per_1000,74.97,2023,unemployment
20,unemployed_per_1000,137.44,2023,unemployment
21,unemployed_per_1000,112.1,2023,unemployment
22,unemployed_per_1000,83.14,2023,unemployment
23,unemployed_per_1000,90.18,2023,unemployment
