"""d01""","""Innere Stadt"""
"""d02""","""Leopoldstadt"""
"""d03""","""Landstraße"""
"""d04""","""Wieden"""
"""d06""","""Mariahilf"""
"""d07""","""Neubau"""
"""d08""","""Josefstadt"""
"""d09""","""Alsergrund"""
"""d11""","""Simmering"""
"""d20""","""Brigittenau"""
"""d22""","""Donaustadt"""
"""d10""","""Favoriten"""
"""d05""","""Margareten"""
"""d12""","""Meidling"""
"""d15""","""Rudolfsheim-Fünfhaus"""
"""d16""","""Ottakring"""
"""d17""","""Hernals"""
"""d18""","""Währing"""
"""d19""","""Döbling"""
"""d23""","""Liesing"""
"""d13""","""Hietzing"""
"""d14""","""Penzing"""
"""d21""","""Floridsdorf"""
