"""d01""","""d01""",0
"""d01""","""d02""",4
"""d01""","""d03""",8
"""d01""","""d04""",13
"""d01""","""d06""",17
"""d01""","""d07""",3
"""d01""","""d08""",12
"""d01""","""d09""",9
"""d01""","""d11""",18
"""d01""","""d20""",13
"""d01""","""d22""",17
"""d01""","""d10""",18
"""d01""","""d05""",16
"""d01""","""d12""",22
"""d01""","""d15""",12
"""d01""","""d16""",13
"""d01""","""d17""",12
"""d01""","""d18""",6
"""d01""","""d19""",15
"""d01""","""d23""",27
"""d01""","""d13""",20
"""d01""","""d14""",16
"""d01""","""d21""",20
"""d02""","""d01""",4
"""d02""","""d02""",0
"""d02""","""d03""",9
"""d02""","""d04""",16
"""d02""","""d06""",20
"""d02""","""d07""",7
"""d02""","""d08""",16
"""d02""","""d09""",10
"""d02""","""d11""",19
"""d02""","""d20""",11
"""d02""","""d22""",9
"""d02""","""d10""",17
"""d02""","""d05""",15
"""d02""","""d12""",24
"""d02""","""d15""",15
"""d02""","""d16""",17
"""d02""","""d17""",20
"""d02""","""d18""",14
"""d02""","""d19""",16
"""d02""","""d23""",29
"""d02""","""d13""",19
"""d02""","""d14""",19
"""d02""","""d21""",19
"""d03""","""d01""",9
"""d03""","""d02""",7
"""d03""","""d03""",0
"""d03""","""d04""",13
"""d03""","""d06""",14
"""d03""","""d07""",4
"""d03""","""d08""",17
"""d03""","""d09""",7
"""d03""","""d11""",9
"""d03""","""d20""",14
"""d03""","""d22""",16
"""d03""","""d10""",16
"""d03""","""d05""",14
"""d03""","""d12""",17
"""d03""","""d15""",9
"""d03""","""d16""",14
"""d03""","""d17""",23
"""d03""","""d18""",14
"""d03""","""d19""",13
"""d03""","""d23""",22
"""d03""","""d13""",12
"""d03""","""d14""",13
"""d03""","""d21""",18
"""d04""","""d01""",14
"""d04""","""d02""",13
"""d04""","""d03""",11
"""d04""","""d04""",0
"""d04""","""d06""",14
"""d04""","""d07""",11
"""d04""","""d08""",21
"""d04""","""d09""",18
"""d04""","""d11""",24
"""d04""","""d20""",25
"""d04""","""d22""",22
"""d04""","""d10""",4
"""d04""","""d05""",2
"""d04""","""d12""",14
"""d04""","""d15""",16
"""d04""","""d16""",18
"""d04""","""d17""",27
"""d04""","""d18""",24
"""d04""","""d19""",24
"""d04""","""d23""",23
"""d04""","""d13""",16
"""d04""","""d14""",21
"""d04""","""d21""",29
"""d06""","""d01""",18
"""d06""","""d02""",19
"""d06""","""d03""",13
"""d06""","""d04""",15
"""d06""","""d06""",0
"""d06""","""d07""",10
"""d06""","""d08""",6
"""d06""","""d09""",14
"""d06""","""d11""",24
"""d06""","""d20""",17
"""d06""","""d22""",28
"""d06""","""d10""",7
"""d06""","""d05""",9
"""d06""","""d12""",5
"""d06""","""d15""",2
"""d06""","""d16""",5
"""d06""","""d17""",14
"""d06""","""d18""",11
"""d06""","""d19""",20
"""d06""","""d23""",10
"""d06""","""d13""",8
"""d06""","""d14""",10
"""d06""","""d21""",21
"""d07""","""d01""",4
"""d07""","""d02""",8
"""d07""","""d03""",5
"""d07""","""d04""",13
"""d07""","""d06""",10
"""d07""","""d07""",0
"""d07""","""d08""",11
"""d07""","""d09""",13
"""d07""","""d11""",14
"""d07""","""d20""",17
"""d07""","""d22""",19
"""d07""","""d10""",17
"""d07""","""d05""",16
"""d07""","""d12""",15
"""d07""","""d15""",5
"""d07""","""d16""",6
"""d07""","""d17""",15
"""d07""","""d18""",14
"""d07""","""d19""",19
"""d07""","""d23""",20
"""d07""","""d13""",16
"""d07""","""d14""",9
"""d07""","""d21""",24
"""d08""","""d01""",11
"""d08""","""d02""",15
"""d08""","""d03""",18
"""d08""","""d04""",21
"""d08""","""d06""",6
"""d08""","""d07""",10
"""d08""","""d08""",0
"""d08""","""d09""",8
"""d08""","""d11""",27
"""d08""","""d20""",11
"""d08""","""d22""",28
"""d08""","""d10""",17
"""d08""","""d05""",19
"""d08""","""d12""",11
"""d08""","""d15""",5
"""d08""","""d16""",2
"""d08""","""d17""",4
"""d08""","""d18""",5
"""d08""","""d19""",14
"""d08""","""d23""",16
"""d08""","""d13""",14
"""d08""","""d14""",13
"""d08""","""d21""",15
"""d09""","""d01""",11
"""d09""","""d02""",12
"""d09""","""d03""",8
"""d09""","""d04""",21
"""d09""","""d06""",13
"""d09""","""d07""",14
"""d09""","""d08""",7
"""d09""","""d09""",0
"""d09""","""d11""",21
"""d09""","""d20""",3
"""d09""","""d22""",21
"""d09""","""d10""",24
"""d09""","""d05""",22
"""d09""","""d12""",18
"""d09""","""d15""",12
"""d09""","""d16""",9
"""d09""","""d17""",15
"""d09""","""d18""",3
"""d09""","""d19""",2
"""d09""","""d23""",23
"""d09""","""d13""",20
"""d09""","""d14""",20
"""d09""","""d21""",7
"""d11""","""d01""",21
"""d11""","""d02""",18
"""d11""","""d03""",9
"""d11""","""d04""",23
"""d11""","""d06""",22
"""d11""","""d07""",13
"""d11""","""d08""",26
"""d11""","""d09""",20
"""d11""","""d11""",0
"""d11""","""d20""",27
"""d11""","""d22""",27
"""d11""","""d10""",15
"""d11""","""d05""",20
"""d11""","""d12""",28
"""d11""","""d15""",18
"""d11""","""d16""",23
"""d11""","""d17""",32
"""d11""","""d18""",27
"""d11""","""d19""",26
"""d11""","""d23""",33
"""d11""","""d13""",25
"""d11""","""d14""",22
"""d11""","""d21""",31
"""d20""","""d01""",14
"""d20""","""d02""",12
"""d20""","""d03""",15
"""d20""","""d04""",28
"""d20""","""d06""",16
"""d20""","""d07""",17
"""d20""","""d08""",10
"""d20""","""d09""",3
"""d20""","""d11""",28
"""d20""","""d20""",0
"""d20""","""d22""",18
"""d20""","""d10""",27
"""d20""","""d05""",27
"""d20""","""d12""",21
"""d20""","""d15""",15
"""d20""","""d16""",12
"""d20""","""d17""",18
"""d20""","""d18""",6
"""d20""","""d19""",9
"""d20""","""d23""",26
"""d20""","""d13""",24
"""d20""","""d14""",23
"""d20""","""d21""",4
"""d22""","""d01""",17
"""d22""","""d02""",9
"""d22""","""d03""",18
"""d22""","""d04""",25
"""d22""","""d06""",29
"""d22""","""d07""",19
"""d22""","""d08""",28
"""d22""","""d09""",21
"""d22""","""d11""",28
"""d22""","""d20""",18
"""d22""","""d22""",0
"""d22""","""d10""",26
"""d22""","""d05""",24
"""d22""","""d12""",33
"""d22""","""d15""",24
"""d22""","""d16""",29
"""d22""","""d17""",33
"""d22""","""d18""",24
"""d22""","""d19""",27
"""d22""","""d23""",38
"""d22""","""d13""",28
"""d22""","""d14""",28
"""d22""","""d21""",9
"""d10""","""d01""",18
"""d10""","""d02""",16
"""d10""","""d03""",15
"""d10""","""d04""",4
"""d10""","""d06""",7
"""d10""","""d07""",15
"""d10""","""d08""",17
"""d10""","""d09""",22
"""d10""","""d11""",18
"""d10""","""d20""",28
"""d10""","""d22""",25
"""d10""","""d10""",0
"""d10""","""d05""",1
"""d10""","""d12""",10
"""d10""","""d15""",9
"""d10""","""d16""",16
"""d10""","""d17""",25
"""d10""","""d18""",22
"""d10""","""d19""",28
"""d10""","""d23""",19
"""d10""","""d13""",14
"""d10""","""d14""",17
"""d10""","""d21""",32
"""d05""","""d01""",18
"""d05""","""d02""",15
"""d05""","""d03""",15
"""d05""","""d04""",3
"""d05""","""d06""",10
"""d05""","""d07""",15
"""d05""","""d08""",20
"""d05""","""d09""",22
"""d05""","""d11""",22
"""d05""","""d20""",28
"""d05""","""d22""",24
"""d05""","""d10""",2
"""d05""","""d05""",0
"""d05""","""d12""",12
"""d05""","""d15""",13
"""d05""","""d16""",19
"""d05""","""d17""",28
"""d05""","""d18""",25
"""d05""","""d19""",28
"""d05""","""d23""",21
"""d05""","""d13""",16
"""d05""","""d14""",21
"""d05""","""d21""",33
"""d12""","""d01""",22
"""d12""","""d02""",23
"""d12""","""d03""",17
"""d12""","""d04""",14
"""d12""","""d06""",4
"""d12""","""d07""",14
"""d12""","""d08""",10
"""d12""","""d09""",18
"""d12""","""d11""",28
"""d12""","""d20""",21
"""d12""","""d22""",32
"""d12""","""d10""",9
"""d12""","""d05""",10
"""d12""","""d12""",0
"""d12""","""d15""",6
"""d12""","""d16""",9
"""d12""","""d17""",18
"""d12""","""d18""",15
"""d12""","""d19""",24
"""d12""","""d23""",5
"""d12""","""d13""",9
"""d12""","""d14""",14
"""d12""","""d21""",25
"""d15""","""d01""",12
"""d15""","""d02""",14
"""d15""","""d03""",9
"""d15""","""d04""",16
"""d15""","""d06""",1
"""d15""","""d07""",4
"""d15""","""d08""",4
"""d15""","""d09""",12
"""d15""","""d11""",18
"""d15""","""d20""",15
"""d15""","""d22""",23
"""d15""","""d10""",9
"""d15""","""d05""",12
"""d15""","""d12""",6
"""d15""","""d15""",0
"""d15""","""d16""",3
"""d15""","""d17""",12
"""d15""","""d18""",9
"""d15""","""d19""",18
"""d15""","""d23""",11
"""d15""","""d13""",9
"""d15""","""d14""",4
"""d15""","""d21""",19
"""d16""","""d01""",13
"""d16""","""d02""",17
"""d16""","""d03""",14
"""d16""","""d04""",19
"""d16""","""d06""",4
"""d16""","""d07""",5
"""d16""","""d08""",1
"""d16""","""d09""",9
"""d16""","""d11""",23
"""d16""","""d20""",12
"""d16""","""d22""",27
"""d16""","""d10""",15
"""d16""","""d05""",17
"""d16""","""d12""",9
"""d16""","""d15""",3
"""d16""","""d16""",0
"""d16""","""d17""",9
"""d16""","""d18""",6
"""d16""","""d19""",15
"""d16""","""d23""",14
"""d16""","""d13""",12
"""d16""","""d14""",11
"""d16""","""d21""",16
"""d17""","""d01""",12
"""d17""","""d02""",20
"""d17""","""d03""",23
"""d17""","""d04""",26
"""d17""","""d06""",15
"""d17""","""d07""",14
"""d17""","""d08""",5
"""d17""","""d09""",17
"""d17""","""d11""",32
"""d17""","""d20""",20
"""d17""","""d22""",33
"""d17""","""d10""",26
"""d17""","""d05""",28
"""d17""","""d12""",20
"""d17""","""d15""",13
"""d17""","""d16""",9
"""d17""","""d17""",0
"""d17""","""d18""",14
"""d17""","""d19""",23
"""d17""","""d23""",25
"""d17""","""d13""",21
"""d17""","""d14""",14
"""d17""","""d21""",24
"""d18""","""d01""",6
"""d18""","""d02""",14
"""d18""","""d03""",15
"""d18""","""d04""",23
"""d18""","""d06""",10
"""d18""","""d07""",13
"""d18""","""d08""",4
"""d18""","""d09""",3
"""d18""","""d11""",28
"""d18""","""d20""",6
"""d18""","""d22""",24
"""d18""","""d10""",21
"""d18""","""d05""",23
"""d18""","""d12""",15
"""d18""","""d15""",9
"""d18""","""d16""",6
"""d18""","""d17""",12
"""d18""","""d18""",0
"""d18""","""d19""",9
"""d18""","""d23""",20
"""d18""","""d13""",18
"""d18""","""d14""",17
"""d18""","""d21""",10
"""d19""","""d01""",16
"""d19""","""d02""",18
"""d19""","""d03""",14
"""d19""","""d04""",27
"""d19""","""d06""",19
"""d19""","""d07""",20
"""d19""","""d08""",13
"""d19""","""d09""",2
"""d19""","""d11""",27
"""d19""","""d20""",9
"""d19""","""d22""",27
"""d19""","""d10""",30
"""d19""","""d05""",28
"""d19""","""d12""",24
"""d19""","""d15""",18
"""d19""","""d16""",15
"""d19""","""d17""",21
"""d19""","""d18""",9
"""d19""","""d19""",0
"""d19""","""d23""",29
"""d19""","""d13""",26
"""d19""","""d14""",26
"""d19""","""d21""",13
"""d23""","""d01""",27
"""d23""","""d02""",28
"""d23""","""d03""",22
"""d23""","""d04""",23
"""d23""","""d06""",9
"""d23""","""d07""",19
"""d23""","""d08""",15
"""d23""","""d09""",23
"""d23""","""d11""",33
"""d23""","""d20""",26
"""d23""","""d22""",37
"""d23""","""d10""",18
"""d23""","""d05""",19
"""d23""","""d12""",5
"""d23""","""d15""",11
"""d23""","""d16""",14
"""d23""","""d17""",23
"""d23""","""d18""",20
"""d23""","""d19""",29
"""d23""","""d23""",0
"""d23""","""d13""",14
"""d23""","""d14""",19
"""d23""","""d21""",30
"""d13""","""d01""",21
"""d13""","""d02""",19
"""d13""","""d03""",13
"""d13""","""d04""",16
"""d13""","""d06""",8
"""d13""","""d07""",17
"""d13""","""d08""",14
"""d13""","""d09""",20
"""d13""","""d11""",26
"""d13""","""d20""",25
"""d13""","""d22""",28
"""d13""","""d10""",14
"""d13""","""d05""",17
"""d13""","""d12""",10
"""d13""","""d15""",10
"""d13""","""d16""",13
"""d13""","""d17""",20
"""d13""","""d18""",19
"""d13""","""d19""",26
"""d13""","""d23""",15
"""d13""","""d13""",0
"""d13""","""d14""",11
"""d13""","""d21""",29
"""d14""","""d01""",17
"""d14""","""d02""",19
"""d14""","""d03""",14
"""d14""","""d04""",21
"""d14""","""d06""",10
"""d14""","""d07""",9
"""d14""","""d08""",13
"""d14""","""d09""",21
"""d14""","""d11""",23
"""d14""","""d20""",24
"""d14""","""d22""",28
"""d14""","""d10""",18
"""d14""","""d05""",21
"""d14""","""d12""",15
"""d14""","""d15""",5
"""d14""","""d16""",12
"""d14""","""d17""",11
"""d14""","""d18""",18
"""d14""","""d19""",27
"""d14""","""d23""",20
"""d14""","""d13""",12
"""d14""","""d14""",0
"""d14""","""d21""",28
"""d21""","""d01""",21
"""d21""","""d02""",21
"""d21""","""d03""",20
"""d21""","""d04""",33
"""d21""","""d06""",21
"""d21""","""d07""",25
"""d21""","""d08""",15
"""d21""","""d09""",8
"""d21""","""d11""",33
"""d21""","""d20""",5
"""d21""","""d22""",10
"""d21""","""d10""",32
"""d21""","""d05""",34
"""d21""","""d12""",26
"""d21""","""d15""",20
"""d21""","""d16""",17
"""d21""","""d17""",23
"""d21""","""d18""",11
"""d21""","""d19""",14
"""d21""","""d23""",31
"""d21""","""d13""",29
"""d21""","""d14""",28
"""d21""","""d21""",0
