"""d01""","""car_free""","""cycle_km_per_km2""","""high"""
"""d01""","""car_free""","""stations_per_km2""","""high"""
"""d01""","""culture""","""museums""","""high"""
"""d01""","""culture""","""overnight_stays_per_1000""","""high"""
"""d01""","""family""","""kindergartens_per_10k""","""high"""
"""d01""","""family""","""park_share""","""high"""
"""d01""","""food""","""food_per_km2""","""high"""
"""d01""","""going_out""","""nightlife_per_km2""","""high"""
"""d01""","""green_quiet""","""park_share""","""high"""
"""d01""","""healthcare""","""gps_per_1000""","""high"""
"""d01""","""healthcare""","""pharmacies_per_1000""","""high"""
"""d01""","""healthcare""","""specialists_per_1000""","""high"""
"""d01""","""sport_fitness""","""fitness_per_10k""","""high"""
"""d01""","""students""","""nightlife_per_km2""","""high"""
"""d01""","""students""","""single_household_share""","""high"""
"""d01""","""students""","""universities""","""high"""
"""d01""","""well_connected""","""minutes_to_centre""","""low"""
"""d01""","""well_connected""","""stations_per_km2""","""high"""
"""d01""","""well_connected""","""subway_lines""","""high"""
"""d02""","""car_free""","""cars_per_1000""","""low"""
"""d02""","""culture""","""museums""","""high"""
"""d02""","""culture""","""overnight_stays_per_1000""","""high"""
"""d02""","""family""","""kindergartens_per_10k""","""high"""
"""d02""","""family""","""park_share""","""high"""
"""d02""","""family""","""playgrounds_per_10k""","""high"""
"""d02""","""green_quiet""","""park_share""","""high"""
"""d02""","""green_quiet""","""road_share""","""low"""
"""d02""","""healthcare""","""pharmacies_per_1000""","""high"""
"""d02""","""sport_basketball""","""basketball_per_10k""","""high"""
"""d02""","""sport_fitness""","""fitness_per_10k""","""high"""
"""d02""","""sport_football""","""football_per_10k""","""high"""
"""d02""","""sport_swimming""","""swimming_per_10k""","""high"""
"""d02""","""sport_tennis""","""tennis_per_10k""","""high"""
"""d02""","""sport_volleyball""","""volleyball_per_10k""","""high"""
"""d02""","""students""","""avg_age""","""low"""
"""d02""","""students""","""universities""","""high"""
"""d02""","""well_connected""","""minutes_to_centre""","""low"""
"""d03""","""car_free""","""stations_per_km2""","""high"""
"""d03""","""culture""","""museums""","""high"""
"""d03""","""culture""","""overnight_stays_per_1000""","""high"""
"""d03""","""family""","""kindergartens_per_10k""","""high"""
"""d03""","""family""","""park_share""","""high"""
"""d03""","""green_quiet""","""park_share""","""high"""
"""d03""","""students""","""single_household_share""","""high"""
"""d03""","""students""","""universities""","""high"""
"""d03""","""well_connected""","""minutes_to_centre""","""low"""
"""d03""","""well_connected""","""stations_per_km2""","""high"""
"""d04""","""car_free""","""cycle_km_per_km2""","""high"""
"""d04""","""car_free""","""stations_per_km2""","""high"""
"""d04""","""culture""","""museums""","""high"""
"""d04""","""culture""","""overnight_stays_per_1000""","""high"""
"""d04""","""family""","""kindergartens_per_10k""","""high"""
"""d04""","""family""","""playgrounds_per_10k""","""high"""
"""d04""","""food""","""food_per_km2""","""high"""
"""d04""","""going_out""","""nightlife_per_km2""","""high"""
"""d04""","""healthcare""","""pharmacies_per_1000""","""high"""
"""d04""","""sport_fitness""","""fitness_per_10k""","""high"""
"""d04""","""sport_tennis""","""tennis_per_10k""","""high"""
"""d04""","""students""","""nightlife_per_km2""","""high"""
"""d04""","""students""","""universities""","""high"""
"""d04""","""well_connected""","""stations_per_km2""","""high"""
"""d06""","""car_free""","""cars_per_1000""","""low"""
"""d06""","""car_free""","""cycle_km_per_km2""","""high"""
"""d06""","""car_free""","""stations_per_km2""","""high"""
"""d06""","""culture""","""overnight_stays_per_1000""","""high"""
"""d06""","""family""","""kindergartens_per_10k""","""high"""
"""d06""","""food""","""food_per_km2""","""high"""
"""d06""","""going_out""","""nightlife_per_km2""","""high"""
"""d06""","""healthcare""","""gps_per_1000""","""high"""
"""d06""","""healthcare""","""pharmacies_per_1000""","""high"""
"""d06""","""healthcare""","""specialists_per_1000""","""high"""
"""d06""","""sport_basketball""","""basketball_per_10k""","""high"""
"""d06""","""sport_fitness""","""fitness_per_10k""","""high"""
"""d06""","""sport_football""","""football_per_10k""","""high"""
"""d06""","""students""","""nightlife_per_km2""","""high"""
"""d06""","""students""","""single_household_share""","""high"""
"""d06""","""well_connected""","""stations_per_km2""","""high"""
"""d06""","""well_connected""","""subway_lines""","""high"""
"""d07""","""car_free""","""cars_per_1000""","""low"""
"""d07""","""car_free""","""cycle_km_per_km2""","""high"""
"""d07""","""car_free""","""stations_per_km2""","""high"""
"""d07""","""culture""","""museums""","""high"""
"""d07""","""culture""","""overnight_stays_per_1000""","""high"""
"""d07""","""family""","""playgrounds_per_10k""","""high"""
"""d07""","""food""","""food_per_km2""","""high"""
"""d07""","""going_out""","""nightlife_per_km2""","""high"""
"""d07""","""healthcare""","""gps_per_1000""","""high"""
"""d07""","""healthcare""","""pharmacies_per_1000""","""high"""
"""d07""","""healthcare""","""specialists_per_1000""","""high"""
"""d07""","""sport_fitness""","""fitness_per_10k""","""high"""
"""d07""","""students""","""nightlife_per_km2""","""high"""
"""d07""","""students""","""single_household_share""","""high"""
"""d07""","""well_connected""","""minutes_to_centre""","""low"""
"""d07""","""well_connected""","""stations_per_km2""","""high"""
"""d07""","""well_connected""","""subway_lines""","""high"""
"""d08""","""car_free""","""cars_per_1000""","""low"""
"""d08""","""car_free""","""cycle_km_per_km2""","""high"""
"""d08""","""car_free""","""stations_per_km2""","""high"""
"""d08""","""culture""","""overnight_stays_per_1000""","""high"""
"""d08""","""family""","""kindergartens_per_10k""","""high"""
"""d08""","""food""","""food_per_km2""","""high"""
"""d08""","""going_out""","""nightlife_per_km2""","""high"""
"""d08""","""healthcare""","""gps_per_1000""","""high"""
"""d08""","""healthcare""","""pharmacies_per_1000""","""high"""
"""d08""","""healthcare""","""specialists_per_1000""","""high"""
"""d08""","""sport_fitness""","""fitness_per_10k""","""high"""
"""d08""","""sport_football""","""football_per_10k""","""high"""
"""d08""","""students""","""nightlife_per_km2""","""high"""
"""d08""","""students""","""single_household_share""","""high"""
"""d08""","""well_connected""","""minutes_to_centre""","""low"""
"""d08""","""well_connected""","""stations_per_km2""","""high"""
"""d09""","""car_free""","""cycle_km_per_km2""","""high"""
"""d09""","""culture""","""museums""","""high"""
"""d09""","""family""","""kindergartens_per_10k""","""high"""
"""d09""","""family""","""park_share""","""high"""
"""d09""","""food""","""food_per_km2""","""high"""
"""d09""","""going_out""","""nightlife_per_km2""","""high"""
"""d09""","""green_quiet""","""park_share""","""high"""
"""d09""","""healthcare""","""gps_per_1000""","""high"""
"""d09""","""healthcare""","""pharmacies_per_1000""","""high"""
"""d09""","""healthcare""","""specialists_per_1000""","""high"""
"""d09""","""sport_fitness""","""fitness_per_10k""","""high"""
"""d09""","""students""","""nightlife_per_km2""","""high"""
"""d09""","""students""","""single_household_share""","""high"""
"""d09""","""students""","""universities""","""high"""
"""d09""","""well_connected""","""minutes_to_centre""","""low"""
"""d11""","""family""","""families_with_children_share""","""high"""
"""d11""","""green_quiet""","""population_density""","""low"""
"""d11""","""green_quiet""","""road_share""","""low"""
"""d11""","""sport_basketball""","""basketball_per_10k""","""high"""
"""d11""","""students""","""avg_age""","""low"""
"""d20""","""car_free""","""cars_per_1000""","""low"""
"""d20""","""students""","""avg_age""","""low"""
"""d22""","""family""","""families_with_children_share""","""high"""
"""d22""","""family""","""playgrounds_per_10k""","""high"""
"""d22""","""green_quiet""","""population_density""","""low"""
"""d22""","""green_quiet""","""road_share""","""low"""
"""d22""","""sport_basketball""","""basketball_per_10k""","""high"""
"""d22""","""sport_football""","""football_per_10k""","""high"""
"""d22""","""sport_swimming""","""swimming_per_10k""","""high"""
"""d22""","""sport_tennis""","""tennis_per_10k""","""high"""
"""d22""","""sport_volleyball""","""volleyball_per_10k""","""high"""
"""d22""","""students""","""avg_age""","""low"""
"""d10""","""family""","""families_with_children_share""","""high"""
"""d10""","""family""","""park_share""","""high"""
"""d10""","""green_quiet""","""park_share""","""high"""
"""d10""","""sport_football""","""football_per_10k""","""high"""
"""d10""","""sport_volleyball""","""volleyball_per_10k""","""high"""
"""d10""","""students""","""avg_age""","""low"""
"""d05""","""car_free""","""cars_per_1000""","""low"""
"""d05""","""car_free""","""cycle_km_per_km2""","""high"""
"""d05""","""car_free""","""stations_per_km2""","""high"""
"""d05""","""culture""","""museums""","""high"""
"""d05""","""family""","""park_share""","""high"""
"""d05""","""food""","""food_per_km2""","""high"""
"""d05""","""going_out""","""nightlife_per_km2""","""high"""
"""d05""","""green_quiet""","""park_share""","""high"""
"""d05""","""sport_basketball""","""basketball_per_10k""","""high"""
"""d05""","""students""","""nightlife_per_km2""","""high"""
"""d05""","""students""","""single_household_share""","""high"""
"""d05""","""well_connected""","""stations_per_km2""","""high"""
"""d12""","""car_free""","""stations_per_km2""","""high"""
"""d12""","""family""","""families_with_children_share""","""high"""
"""d12""","""students""","""avg_age""","""low"""
"""d12""","""well_connected""","""stations_per_km2""","""high"""
"""d15""","""car_free""","""cars_per_1000""","""low"""
"""d15""","""car_free""","""cycle_km_per_km2""","""high"""
"""d15""","""culture""","""overnight_stays_per_1000""","""high"""
"""d15""","""family""","""park_share""","""high"""
"""d15""","""family""","""playgrounds_per_10k""","""high"""
"""d15""","""food""","""food_per_km2""","""high"""
"""d15""","""going_out""","""nightlife_per_km2""","""high"""
"""d15""","""green_quiet""","""park_share""","""high"""
"""d15""","""sport_basketball""","""basketball_per_10k""","""high"""
"""d15""","""sport_volleyball""","""volleyball_per_10k""","""high"""
"""d15""","""students""","""avg_age""","""low"""
"""d15""","""students""","""nightlife_per_km2""","""high"""
"""d15""","""students""","""single_household_share""","""high"""
"""d15""","""well_connected""","""minutes_to_centre""","""low"""
"""d16""","""sport_swimming""","""swimming_per_10k""","""high"""
"""d17""","""car_free""","""cars_per_1000""","""low"""
"""d17""","""green_quiet""","""population_density""","""low"""
"""d17""","""green_quiet""","""road_share""","""low"""
"""d17""","""sport_swimming""","""swimming_per_10k""","""high"""
"""d17""","""sport_tennis""","""tennis_per_10k""","""high"""
"""d17""","""well_connected""","""minutes_to_centre""","""low"""
"""d18""","""family""","""kindergartens_per_10k""","""high"""
"""d18""","""family""","""park_share""","""high"""
"""d18""","""family""","""playgrounds_per_10k""","""high"""
"""d18""","""green_quiet""","""park_share""","""high"""
"""d18""","""healthcare""","""gps_per_1000""","""high"""
"""d18""","""healthcare""","""pharmacies_per_1000""","""high"""
"""d18""","""healthcare""","""specialists_per_1000""","""high"""
"""d18""","""sport_fitness""","""fitness_per_10k""","""high"""
"""d18""","""sport_tennis""","""tennis_per_10k""","""high"""
"""d18""","""sport_volleyball""","""volleyball_per_10k""","""high"""
"""d18""","""students""","""universities""","""high"""
"""d18""","""well_connected""","""minutes_to_centre""","""low"""
"""d19""","""family""","""families_with_children_share""","""high"""
"""d19""","""family""","""playgrounds_per_10k""","""high"""
"""d19""","""green_quiet""","""population_density""","""low"""
"""d19""","""green_quiet""","""road_share""","""low"""
"""d19""","""healthcare""","""gps_per_1000""","""high"""
"""d19""","""healthcare""","""specialists_per_1000""","""high"""
"""d19""","""sport_swimming""","""swimming_per_10k""","""high"""
"""d19""","""sport_tennis""","""tennis_per_10k""","""high"""
"""d19""","""students""","""universities""","""high"""
"""d23""","""family""","""families_with_children_share""","""high"""
"""d23""","""green_quiet""","""population_density""","""low"""
"""d23""","""sport_basketball""","""basketball_per_10k""","""high"""
"""d23""","""sport_football""","""football_per_10k""","""high"""
"""d23""","""sport_tennis""","""tennis_per_10k""","""high"""
"""d23""","""sport_volleyball""","""volleyball_per_10k""","""high"""
"""d13""","""family""","""families_with_children_share""","""high"""
"""d13""","""family""","""playgrounds_per_10k""","""high"""
"""d13""","""green_quiet""","""population_density""","""low"""
"""d13""","""green_quiet""","""road_share""","""low"""
"""d13""","""healthcare""","""gps_per_1000""","""high"""
"""d13""","""healthcare""","""specialists_per_1000""","""high"""
"""d13""","""sport_basketball""","""basketball_per_10k""","""high"""
"""d13""","""sport_football""","""football_per_10k""","""high"""
"""d13""","""sport_swimming""","""swimming_per_10k""","""high"""
"""d13""","""sport_tennis""","""tennis_per_10k""","""high"""
"""d13""","""sport_volleyball""","""volleyball_per_10k""","""high"""
"""d14""","""culture""","""museums""","""high"""
"""d14""","""green_quiet""","""population_density""","""low"""
"""d14""","""green_quiet""","""road_share""","""low"""
"""d14""","""sport_swimming""","""swimming_per_10k""","""high"""
"""d21""","""family""","""families_with_children_share""","""high"""
"""d21""","""green_quiet""","""population_density""","""low"""
"""d21""","""green_quiet""","""road_share""","""low"""
"""d21""","""sport_football""","""football_per_10k""","""high"""
"""d21""","""sport_swimming""","""swimming_per_10k""","""high"""
"""d21""","""sport_volleyball""","""volleyball_per_10k""","""high"""
"""d21""","""students""","""avg_age""","""low"""
