"""d01""","""avg_age""","""47.44""^^<http://www.w3.org/2001/XMLSchema#double>"
"""d01""","""basketball_per_10k""","""2.4568515447454087""^^<http://www.w3.org/2001/XMLSchema#double>"
"""d01""","""cars_per_1000""","""988.33""^^<http://www.w3.org/2001/XMLSchema#double>"
"""d01""","""cycle_km_per_km2""","""14.27526132404181""^^<http://www.w3.org/2001/XMLSchema#double>"
"""d01""","""families_with_children_share""","""0.5853466386554622""^^<http://www.w3.org/2001/XMLSchema#double>"
"""d01""","""fitness_per_10k""","""12.284257723727043""^^<http://www.w3.org/2001/XMLSchema#double>"
"""d01""","""food_per_km2""","""181.53310104529615""^^<http://www.w3.org/2001/XMLSchema#double>"
"""d01""","""football_per_10k""","""4.299490203304465""^^<http://www.w3.org/2001/XMLSchema#double>"
"""d01""","""gps_per_1000""","""6.17""^^<http://www.w3.org/2001/XMLSchema#double>"
"""d01""","""kindergartens_per_10k""","""11.055831951354339""^^<http://www.w3.org/2001/XMLSchema#double>"
"""d01""","""minutes_to_centre""","""0""^^<http://www.w3.org/2001/XMLSchema#double>"
"""d01""","""museums""","""55""^^<http://www.w3.org/2001/XMLSchema#double>"
"""d01""","""net_income""","""37250""^^<http://www.w3.org/2001/XMLSchema#double>"
"""d01""","""nightlife_per_km2""","""54.70383275261324""^^<http://www.w3.org/2001/XMLSchema#double>"
"""d01""","""overnight_stays_per_1000""","""161680.37""^^<http://www.w3.org/2001/XMLSchema#double>"
"""d01""","""park_share""","""0.05329547038327526""^^<http://www.w3.org/2001/XMLSchema#double>"
"""d01""","""pct_tertiary_education""","""53.42""^^<http://www.w3.org/2001/XMLSchema#double>"
"""d01""","""pharmacies_per_1000""","""1.27""^^<http://www.w3.org/2001/XMLSchema#double>"
"""d01""","""playgrounds_per_10k""","""3.0710644309317607""^^<http://www.w3.org/2001/XMLSchema#double>"
"""d01""","""population_density""","""5675.25""^^<http://www.w3.org/2001/XMLSchema#double>"
"""d01""","""road_share""","""0.17323623693379792""^^<http://www.w3.org/2001/XMLSchema#double>"
"""d01""","""schools_per_10k""","""9.213193292795282""^^<http://www.w3.org/2001/XMLSchema#double>"
"""d01""","""single_household_share""","""0.260979055340581""^^<http://www.w3.org/2001/XMLSchema#double>"
"""d01""","""specialists_per_1000""","""25.76""^^<http://www.w3.org/2001/XMLSchema#double>"
"""d01""","""stations_per_km2""","""14.634146341463413""^^<http://www.w3.org/2001/XMLSchema#double>"
"""d01""","""subway_lines""","""4""^^<http://www.w3.org/2001/XMLSchema#double>"
"""d01""","""swimming_per_10k""","""0""^^<http://www.w3.org/2001/XMLSchema#double>"
"""d01""","""tennis_per_10k""","""0.6142128861863522""^^<http://www.w3.org/2001/XMLSchema#double>"
"""d01""","""unemployed_per_1000""","""35.05""^^<http://www.w3.org/2001/XMLSchema#double>"
"""d01""","""universities""","""26""^^<http://www.w3.org/2001/XMLSchema#double>"
"""d01""","""volleyball_per_10k""","""0.6142128861863522""^^<http://www.w3.org/2001/XMLSchema#double>"
"""d02""","""avg_age""","""40""^^<http://www.w3.org/2001/XMLSchema#double>"
"""d02""","""basketball_per_10k""","""3.3725316174839137""^^<http://www.w3.org/2001/XMLSchema#double>"
"""d02""","""cars_per_1000""","""300.4""^^<http://www.w3.org/2001/XMLSchema#double>"
"""d02""","""cycle_km_per_km2""","""6.0675675675675675""^^<http://www.w3.org/2001/XMLSchema#double>"
"""d02""","""families_with_children_share""","""0.5911619047619048""^^<http://www.w3.org/2001/XMLSchema#double>"
"""d02""","""fitness_per_10k""","""3.3725316174839137""^^<http://www.w3.org/2001/XMLSchema#double>"
"""d02""","""food_per_km2""","""16.683991683991685""^^<http://www.w3.org/2001/XMLSchema#double>"
"""d02""","""football_per_10k""","""6.3013090747725755""^^<http://www.w3.org/2001/XMLSchema#double>"
"""d02""","""gps_per_1000""","""0.79""^^<http://www.w3.org/2001/XMLSchema#double>"
"""d02""","""kindergartens_per_10k""","""9.496339028178388""^^<http://www.w3.org/2001/XMLSchema#double>"
"""d02""","""minutes_to_centre""","""4""^^<http://www.w3.org/2001/XMLSchema#double>"
"""d02""","""museums""","""8""^^<http://www.w3.org/2001/XMLSchema#double>"
"""d02""","""net_income""","""24930""^^<http://www.w3.org/2001/XMLSchema#double>"
"""d02""","""nightlife_per_km2""","""2.9625779625779627""^^<http://www.w3.org/2001/XMLSchema#double>"
"""d02""","""overnight_stays_per_1000""","""21887.02""^^<http://www.w3.org/2001/XMLSchema#double>"
"""d02""","""park_share""","""0.18412676715176715""^^<http://www.w3.org/2001/XMLSchema#double>"
"""d02""","""pct_tertiary_education""","""40.55""^^<http://www.w3.org/2001/XMLSchema#double>"
"""d02""","""pharmacies_per_1000""","""0.21""^^<http://www.w3.org/2001/XMLSchema#double>"
"""d02""","""playgrounds_per_10k""","""4.79254493010872""^^<http://www.w3.org/2001/XMLSchema#double>"
"""d02""","""population_density""","""5855.68""^^<http://www.w3.org/2001/XMLSchema#double>"
"""d02""","""road_share""","""0.05622448024948025""^^<http://www.w3.org/2001/XMLSchema#double>"
"""d02""","""schools_per_10k""","""4.703794098069669""^^<http://www.w3.org/2001/XMLSchema#double>"
"""d02""","""single_household_share""","""0.22473485688928332""^^<http://www.w3.org/2001/XMLSchema#double>"
"""d02""","""specialists_per_1000""","""1.69""^^<http://www.w3.org/2001/XMLSchema#double>"
"""d02""","""stations_per_km2""","""4.521829521829522""^^<http://www.w3.org/2001/XMLSchema#double>"
"""d02""","""subway_lines""","""2""^^<http://www.w3.org/2001/XMLSchema#double>"
"""d02""","""swimming_per_10k""","""0.976259152429554""^^<http://www.w3.org/2001/XMLSchema#double>"
"""d02""","""tennis_per_10k""","""3.638784113601065""^^<http://www.w3.org/2001/XMLSchema#double>"
"""d02""","""unemployed_per_1000""","""96.55""^^<http://www.w3.org/2001/XMLSchema#double>"
"""d02""","""universities""","""14""^^<http://www.w3.org/2001/XMLSchema#double>"
"""d02""","""volleyball_per_10k""","""2.2187708009762592""^^<http://www.w3.org/2001/XMLSchema#double>"
"""d03""","""avg_age""","""41.39""^^<http://www.w3.org/2001/XMLSchema#double>"
"""d03""","""basketball_per_10k""","""2.5282915828116628""^^<http://www.w3.org/2001/XMLSchema#double>"
"""d03""","""cars_per_1000""","""365.23""^^<http://www.w3.org/2001/XMLSchema#double>"
"""d03""","""cycle_km_per_km2""","""9.297297297297296""^^<http://www.w3.org/2001/XMLSchema#double>"
"""d03""","""families_with_children_share""","""0.5656565656565656""^^<http://www.w3.org/2001/XMLSchema#double>"
"""d03""","""fitness_per_10k""","""3.033949899373995""^^<http://www.w3.org/2001/XMLSchema#double>"
"""d03""","""food_per_km2""","""38.648648648648646""^^<http://www.w3.org/2001/XMLSchema#double>"
"""d03""","""football_per_10k""","""3.539608215936328""^^<http://www.w3.org/2001/XMLSchema#double>"
"""d03""","""gps_per_1000""","""0.79""^^<http://www.w3.org/2001/XMLSchema#double>"
"""d03""","""kindergartens_per_10k""","""9.101849698121985""^^<http://www.w3.org/2001/XMLSchema#double>"
"""d03""","""minutes_to_centre""","""9""^^<http://www.w3.org/2001/XMLSchema#double>"
"""d03""","""museums""","""8""^^<http://www.w3.org/2001/XMLSchema#double>"
"""d03""","""net_income""","""27450""^^<http://www.w3.org/2001/XMLSchema#double>"
"""d03""","""nightlife_per_km2""","""4.45945945945946""^^<http://www.w3.org/2001/XMLSchema#double>"
"""d03""","""overnight_stays_per_1000""","""21864.35""^^<http://www.w3.org/2001/XMLSchema#double>"
"""d03""","""park_share""","""0.06322689189189189""^^<http://www.w3.org/2001/XMLSchema#double>"
"""d03""","""pct_tertiary_education""","""42.99""^^<http://www.w3.org/2001/XMLSchema#double>"
"""d03""","""pharmacies_per_1000""","""0.17""^^<http://www.w3.org/2001/XMLSchema#double>"
"""d03""","""playgrounds_per_10k""","""3.1350815626864614""^^<http://www.w3.org/2001/XMLSchema#double>"
"""d03""","""population_density""","""13366.38""^^<http://www.w3.org/2001/XMLSchema#double>"
"""d03""","""road_share""","""0.12548891891891892""^^<http://www.w3.org/2001/XMLSchema#double>"
"""d03""","""schools_per_10k""","""4.146398195811127""^^<http://www.w3.org/2001/XMLSchema#double>"
"""d03""","""single_household_share""","""0.25844196559500815""^^<http://www.w3.org/2001/XMLSchema#double>"
"""d03""","""specialists_per_1000""","""2.25""^^<http://www.w3.org/2001/XMLSchema#double>"
"""d03""","""stations_per_km2""","""8.783783783783784""^^<http://www.w3.org/2001/XMLSchema#double>"
"""d03""","""subway_lines""","""2""^^<http://www.w3.org/2001/XMLSchema#double>"
"""d03""","""swimming_per_10k""","""0.10113166331246651""^^<http://www.w3.org/2001/XMLSchema#double>"
"""d03""","""tennis_per_10k""","""2.427159919499196""^^<http://www.w3.org/2001/XMLSchema#double>"
"""d03""","""unemployed_per_1000""","""80.61""^^<http://www.w3.org/2001/XMLSchema#double>"
"""d03""","""universities""","""15""^^<http://www.w3.org/2001/XMLSchema#double>"
"""d03""","""volleyball_per_10k""","""0.40452665324986603""^^<http://www.w3.org/2001/XMLSchema#double>"
"""d04""","""avg_age""","""42.56""^^<http://www.w3.org/2001/XMLSchema#double>"
"""d04""","""basketball_per_10k""","""2.392058366224136""^^<http://www.w3.org/2001/XMLSchema#double>"
"""d04""","""cars_per_1000""","""343.74""^^<http://www.w3.org/2001/XMLSchema#double>"
"""d04""","""cycle_km_per_km2""","""9.460674157303371""^^<http://www.w3.org/2001/XMLSchema#double>"
"""d04""","""families_with_children_share""","""0.5625""^^<http://www.w3.org/2001/XMLSchema#double>"
"""d04""","""fitness_per_10k""","""3.887094845114221""^^<http://www.w3.org/2001/XMLSchema#double>"
"""d04""","""food_per_km2""","""92.13483146067415""^^<http://www.w3.org/2001/XMLSchema#double>"
"""d04""","""football_per_10k""","""3.887094845114221""^^<http://www.w3.org/2001/XMLSchema#double>"
"""d04""","""gps_per_1000""","""1.06""^^<http://www.w3.org/2001/XMLSchema#double>"
"""d04""","""kindergartens_per_10k""","""12.558306422676713""^^<http://www.w3.org/2001/XMLSchema#double>"
"""d04""","""minutes_to_centre""","""14""^^<http://www.w3.org/2001/XMLSchema#double>"
"""d04""","""museums""","""5""^^<http://www.w3.org/2001/XMLSchema#double>"
"""d04""","""net_income""","""29010""^^<http://www.w3.org/2001/XMLSchema#double>"
"""d04""","""nightlife_per_km2""","""17.97752808988764""^^<http://www.w3.org/2001/XMLSchema#double>"
"""d04""","""overnight_stays_per_1000""","""16314.13""^^<http://www.w3.org/2001/XMLSchema#double>"
"""d04""","""park_share""","""0.04696123595505618""^^<http://www.w3.org/2001/XMLSchema#double>"
"""d04""","""pct_tertiary_education""","""50.77""^^<http://www.w3.org/2001/XMLSchema#double>"
"""d04""","""pharmacies_per_1000""","""0.21""^^<http://www.w3.org/2001/XMLSchema#double>"
"""d04""","""playgrounds_per_10k""","""4.186102140892238""^^<http://www.w3.org/2001/XMLSchema#double>"
"""d04""","""population_density""","""18839.48""^^<http://www.w3.org/2001/XMLSchema#double>"
"""d04""","""road_share""","""0.15043426966292134""^^<http://www.w3.org/2001/XMLSchema#double>"
"""d04""","""schools_per_10k""","""5.083124028226289""^^<http://www.w3.org/2001/XMLSchema#double>"
"""d04""","""single_household_share""","""0.24267432125343857""^^<http://www.w3.org/2001/XMLSchema#double>"
"""d04""","""specialists_per_1000""","""3.89""^^<http://www.w3.org/2001/XMLSchema#double>"
"""d04""","""stations_per_km2""","""9.55056179775281""^^<http://www.w3.org/2001/XMLSchema#double>"
"""d04""","""subway_lines""","""1""^^<http://www.w3.org/2001/XMLSchema#double>"
"""d04""","""swimming_per_10k""","""0.299007295778017""^^<http://www.w3.org/2001/XMLSchema#double>"
"""d04""","""tennis_per_10k""","""2.691065662002153""^^<http://www.w3.org/2001/XMLSchema#double>"
"""d04""","""unemployed_per_1000""","""78.41""^^<http://www.w3.org/2001/XMLSchema#double>"
"""d04""","""universities""","""25""^^<http://www.w3.org/2001/XMLSchema#double>"
"""d04""","""volleyball_per_10k""","""0.897021887334051""^^<http://www.w3.org/2001/XMLSchema#double>"
"""d06""","""avg_age""","""42.28""^^<http://www.w3.org/2001/XMLSchema#double>"
"""d06""","""basketball_per_10k""","""3.860631213203359""^^<http://www.w3.org/2001/XMLSchema#double>"
"""d06""","""cars_per_1000""","""306.41""^^<http://www.w3.org/2001/XMLSchema#double>"
"""d06""","""cycle_km_per_km2""","""13.095890410958905""^^<http://www.w3.org/2001/XMLSchema#double>"
"""d06""","""families_with_children_share""","""0.5157377995957263""^^<http://www.w3.org/2001/XMLSchema#double>"
"""d06""","""fitness_per_10k""","""8.364700961940612""^^<http://www.w3.org/2001/XMLSchema#double>"
"""d06""","""food_per_km2""","""131.5068493150685""^^<http://www.w3.org/2001/XMLSchema#double>"
"""d06""","""football_per_10k""","""5.1475082842711455""^^<http://www.w3.org/2001/XMLSchema#double>"
"""d06""","""gps_per_1000""","""1.34""^^<http://www.w3.org/2001/XMLSchema#double>"
"""d06""","""kindergartens_per_10k""","""9.32985876524145""^^<http://www.w3.org/2001/XMLSchema#double>"
"""d06""","""minutes_to_centre""","""18""^^<http://www.w3.org/2001/XMLSchema#double>"
"""d06""","""museums""","""4""^^<http://www.w3.org/2001/XMLSchema#double>"
"""d06""","""net_income""","""26528""^^<http://www.w3.org/2001/XMLSchema#double>"
"""d06""","""nightlife_per_km2""","""43.15068493150685""^^<http://www.w3.org/2001/XMLSchema#double>"
"""d06""","""overnight_stays_per_1000""","""24346.4""^^<http://www.w3.org/2001/XMLSchema#double>"
"""d06""","""park_share""","""0.03129383561643836""^^<http://www.w3.org/2001/XMLSchema#double>"
"""d06""","""pct_tertiary_education""","""49.65""^^<http://www.w3.org/2001/XMLSchema#double>"
"""d06""","""pharmacies_per_1000""","""0.22""^^<http://www.w3.org/2001/XMLSchema#double>"
"""d06""","""playgrounds_per_10k""","""3.5389119454364124""^^<http://www.w3.org/2001/XMLSchema#double>"
"""d06""","""population_density""","""21362.25""^^<http://www.w3.org/2001/XMLSchema#double>"
"""d06""","""road_share""","""0.1589808219178082""^^<http://www.w3.org/2001/XMLSchema#double>"
"""d06""","""schools_per_10k""","""5.790946819805038""^^<http://www.w3.org/2001/XMLSchema#double>"
"""d06""","""single_household_share""","""0.2644210661776534""^^<http://www.w3.org/2001/XMLSchema#double>"
"""d06""","""specialists_per_1000""","""4.87""^^<http://www.w3.org/2001/XMLSchema#double>"
"""d06""","""stations_per_km2""","""10.95890410958904""^^<http://www.w3.org/2001/XMLSchema#double>"
"""d06""","""subway_lines""","""3""^^<http://www.w3.org/2001/XMLSchema#double>"
"""d06""","""swimming_per_10k""","""0.3217192677669466""^^<http://www.w3.org/2001/XMLSchema#double>"
"""d06""","""tennis_per_10k""","""1.2868770710677864""^^<http://www.w3.org/2001/XMLSchema#double>"
"""d06""","""unemployed_per_1000""","""74.36""^^<http://www.w3.org/2001/XMLSchema#double>"
"""d06""","""universities""","""5""^^<http://www.w3.org/2001/XMLSchema#double>"
"""d06""","""volleyball_per_10k""","""1.2868770710677864""^^<http://www.w3.org/2001/XMLSchema#double>"
"""d07""","""avg_age""","""41.92""^^<http://www.w3.org/2001/XMLSchema#double>"
"""d07""","""basketball_per_10k""","""3.191828917969997""^^<http://www.w3.org/2001/XMLSchema#double>"
"""d07""","""cars_per_1000""","""287.93""^^<http://www.w3.org/2001/XMLSchema#double>"
"""d07""","""cycle_km_per_km2""","""11.608695652173914""^^<http://www.w3.org/2001/XMLSchema#double>"
"""d07""","""families_with_children_share""","""0.5067709060449532""^^<http://www.w3.org/2001/XMLSchema#double>"
"""d07""","""fitness_per_10k""","""7.341206511330992""^^<http://www.w3.org/2001/XMLSchema#double>"
"""d07""","""food_per_km2""","""160.86956521739128""^^<http://www.w3.org/2001/XMLSchema#double>"
"""d07""","""football_per_10k""","""4.468560485157996""^^<http://www.w3.org/2001/XMLSchema#double>"
"""d07""","""gps_per_1000""","""1.62""^^<http://www.w3.org/2001/XMLSchema#double>"
"""d07""","""kindergartens_per_10k""","""8.937120970315991""^^<http://www.w3.org/2001/XMLSchema#double>"
"""d07""","""minutes_to_centre""","""4""^^<http://www.w3.org/2001/XMLSchema#double>"
"""d07""","""museums""","""9""^^<http://www.w3.org/2001/XMLSchema#double>"
"""d07""","""net_income""","""27866""^^<http://www.w3.org/2001/XMLSchema#double>"
"""d07""","""nightlife_per_km2""","""41.61490683229813""^^<http://www.w3.org/2001/XMLSchema#double>"
"""d07""","""overnight_stays_per_1000""","""34190.59""^^<http://www.w3.org/2001/XMLSchema#double>"
"""d07""","""park_share""","""0.030062732919254657""^^<http://www.w3.org/2001/XMLSchema#double>"
"""d07""","""pct_tertiary_education""","""55.62""^^<http://www.w3.org/2001/XMLSchema#double>"
"""d07""","""pharmacies_per_1000""","""0.29""^^<http://www.w3.org/2001/XMLSchema#double>"
"""d07""","""playgrounds_per_10k""","""4.787743376954995""^^<http://www.w3.org/2001/XMLSchema#double>"
"""d07""","""population_density""","""19480.82""^^<http://www.w3.org/2001/XMLSchema#double>"
"""d07""","""road_share""","""0.12855403726708076""^^<http://www.w3.org/2001/XMLSchema#double>"
"""d07""","""schools_per_10k""","""6.383657835939994""^^<http://www.w3.org/2001/XMLSchema#double>"
"""d07""","""single_household_share""","""0.27784870730928823""^^<http://www.w3.org/2001/XMLSchema#double>"
"""d07""","""specialists_per_1000""","""4.44""^^<http://www.w3.org/2001/XMLSchema#double>"
"""d07""","""stations_per_km2""","""12.422360248447204""^^<http://www.w3.org/2001/XMLSchema#double>"
"""d07""","""subway_lines""","""3""^^<http://www.w3.org/2001/XMLSchema#double>"
"""d07""","""swimming_per_10k""","""0""^^<http://www.w3.org/2001/XMLSchema#double>"
"""d07""","""tennis_per_10k""","""0.9575486753909991""^^<http://www.w3.org/2001/XMLSchema#double>"
"""d07""","""unemployed_per_1000""","""59.43""^^<http://www.w3.org/2001/XMLSchema#double>"
"""d07""","""universities""","""2""^^<http://www.w3.org/2001/XMLSchema#double>"
"""d07""","""volleyball_per_10k""","""0.9575486753909991""^^<http://www.w3.org/2001/XMLSchema#double>"
"""d08""","""avg_age""","""42.22""^^<http://www.w3.org/2001/XMLSchema#double>"
"""d08""","""basketball_per_10k""","""2.475043313257982""^^<http://www.w3.org/2001/XMLSchema#double>"
"""d08""","""cars_per_1000""","""288.84""^^<http://www.w3.org/2001/XMLSchema#double>"
"""d08""","""cycle_km_per_km2""","""10.247706422018348""^^<http://www.w3.org/2001/XMLSchema#double>"
"""d08""","""families_with_children_share""","""0.5315365899307505""^^<http://www.w3.org/2001/XMLSchema#double>"
"""d08""","""fitness_per_10k""","""3.300057751010643""^^<http://www.w3.org/2001/XMLSchema#double>"
"""d08""","""food_per_km2""","""116.51376146788989""^^<http://www.w3.org/2001/XMLSchema#double>"
"""d08""","""football_per_10k""","""6.1876082831449555""^^<http://www.w3.org/2001/XMLSchema#double>"
"""d08""","""gps_per_1000""","""2.16""^^<http://www.w3.org/2001/XMLSchema#double>"
"""d08""","""kindergartens_per_10k""","""10.312680471908259""^^<http://www.w3.org/2001/XMLSchema#double>"
"""d08""","""minutes_to_centre""","""11""^^<http://www.w3.org/2001/XMLSchema#double>"
"""d08""","""museums""","""3""^^<http://www.w3.org/2001/XMLSchema#double>"
"""d08""","""net_income""","""28488""^^<http://www.w3.org/2001/XMLSchema#double>"
"""d08""","""nightlife_per_km2""","""33.944954128440365""^^<http://www.w3.org/2001/XMLSchema#double>"
"""d08""","""overnight_stays_per_1000""","""21136.41""^^<http://www.w3.org/2001/XMLSchema#double>"
"""d08""","""park_share""","""0.021326605504587155""^^<http://www.w3.org/2001/XMLSchema#double>"
"""d08""","""pct_tertiary_education""","""54.39""^^<http://www.w3.org/2001/XMLSchema#double>"
"""d08""","""pharmacies_per_1000""","""0.2""^^<http://www.w3.org/2001/XMLSchema#double>"
"""d08""","""playgrounds_per_10k""","""2.062536094381652""^^<http://www.w3.org/2001/XMLSchema#double>"
"""d08""","""population_density""","""22241.48""^^<http://www.w3.org/2001/XMLSchema#double>"
"""d08""","""road_share""","""0.15450825688073394""^^<http://www.w3.org/2001/XMLSchema#double>"
"""d08""","""schools_per_10k""","""5.362593845392294""^^<http://www.w3.org/2001/XMLSchema#double>"
"""d08""","""single_household_share""","""0.2562494843659764""^^<http://www.w3.org/2001/XMLSchema#double>"
"""d08""","""specialists_per_1000""","""11.76""^^<http://www.w3.org/2001/XMLSchema#double>"
"""d08""","""stations_per_km2""","""11.926605504587155""^^<http://www.w3.org/2001/XMLSchema#double>"
"""d08""","""subway_lines""","""2""^^<http://www.w3.org/2001/XMLSchema#double>"
"""d08""","""swimming_per_10k""","""0""^^<http://www.w3.org/2001/XMLSchema#double>"
"""d08""","""tennis_per_10k""","""1.6500288755053214""^^<http://www.w3.org/2001/XMLSchema#double>"
"""d08""","""unemployed_per_1000""","""53.03""^^<http://www.w3.org/2001/XMLSchema#double>"
"""d08""","""universities""","""0""^^<http://www.w3.org/2001/XMLSchema#double>"
"""d08""","""volleyball_per_10k""","""0.41250721887633035""^^<http://www.w3.org/2001/XMLSchema#double>"
"""d09""","""avg_age""","""41.15""^^<http://www.w3.org/2001/XMLSchema#double>"
"""d09""","""basketball_per_10k""","""2.640168970814132""^^<http://www.w3.org/2001/XMLSchema#double>"
"""d09""","""cars_per_1000""","""307.58""^^<http://www.w3.org/2001/XMLSchema#double>"
"""d09""","""cycle_km_per_km2""","""14.134680134680133""^^<http://www.w3.org/2001/XMLSchema#double>"
"""d09""","""families_with_children_share""","""0.5306794055201699""^^<http://www.w3.org/2001/XMLSchema#double>"
"""d09""","""fitness_per_10k""","""5.520353302611366""^^<http://www.w3.org/2001/XMLSchema#double>"
"""d09""","""food_per_km2""","""74.41077441077441""^^<http://www.w3.org/2001/XMLSchema#double>"
"""d09""","""football_per_10k""","""4.08026113671275""^^<http://www.w3.org/2001/XMLSchema#double>"
"""d09""","""gps_per_1000""","""1.44""^^<http://www.w3.org/2001/XMLSchema#double>"
"""d09""","""kindergartens_per_10k""","""12.000768049155145""^^<http://www.w3.org/2001/XMLSchema#double>"
"""d09""","""minutes_to_centre""","""11""^^<http://www.w3.org/2001/XMLSchema#double>"
"""d09""","""museums""","""6""^^<http://www.w3.org/2001/XMLSchema#double>"
"""d09""","""net_income""","""27518""^^<http://www.w3.org/2001/XMLSchema#double>"
"""d09""","""nightlife_per_km2""","""13.804713804713804""^^<http://www.w3.org/2001/XMLSchema#double>"
"""d09""","""overnight_stays_per_1000""","""15452.72""^^<http://www.w3.org/2001/XMLSchema#double>"
"""d09""","""park_share""","""0.05341851851851852""^^<http://www.w3.org/2001/XMLSchema#double>"
"""d09""","""pct_tertiary_education""","""54.21""^^<http://www.w3.org/2001/XMLSchema#double>"
"""d09""","""pharmacies_per_1000""","""0.31""^^<http://www.w3.org/2001/XMLSchema#double>"
"""d09""","""playgrounds_per_10k""","""3.840245775729646""^^<http://www.w3.org/2001/XMLSchema#double>"
"""d09""","""population_density""","""14040.65""^^<http://www.w3.org/2001/XMLSchema#double>"
"""d09""","""road_share""","""0.16104713804713805""^^<http://www.w3.org/2001/XMLSchema#double>"
"""d09""","""schools_per_10k""","""5.040322580645161""^^<http://www.w3.org/2001/XMLSchema#double>"
"""d09""","""single_household_share""","""0.26785714285714285""^^<http://www.w3.org/2001/XMLSchema#double>"
"""d09""","""specialists_per_1000""","""11.94""^^<http://www.w3.org/2001/XMLSchema#double>"
"""d09""","""stations_per_km2""","""8.754208754208754""^^<http://www.w3.org/2001/XMLSchema#double>"
"""d09""","""subway_lines""","""2""^^<http://www.w3.org/2001/XMLSchema#double>"
"""d09""","""swimming_per_10k""","""0""^^<http://www.w3.org/2001/XMLSchema#double>"
"""d09""","""tennis_per_10k""","""1.920122887864823""^^<http://www.w3.org/2001/XMLSchema#double>"
"""d09""","""unemployed_per_1000""","""58.13""^^<http://www.w3.org/2001/XMLSchema#double>"
"""d09""","""universities""","""25""^^<http://www.w3.org/2001/XMLSchema#double>"
"""d09""","""volleyball_per_10k""","""0.7200460829493087""^^<http://www.w3.org/2001/XMLSchema#double>"
"""d11""","""avg_age""","""39.45""^^<http://www.w3.org/2001/XMLSchema#double>"
"""d11""","""basketball_per_10k""","""3.4775165182034615""^^<http://www.w3.org/2001/XMLSchema#double>"
"""d11""","""cars_per_1000""","""359.69""^^<http://www.w3.org/2001/XMLSchema#double>"
"""d11""","""cycle_km_per_km2""","""3.4471195184866725""^^<http://www.w3.org/2001/XMLSchema#double>"
"""d11""","""families_with_children_share""","""0.6225242309313106""^^<http://www.w3.org/2001/XMLSchema#double>"
"""d11""","""fitness_per_10k""","""1.8725088944172485""^^<http://www.w3.org/2001/XMLSchema#double>"
"""d11""","""food_per_km2""","""3.7403267411865864""^^<http://www.w3.org/2001/XMLSchema#double>"
"""d11""","""football_per_10k""","""5.0825241419896745""^^<http://www.w3.org/2001/XMLSchema#double>"
"""d11""","""gps_per_1000""","""0.4""^^<http://www.w3.org/2001/XMLSchema#double>"
"""d11""","""kindergartens_per_10k""","""7.222534307037958""^^<http://www.w3.org/2001/XMLSchema#double>"
"""d11""","""minutes_to_centre""","""21""^^<http://www.w3.org/2001/XMLSchema#double>"
"""d11""","""museums""","""2""^^<http://www.w3.org/2001/XMLSchema#double>"
"""d11""","""net_income""","""22629""^^<http://www.w3.org/2001/XMLSchema#double>"
"""d11""","""nightlife_per_km2""","""0.3869303525365434""^^<http://www.w3.org/2001/XMLSchema#double>"
"""d11""","""overnight_stays_per_1000""","""2469.39""^^<http://www.w3.org/2001/XMLSchema#double>"
"""d11""","""park_share""","""0.016800816852966464""^^<http://www.w3.org/2001/XMLSchema#double>"
"""d11""","""pct_tertiary_education""","""15.6""^^<http://www.w3.org/2001/XMLSchema#double>"
"""d11""","""pharmacies_per_1000""","""0.11""^^<http://www.w3.org/2001/XMLSchema#double>"
"""d11""","""playgrounds_per_10k""","""3.9233519692551875""^^<http://www.w3.org/2001/XMLSchema#double>"
"""d11""","""population_density""","""4822.3""^^<http://www.w3.org/2001/XMLSchema#double>"
"""d11""","""road_share""","""0.05437128116938951""^^<http://www.w3.org/2001/XMLSchema#double>"
"""d11""","""schools_per_10k""","""3.1208481573620808""^^<http://www.w3.org/2001/XMLSchema#double>"
"""d11""","""single_household_share""","""0.1810359432540638""^^<http://www.w3.org/2001/XMLSchema#double>"
"""d11""","""specialists_per_1000""","""0.52""^^<http://www.w3.org/2001/XMLSchema#double>"
"""d11""","""stations_per_km2""","""5.417024935511607""^^<http://www.w3.org/2001/XMLSchema#double>"
"""d11""","""subway_lines""","""1""^^<http://www.w3.org/2001/XMLSchema#double>"
"""d11""","""swimming_per_10k""","""0.17833418042069032""^^<http://www.w3.org/2001/XMLSchema#double>"
"""d11""","""tennis_per_10k""","""1.6941747139965582""^^<http://www.w3.org/2001/XMLSchema#double>"
"""d11""","""unemployed_per_1000""","""128.31""^^<http://www.w3.org/2001/XMLSchema#double>"
"""d11""","""universities""","""0""^^<http://www.w3.org/2001/XMLSchema#double>"
"""d11""","""volleyball_per_10k""","""1.070005082524142""^^<http://www.w3.org/2001/XMLSchema#double>"
"""d20""","""avg_age""","""40.46""^^<http://www.w3.org/2001/XMLSchema#double>"
"""d20""","""basketball_per_10k""","""2.645198389879241""^^<http://www.w3.org/2001/XMLSchema#double>"
"""d20""","""cars_per_1000""","""270.35""^^<http://www.w3.org/2001/XMLSchema#double>"
"""d20""","""cycle_km_per_km2""","""6.838879159369527""^^<http://www.w3.org/2001/XMLSchema#double>"
"""d20""","""families_with_children_share""","""0.5905973063635909""^^<http://www.w3.org/2001/XMLSchema#double>"
"""d20""","""fitness_per_10k""","""1.2650948821161587""^^<http://www.w3.org/2001/XMLSchema#double>"
"""d20""","""food_per_km2""","""21.36602451838879""^^<http://www.w3.org/2001/XMLSchema#double>"
"""d20""","""football_per_10k""","""4.370327774583093""^^<http://www.w3.org/2001/XMLSchema#double>"
"""d20""","""gps_per_1000""","""0.45""^^<http://www.w3.org/2001/XMLSchema#double>"
"""d20""","""kindergartens_per_10k""","""6.55549166187464""^^<http://www.w3.org/2001/XMLSchema#double>"
"""d20""","""minutes_to_centre""","""14""^^<http://www.w3.org/2001/XMLSchema#double>"
"""d20""","""museums""","""0""^^<http://www.w3.org/2001/XMLSchema#double>"
"""d20""","""net_income""","""21201""^^<http://www.w3.org/2001/XMLSchema#double>"
"""d20""","""nightlife_per_km2""","""3.327495621716287""^^<http://www.w3.org/2001/XMLSchema#double>"
"""d20""","""overnight_stays_per_1000""","""5107.64""^^<http://www.w3.org/2001/XMLSchema#double>"
"""d20""","""park_share""","""0.037951488616462345""^^<http://www.w3.org/2001/XMLSchema#double>"
"""d20""","""pct_tertiary_education""","""26.06""^^<http://www.w3.org/2001/XMLSchema#double>"
"""d20""","""pharmacies_per_1000""","""0.15""^^<http://www.w3.org/2001/XMLSchema#double>"
"""d20""","""playgrounds_per_10k""","""2.760207015526164""^^<http://www.w3.org/2001/XMLSchema#double>"
"""d20""","""population_density""","""15226.41""^^<http://www.w3.org/2001/XMLSchema#double>"
"""d20""","""road_share""","""0.11791471103327496""^^<http://www.w3.org/2001/XMLSchema#double>"
"""d20""","""schools_per_10k""","""3.3352501437607818""^^<http://www.w3.org/2001/XMLSchema#double>"
"""d20""","""single_household_share""","""0.22898217366302473""^^<http://www.w3.org/2001/XMLSchema#double>"
"""d20""","""specialists_per_1000""","""0.87""^^<http://www.w3.org/2001/XMLSchema#double>"
"""d20""","""stations_per_km2""","""5.954465849387041""^^<http://www.w3.org/2001/XMLSchema#double>"
"""d20""","""subway_lines""","""1""^^<http://www.w3.org/2001/XMLSchema#double>"
"""d20""","""swimming_per_10k""","""0.23001725129384704""^^<http://www.w3.org/2001/XMLSchema#double>"
"""d20""","""tennis_per_10k""","""1.1500862564692351""^^<http://www.w3.org/2001/XMLSchema#double>"
"""d20""","""unemployed_per_1000""","""137.44""^^<http://www.w3.org/2001/XMLSchema#double>"
"""d20""","""universities""","""2""^^<http://www.w3.org/2001/XMLSchema#double>"
"""d20""","""volleyball_per_10k""","""0.690051753881541""^^<http://www.w3.org/2001/XMLSchema#double>"
"""d22""","""avg_age""","""40.17""^^<http://www.w3.org/2001/XMLSchema#double>"
"""d22""","""basketball_per_10k""","""3.725488477283286""^^<http://www.w3.org/2001/XMLSchema#double>"
"""d22""","""cars_per_1000""","""397.99""^^<http://www.w3.org/2001/XMLSchema#double>"
"""d22""","""cycle_km_per_km2""","""3.3913978494623658""^^<http://www.w3.org/2001/XMLSchema#double>"
"""d22""","""families_with_children_share""","""0.6069110913463123""^^<http://www.w3.org/2001/XMLSchema#double>"
"""d22""","""fitness_per_10k""","""2.498268743589968""^^<http://www.w3.org/2001/XMLSchema#double>"
"""d22""","""food_per_km2""","""2.1407624633431084""^^<http://www.w3.org/2001/XMLSchema#double>"
"""d22""","""football_per_10k""","""6.0922693922632565""^^<http://www.w3.org/2001/XMLSchema#double>"
"""d22""","""gps_per_1000""","""0.43""^^<http://www.w3.org/2001/XMLSchema#double>"
"""d22""","""kindergartens_per_10k""","""7.8892697165999""^^<http://www.w3.org/2001/XMLSchema#double>"
"""d22""","""minutes_to_centre""","""17""^^<http://www.w3.org/2001/XMLSchema#double>"
"""d22""","""museums""","""4""^^<http://www.w3.org/2001/XMLSchema#double>"
"""d22""","""net_income""","""26722""^^<http://www.w3.org/2001/XMLSchema#double>"
"""d22""","""nightlife_per_km2""","""0.3128054740957967""^^<http://www.w3.org/2001/XMLSchema#double>"
"""d22""","""overnight_stays_per_1000""","""3628.36""^^<http://www.w3.org/2001/XMLSchema#double>"
"""d22""","""park_share""","""0.017805014662756597""^^<http://www.w3.org/2001/XMLSchema#double>"
"""d22""","""pct_tertiary_education""","""24.84""^^<http://www.w3.org/2001/XMLSchema#double>"
"""d22""","""pharmacies_per_1000""","""0.12""^^<http://www.w3.org/2001/XMLSchema#double>"
"""d22""","""playgrounds_per_10k""","""5.128025315789936""^^<http://www.w3.org/2001/XMLSchema#double>"
"""d22""","""population_density""","""2230.29""^^<http://www.w3.org/2001/XMLSchema#double>"
"""d22""","""road_share""","""0.03466179863147605""^^<http://www.w3.org/2001/XMLSchema#double>"
"""d22""","""schools_per_10k""","""3.3310249914532912""^^<http://www.w3.org/2001/XMLSchema#double>"
"""d22""","""single_household_share""","""0.17501906573514844""^^<http://www.w3.org/2001/XMLSchema#double>"
"""d22""","""specialists_per_1000""","""0.98""^^<http://www.w3.org/2001/XMLSchema#double>"
"""d22""","""stations_per_km2""","""3.1378299120234603""^^<http://www.w3.org/2001/XMLSchema#double>"
"""d22""","""subway_lines""","""2""^^<http://www.w3.org/2001/XMLSchema#double>"
"""d22""","""swimming_per_10k""","""0.8327562478633228""^^<http://www.w3.org/2001/XMLSchema#double>"
"""d22""","""tennis_per_10k""","""3.024220058029962""^^<http://www.w3.org/2001/XMLSchema#double>"
"""d22""","""unemployed_per_1000""","""83.14""^^<http://www.w3.org/2001/XMLSchema#double>"
"""d22""","""universities""","""2""^^<http://www.w3.org/2001/XMLSchema#double>"
"""d22""","""volleyball_per_10k""","""2.147634533963306""^^<http://www.w3.org/2001/XMLSchema#double>"
"""d10""","""avg_age""","""39.6""^^<http://www.w3.org/2001/XMLSchema#double>"
"""d10""","""basketball_per_10k""","""3.0467314843855013""^^<http://www.w3.org/2001/XMLSchema#double>"
"""d10""","""cars_per_1000""","""320.18""^^<http://www.w3.org/2001/XMLSchema#double>"
"""d10""","""cycle_km_per_km2""","""4.709079484762802""^^<http://www.w3.org/2001/XMLSchema#double>"
"""d10""","""families_with_children_share""","""0.6197932218572708""^^<http://www.w3.org/2001/XMLSchema#double>"
"""d10""","""fitness_per_10k""","""2.016219364666876""^^<http://www.w3.org/2001/XMLSchema#double>"
"""d10""","""food_per_km2""","""7.351555136663525""^^<http://www.w3.org/2001/XMLSchema#double>"
"""d10""","""football_per_10k""","""5.824633720148753""^^<http://www.w3.org/2001/XMLSchema#double>"
"""d10""","""gps_per_1000""","""0.43""^^<http://www.w3.org/2001/XMLSchema#double>"
"""d10""","""kindergartens_per_10k""","""8.199292082978628""^^<http://www.w3.org/2001/XMLSchema#double>"
"""d10""","""minutes_to_centre""","""18""^^<http://www.w3.org/2001/XMLSchema#double>"
"""d10""","""museums""","""1""^^<http://www.w3.org/2001/XMLSchema#double>"
"""d10""","""net_income""","""21487""^^<http://www.w3.org/2001/XMLSchema#double>"
"""d10""","""nightlife_per_km2""","""1.3195098963242224""^^<http://www.w3.org/2001/XMLSchema#double>"
"""d10""","""overnight_stays_per_1000""","""11058.55""^^<http://www.w3.org/2001/XMLSchema#double>"
"""d10""","""park_share""","""0.06513524976437324""^^<http://www.w3.org/2001/XMLSchema#double>"
"""d10""","""pct_tertiary_education""","""17.78""^^<http://www.w3.org/2001/XMLSchema#double>"
"""d10""","""pharmacies_per_1000""","""0.14""^^<http://www.w3.org/2001/XMLSchema#double>"
"""d10""","""playgrounds_per_10k""","""3.4947802320892514""^^<http://www.w3.org/2001/XMLSchema#double>"
"""d10""","""population_density""","""7012.26""^^<http://www.w3.org/2001/XMLSchema#double>"
"""d10""","""road_share""","""0.06109101476594408""^^<http://www.w3.org/2001/XMLSchema#double>"
"""d10""","""schools_per_10k""","""3.091536359155876""^^<http://www.w3.org/2001/XMLSchema#double>"
"""d10""","""single_household_share""","""0.19091805188404498""^^<http://www.w3.org/2001/XMLSchema#double>"
"""d10""","""specialists_per_1000""","""0.56""^^<http://www.w3.org/2001/XMLSchema#double>"
"""d10""","""stations_per_km2""","""4.209864907320139""^^<http://www.w3.org/2001/XMLSchema#double>"
"""d10""","""subway_lines""","""1""^^<http://www.w3.org/2001/XMLSchema#double>"
"""d10""","""swimming_per_10k""","""0.2688292486222501""^^<http://www.w3.org/2001/XMLSchema#double>"
"""d10""","""tennis_per_10k""","""1.3441462431112505""^^<http://www.w3.org/2001/XMLSchema#double>"
"""d10""","""unemployed_per_1000""","""142.87""^^<http://www.w3.org/2001/XMLSchema#double>"
"""d10""","""universities""","""6""^^<http://www.w3.org/2001/XMLSchema#double>"
"""d10""","""volleyball_per_10k""","""1.5681706169631258""^^<http://www.w3.org/2001/XMLSchema#double>"
"""d05""","""avg_age""","""40.72""^^<http://www.w3.org/2001/XMLSchema#double>"
"""d05""","""basketball_per_10k""","""3.2978509004965098""^^<http://www.w3.org/2001/XMLSchema#double>"
"""d05""","""cars_per_1000""","""257.87""^^<http://www.w3.org/2001/XMLSchema#double>"
"""d05""","""cycle_km_per_km2""","""13.358208955223883""^^<http://www.w3.org/2001/XMLSchema#double>"
"""d05""","""families_with_children_share""","""0.5403572609990076""^^<http://www.w3.org/2001/XMLSchema#double>"
"""d05""","""fitness_per_10k""","""2.9314230226635645""^^<http://www.w3.org/2001/XMLSchema#double>"
"""d05""","""food_per_km2""","""68.65671641791046""^^<http://www.w3.org/2001/XMLSchema#double>"
"""d05""","""football_per_10k""","""3.2978509004965098""^^<http://www.w3.org/2001/XMLSchema#double>"
"""d05""","""gps_per_1000""","""0.72""^^<http://www.w3.org/2001/XMLSchema#double>"
"""d05""","""kindergartens_per_10k""","""8.977483006907166""^^<http://www.w3.org/2001/XMLSchema#double>"
"""d05""","""minutes_to_centre""","""18""^^<http://www.w3.org/2001/XMLSchema#double>"
"""d05""","""museums""","""6""^^<http://www.w3.org/2001/XMLSchema#double>"
"""d05""","""net_income""","""23096""^^<http://www.w3.org/2001/XMLSchema#double>"
"""d05""","""nightlife_per_km2""","""10.447761194029852""^^<http://www.w3.org/2001/XMLSchema#double>"
"""d05""","""overnight_stays_per_1000""","""11389.54""^^<http://www.w3.org/2001/XMLSchema#double>"
"""d05""","""park_share""","""0.050141791044776125""^^<http://www.w3.org/2001/XMLSchema#double>"
"""d05""","""pct_tertiary_education""","""38.19""^^<http://www.w3.org/2001/XMLSchema#double>"
"""d05""","""pharmacies_per_1000""","""0.17""^^<http://www.w3.org/2001/XMLSchema#double>"
"""d05""","""playgrounds_per_10k""","""3.4810648394129826""^^<http://www.w3.org/2001/XMLSchema#double>"
"""d05""","""population_density""","""27132.61""^^<http://www.w3.org/2001/XMLSchema#double>"
"""d05""","""road_share""","""0.18888009950248758""^^<http://www.w3.org/2001/XMLSchema#double>"
"""d05""","""schools_per_10k""","""2.5649951448306187""^^<http://www.w3.org/2001/XMLSchema#double>"
"""d05""","""single_household_share""","""0.27046041662849707""^^<http://www.w3.org/2001/XMLSchema#double>"
"""d05""","""specialists_per_1000""","""1.84""^^<http://www.w3.org/2001/XMLSchema#double>"
"""d05""","""stations_per_km2""","""11.940298507462687""^^<http://www.w3.org/2001/XMLSchema#double>"
"""d05""","""subway_lines""","""1""^^<http://www.w3.org/2001/XMLSchema#double>"
"""d05""","""swimming_per_10k""","""0.18321393891647278""^^<http://www.w3.org/2001/XMLSchema#double>"
"""d05""","""tennis_per_10k""","""1.6489254502482549""^^<http://www.w3.org/2001/XMLSchema#double>"
"""d05""","""unemployed_per_1000""","""107.32""^^<http://www.w3.org/2001/XMLSchema#double>"
"""d05""","""universities""","""0""^^<http://www.w3.org/2001/XMLSchema#double>"
"""d05""","""volleyball_per_10k""","""0.36642787783294556""^^<http://www.w3.org/2001/XMLSchema#double>"
"""d12""","""avg_age""","""40.62""^^<http://www.w3.org/2001/XMLSchema#double>"
"""d12""","""basketball_per_10k""","""2.5392360805914467""^^<http://www.w3.org/2001/XMLSchema#double>"
"""d12""","""cars_per_1000""","""360.37""^^<http://www.w3.org/2001/XMLSchema#double>"
"""d12""","""cycle_km_per_km2""","""8.012345679012347""^^<http://www.w3.org/2001/XMLSchema#double>"
"""d12""","""families_with_children_share""","""0.5996649916247906""^^<http://www.w3.org/2001/XMLSchema#double>"
"""d12""","""fitness_per_10k""","""2.3439102282382587""^^<http://www.w3.org/2001/XMLSchema#double>"
"""d12""","""food_per_km2""","""17.40740740740741""^^<http://www.w3.org/2001/XMLSchema#double>"
"""d12""","""football_per_10k""","""2.7345619329446347""^^<http://www.w3.org/2001/XMLSchema#double>"
"""d12""","""gps_per_1000""","""0.66""^^<http://www.w3.org/2001/XMLSchema#double>"
"""d12""","""kindergartens_per_10k""","""7.910697020304123""^^<http://www.w3.org/2001/XMLSchema#double>"
"""d12""","""minutes_to_centre""","""22""^^<http://www.w3.org/2001/XMLSchema#double>"
"""d12""","""museums""","""4""^^<http://www.w3.org/2001/XMLSchema#double>"
"""d12""","""net_income""","""22485""^^<http://www.w3.org/2001/XMLSchema#double>"
"""d12""","""nightlife_per_km2""","""2.0987654320987654""^^<http://www.w3.org/2001/XMLSchema#double>"
"""d12""","""overnight_stays_per_1000""","""5249.39""^^<http://www.w3.org/2001/XMLSchema#double>"
"""d12""","""park_share""","""0.03356222222222222""^^<http://www.w3.org/2001/XMLSchema#double>"
"""d12""","""pct_tertiary_education""","""25.4""^^<http://www.w3.org/2001/XMLSchema#double>"
"""d12""","""pharmacies_per_1000""","""0.16""^^<http://www.w3.org/2001/XMLSchema#double>"
"""d12""","""playgrounds_per_10k""","""3.2228765638276053""^^<http://www.w3.org/2001/XMLSchema#double>"
"""d12""","""population_density""","""12636.04""^^<http://www.w3.org/2001/XMLSchema#double>"
"""d12""","""road_share""","""0.11390382716049383""^^<http://www.w3.org/2001/XMLSchema#double>"
"""d12""","""schools_per_10k""","""3.125213637651011""^^<http://www.w3.org/2001/XMLSchema#double>"
"""d12""","""single_household_share""","""0.2237457638705771""^^<http://www.w3.org/2001/XMLSchema#double>"
"""d12""","""specialists_per_1000""","""1.05""^^<http://www.w3.org/2001/XMLSchema#double>"
"""d12""","""stations_per_km2""","""9.012345679012347""^^<http://www.w3.org/2001/XMLSchema#double>"
"""d12""","""subway_lines""","""2""^^<http://www.w3.org/2001/XMLSchema#double>"
"""d12""","""swimming_per_10k""","""0.0976629261765941""^^<http://www.w3.org/2001/XMLSchema#double>"
"""d12""","""tennis_per_10k""","""1.1719551141191293""^^<http://www.w3.org/2001/XMLSchema#double>"
"""d12""","""unemployed_per_1000""","""131.65""^^<http://www.w3.org/2001/XMLSchema#double>"
"""d12""","""universities""","""0""^^<http://www.w3.org/2001/XMLSchema#double>"
"""d12""","""volleyball_per_10k""","""0.976629261765941""^^<http://www.w3.org/2001/XMLSchema#double>"
"""d15""","""avg_age""","""40.57""^^<http://www.w3.org/2001/XMLSchema#double>"
"""d15""","""basketball_per_10k""","""3.688967352638929""^^<http://www.w3.org/2001/XMLSchema#double>"
"""d15""","""cars_per_1000""","""267.78""^^<http://www.w3.org/2001/XMLSchema#double>"
"""d15""","""cycle_km_per_km2""","""10.816326530612244""^^<http://www.w3.org/2001/XMLSchema#double>"
"""d15""","""families_with_children_share""","""0.5715552402908317""^^<http://www.w3.org/2001/XMLSchema#double>"
"""d15""","""fitness_per_10k""","""2.8984743485020155""^^<http://www.w3.org/2001/XMLSchema#double>"
"""d15""","""food_per_km2""","""45.1530612244898""^^<http://www.w3.org/2001/XMLSchema#double>"
"""d15""","""football_per_10k""","""4.215962688730205""^^<http://www.w3.org/2001/XMLSchema#double>"
"""d15""","""gps_per_1000""","""0.58""^^<http://www.w3.org/2001/XMLSchema#double>"
"""d15""","""kindergartens_per_10k""","""8.168427709414772""^^<http://www.w3.org/2001/XMLSchema#double>"
"""d15""","""minutes_to_centre""","""12""^^<http://www.w3.org/2001/XMLSchema#double>"
"""d15""","""museums""","""3""^^<http://www.w3.org/2001/XMLSchema#double>"
"""d15""","""net_income""","""20866""^^<http://www.w3.org/2001/XMLSchema#double>"
"""d15""","""nightlife_per_km2""","""8.16326530612245""^^<http://www.w3.org/2001/XMLSchema#double>"
"""d15""","""overnight_stays_per_1000""","""17706.39""^^<http://www.w3.org/2001/XMLSchema#double>"
"""d15""","""park_share""","""0.061011224489795915""^^<http://www.w3.org/2001/XMLSchema#double>"
"""d15""","""pct_tertiary_education""","""29.75""^^<http://www.w3.org/2001/XMLSchema#double>"
"""d15""","""pharmacies_per_1000""","""0.18""^^<http://www.w3.org/2001/XMLSchema#double>"
"""d15""","""playgrounds_per_10k""","""4.611209190798661""^^<http://www.w3.org/2001/XMLSchema#double>"
"""d15""","""population_density""","""19370.35""^^<http://www.w3.org/2001/XMLSchema#double>"
"""d15""","""road_share""","""0.1529548469387755""^^<http://www.w3.org/2001/XMLSchema#double>"
"""d15""","""schools_per_10k""","""5.401702194935575""^^<http://www.w3.org/2001/XMLSchema#double>"
"""d15""","""single_household_share""","""0.2473452609944402""^^<http://www.w3.org/2001/XMLSchema#double>"
"""d15""","""specialists_per_1000""","""1.03""^^<http://www.w3.org/2001/XMLSchema#double>"
"""d15""","""stations_per_km2""","""7.908163265306123""^^<http://www.w3.org/2001/XMLSchema#double>"
"""d15""","""subway_lines""","""2""^^<http://www.w3.org/2001/XMLSchema#double>"
"""d15""","""swimming_per_10k""","""0.2634976680456378""^^<http://www.w3.org/2001/XMLSchema#double>"
"""d15""","""tennis_per_10k""","""1.9762325103422833""^^<http://www.w3.org/2001/XMLSchema#double>"
"""d15""","""unemployed_per_1000""","""132.97""^^<http://www.w3.org/2001/XMLSchema#double>"
"""d15""","""universities""","""3""^^<http://www.w3.org/2001/XMLSchema#double>"
"""d15""","""volleyball_per_10k""","""1.5809860082738267""^^<http://www.w3.org/2001/XMLSchema#double>"
"""d16""","""avg_age""","""41.25""^^<http://www.w3.org/2001/XMLSchema#double>"
"""d16""","""basketball_per_10k""","""2.2389439971964524""^^<http://www.w3.org/2001/XMLSchema#double>"
"""d16""","""cars_per_1000""","""314.79""^^<http://www.w3.org/2001/XMLSchema#double>"
"""d16""","""cycle_km_per_km2""","""5.405997693194925""^^<http://www.w3.org/2001/XMLSchema#double>"
"""d16""","""families_with_children_share""","""0.5789999167984026""^^<http://www.w3.org/2001/XMLSchema#double>"
"""d16""","""fitness_per_10k""","""1.5575262589192713""^^<http://www.w3.org/2001/XMLSchema#double>"
"""d16""","""food_per_km2""","""17.76239907727797""^^<http://www.w3.org/2001/XMLSchema#double>"
"""d16""","""football_per_10k""","""3.601779473750815""^^<http://www.w3.org/2001/XMLSchema#double>"
"""d16""","""gps_per_1000""","""0.55""^^<http://www.w3.org/2001/XMLSchema#double>"
"""d16""","""kindergartens_per_10k""","""8.566394424055993""^^<http://www.w3.org/2001/XMLSchema#double>"
"""d16""","""minutes_to_centre""","""13""^^<http://www.w3.org/2001/XMLSchema#double>"
"""d16""","""museums""","""0""^^<http://www.w3.org/2001/XMLSchema#double>"
"""d16""","""net_income""","""22345""^^<http://www.w3.org/2001/XMLSchema#double>"
"""d16""","""nightlife_per_km2""","""3.344867358708189""^^<http://www.w3.org/2001/XMLSchema#double>"
"""d16""","""overnight_stays_per_1000""","""2601.62""^^<http://www.w3.org/2001/XMLSchema#double>"
"""d16""","""park_share""","""0.015207612456747404""^^<http://www.w3.org/2001/XMLSchema#double>"
"""d16""","""pct_tertiary_education""","""28.39""^^<http://www.w3.org/2001/XMLSchema#double>"
"""d16""","""pharmacies_per_1000""","""0.15""^^<http://www.w3.org/2001/XMLSchema#double>"
"""d16""","""playgrounds_per_10k""","""3.3097433002034515""^^<http://www.w3.org/2001/XMLSchema#double>"
"""d16""","""population_density""","""11844.39""^^<http://www.w3.org/2001/XMLSchema#double>"
"""d16""","""road_share""","""0.09401787773933103""^^<http://www.w3.org/2001/XMLSchema#double>"
"""d16""","""schools_per_10k""","""2.336289388378907""^^<http://www.w3.org/2001/XMLSchema#double>"
"""d16""","""single_household_share""","""0.23895373173557097""^^<http://www.w3.org/2001/XMLSchema#double>"
"""d16""","""specialists_per_1000""","""1.01""^^<http://www.w3.org/2001/XMLSchema#double>"
"""d16""","""stations_per_km2""","""6.228373702422146""^^<http://www.w3.org/2001/XMLSchema#double>"
"""d16""","""subway_lines""","""2""^^<http://www.w3.org/2001/XMLSchema#double>"
"""d16""","""swimming_per_10k""","""0.5840723470947268""^^<http://www.w3.org/2001/XMLSchema#double>"
"""d16""","""tennis_per_10k""","""1.3628354765543624""^^<http://www.w3.org/2001/XMLSchema#double>"
"""d16""","""unemployed_per_1000""","""117.49""^^<http://www.w3.org/2001/XMLSchema#double>"
"""d16""","""universities""","""1""^^<http://www.w3.org/2001/XMLSchema#double>"
"""d16""","""volleyball_per_10k""","""1.070799303006999""^^<http://www.w3.org/2001/XMLSchema#double>"
"""d17""","""avg_age""","""41.57""^^<http://www.w3.org/2001/XMLSchema#double>"
"""d17""","""basketball_per_10k""","""2.642380256134726""^^<http://www.w3.org/2001/XMLSchema#double>"
"""d17""","""cars_per_1000""","""305.62""^^<http://www.w3.org/2001/XMLSchema#double>"
"""d17""","""cycle_km_per_km2""","""4.222124670763828""^^<http://www.w3.org/2001/XMLSchema#double>"
"""d17""","""families_with_children_share""","""0.5776064610866373""^^<http://www.w3.org/2001/XMLSchema#double>"
"""d17""","""fitness_per_10k""","""1.5854281536808357""^^<http://www.w3.org/2001/XMLSchema#double>"
"""d17""","""food_per_km2""","""9.043020193151888""^^<http://www.w3.org/2001/XMLSchema#double>"
"""d17""","""football_per_10k""","""5.108601828527137""^^<http://www.w3.org/2001/XMLSchema#double>"
"""d17""","""gps_per_1000""","""0.65""^^<http://www.w3.org/2001/XMLSchema#double>"
"""d17""","""kindergartens_per_10k""","""8.279458135888808""^^<http://www.w3.org/2001/XMLSchema#double>"
"""d17""","""minutes_to_centre""","""12""^^<http://www.w3.org/2001/XMLSchema#double>"
"""d17""","""museums""","""1""^^<http://www.w3.org/2001/XMLSchema#double>"
"""d17""","""net_income""","""23891""^^<http://www.w3.org/2001/XMLSchema#double>"
"""d17""","""nightlife_per_km2""","""1.3169446883230904""^^<http://www.w3.org/2001/XMLSchema#double>"
"""d17""","""overnight_stays_per_1000""","""6058.04""^^<http://www.w3.org/2001/XMLSchema#double>"
"""d17""","""park_share""","""0.00796251097453907""^^<http://www.w3.org/2001/XMLSchema#double>"
"""d17""","""pct_tertiary_education""","""35.92""^^<http://www.w3.org/2001/XMLSchema#double>"
"""d17""","""pharmacies_per_1000""","""0.19""^^<http://www.w3.org/2001/XMLSchema#double>"
"""d17""","""playgrounds_per_10k""","""3.347014991103986""^^<http://www.w3.org/2001/XMLSchema#double>"
"""d17""","""population_density""","""4983.41""^^<http://www.w3.org/2001/XMLSchema#double>"
"""d17""","""road_share""","""0.056628797190518""^^<http://www.w3.org/2001/XMLSchema#double>"
"""d17""","""schools_per_10k""","""3.6993323585886166""^^<http://www.w3.org/2001/XMLSchema#double>"
"""d17""","""single_household_share""","""0.22948191731111386""^^<http://www.w3.org/2001/XMLSchema#double>"
"""d17""","""specialists_per_1000""","""2.7""^^<http://www.w3.org/2001/XMLSchema#double>"
"""d17""","""stations_per_km2""","""4.653204565408252""^^<http://www.w3.org/2001/XMLSchema#double>"
"""d17""","""subway_lines""","""0""^^<http://www.w3.org/2001/XMLSchema#double>"
"""d17""","""swimming_per_10k""","""0.8807934187115753""^^<http://www.w3.org/2001/XMLSchema#double>"
"""d17""","""tennis_per_10k""","""3.347014991103986""^^<http://www.w3.org/2001/XMLSchema#double>"
"""d17""","""unemployed_per_1000""","""101.06""^^<http://www.w3.org/2001/XMLSchema#double>"
"""d17""","""universities""","""0""^^<http://www.w3.org/2001/XMLSchema#double>"
"""d17""","""volleyball_per_10k""","""1.2331107861962054""^^<http://www.w3.org/2001/XMLSchema#double>"
"""d18""","""avg_age""","""42.18""^^<http://www.w3.org/2001/XMLSchema#double>"
"""d18""","""basketball_per_10k""","""2.9196511990034257""^^<http://www.w3.org/2001/XMLSchema#double>"
"""d18""","""cars_per_1000""","""340.9""^^<http://www.w3.org/2001/XMLSchema#double>"
"""d18""","""cycle_km_per_km2""","""6.149606299212598""^^<http://www.w3.org/2001/XMLSchema#double>"
"""d18""","""families_with_children_share""","""0.5918631979901127""^^<http://www.w3.org/2001/XMLSchema#double>"
"""d18""","""fitness_per_10k""","""3.503581438804111""^^<http://www.w3.org/2001/XMLSchema#double>"
"""d18""","""food_per_km2""","""13.070866141732283""^^<http://www.w3.org/2001/XMLSchema#double>"
"""d18""","""football_per_10k""","""3.114294612270321""^^<http://www.w3.org/2001/XMLSchema#double>"
"""d18""","""gps_per_1000""","""1.32""^^<http://www.w3.org/2001/XMLSchema#double>"
"""d18""","""kindergartens_per_10k""","""11.094674556213018""^^<http://www.w3.org/2001/XMLSchema#double>"
"""d18""","""minutes_to_centre""","""6""^^<http://www.w3.org/2001/XMLSchema#double>"
"""d18""","""museums""","""2""^^<http://www.w3.org/2001/XMLSchema#double>"
"""d18""","""net_income""","""28751""^^<http://www.w3.org/2001/XMLSchema#double>"
"""d18""","""nightlife_per_km2""","""2.047244094488189""^^<http://www.w3.org/2001/XMLSchema#double>"
"""d18""","""overnight_stays_per_1000""","""1156.81""^^<http://www.w3.org/2001/XMLSchema#double>"
"""d18""","""park_share""","""0.09748929133858268""^^<http://www.w3.org/2001/XMLSchema#double>"
"""d18""","""pct_tertiary_education""","""51.81""^^<http://www.w3.org/2001/XMLSchema#double>"
"""d18""","""pharmacies_per_1000""","""0.21""^^<http://www.w3.org/2001/XMLSchema#double>"
"""d18""","""playgrounds_per_10k""","""4.476798505138587""^^<http://www.w3.org/2001/XMLSchema#double>"
"""d18""","""population_density""","""8094.27""^^<http://www.w3.org/2001/XMLSchema#double>"
"""d18""","""road_share""","""0.08927511811023622""^^<http://www.w3.org/2001/XMLSchema#double>"
"""d18""","""schools_per_10k""","""6.812519464341327""^^<http://www.w3.org/2001/XMLSchema#double>"
"""d18""","""single_household_share""","""0.24427748364995328""^^<http://www.w3.org/2001/XMLSchema#double>"
"""d18""","""specialists_per_1000""","""5.64""^^<http://www.w3.org/2001/XMLSchema#double>"
"""d18""","""stations_per_km2""","""5.669291338582678""^^<http://www.w3.org/2001/XMLSchema#double>"
"""d18""","""subway_lines""","""1""^^<http://www.w3.org/2001/XMLSchema#double>"
"""d18""","""swimming_per_10k""","""0.3892868265337901""^^<http://www.w3.org/2001/XMLSchema#double>"
"""d18""","""tennis_per_10k""","""2.9196511990034257""^^<http://www.w3.org/2001/XMLSchema#double>"
"""d18""","""unemployed_per_1000""","""66.28""^^<http://www.w3.org/2001/XMLSchema#double>"
"""d18""","""universities""","""8""^^<http://www.w3.org/2001/XMLSchema#double>"
"""d18""","""volleyball_per_10k""","""1.3625038928682653""^^<http://www.w3.org/2001/XMLSchema#double>"
"""d19""","""avg_age""","""44.15""^^<http://www.w3.org/2001/XMLSchema#double>"
"""d19""","""basketball_per_10k""","""3.1548229355627413""^^<http://www.w3.org/2001/XMLSchema#double>"
"""d19""","""cars_per_1000""","""407.94""^^<http://www.w3.org/2001/XMLSchema#double>"
"""d19""","""cycle_km_per_km2""","""2.9230152365677626""^^<http://www.w3.org/2001/XMLSchema#double>"
"""d19""","""families_with_children_share""","""0.6040081038164595""^^<http://www.w3.org/2001/XMLSchema#double>"
"""d19""","""fitness_per_10k""","""3.0233719799142937""^^<http://www.w3.org/2001/XMLSchema#double>"
"""d19""","""food_per_km2""","""6.936647955092221""^^<http://www.w3.org/2001/XMLSchema#double>"
"""d19""","""football_per_10k""","""4.469332492047217""^^<http://www.w3.org/2001/XMLSchema#double>"
"""d19""","""gps_per_1000""","""1.07""^^<http://www.w3.org/2001/XMLSchema#double>"
"""d19""","""kindergartens_per_10k""","""7.361253516313063""^^<http://www.w3.org/2001/XMLSchema#double>"
"""d19""","""minutes_to_centre""","""16""^^<http://www.w3.org/2001/XMLSchema#double>"
"""d19""","""museums""","""3""^^<http://www.w3.org/2001/XMLSchema#double>"
"""d19""","""net_income""","""29903""^^<http://www.w3.org/2001/XMLSchema#double>"
"""d19""","""nightlife_per_km2""","""0.681635926222935""^^<http://www.w3.org/2001/XMLSchema#double>"
"""d19""","""overnight_stays_per_1000""","""2618.67""^^<http://www.w3.org/2001/XMLSchema#double>"
"""d19""","""park_share""","""0.017804811547714516""^^<http://www.w3.org/2001/XMLSchema#double>"
"""d19""","""pct_tertiary_education""","""43.21""^^<http://www.w3.org/2001/XMLSchema#double>"
"""d19""","""pharmacies_per_1000""","""0.16""^^<http://www.w3.org/2001/XMLSchema#double>"
"""d19""","""playgrounds_per_10k""","""4.732234403344112""^^<http://www.w3.org/2001/XMLSchema#double>"
"""d19""","""population_density""","""3049.81""^^<http://www.w3.org/2001/XMLSchema#double>"
"""d19""","""road_share""","""0.053267722534081796""^^<http://www.w3.org/2001/XMLSchema#double>"
"""d19""","""schools_per_10k""","""4.600783447695664""^^<http://www.w3.org/2001/XMLSchema#double>"
"""d19""","""single_household_share""","""0.2272392670294713""^^<http://www.w3.org/2001/XMLSchema#double>"
"""d19""","""specialists_per_1000""","""5.72""^^<http://www.w3.org/2001/XMLSchema#double>"
"""d19""","""stations_per_km2""","""3.4482758620689653""^^<http://www.w3.org/2001/XMLSchema#double>"
"""d19""","""subway_lines""","""1""^^<http://www.w3.org/2001/XMLSchema#double>"
"""d19""","""swimming_per_10k""","""0.6572547782422378""^^<http://www.w3.org/2001/XMLSchema#double>"
"""d19""","""tennis_per_10k""","""3.549175802508084""^^<http://www.w3.org/2001/XMLSchema#double>"
"""d19""","""unemployed_per_1000""","""74.97""^^<http://www.w3.org/2001/XMLSchema#double>"
"""d19""","""universities""","""17""^^<http://www.w3.org/2001/XMLSchema#double>"
"""d19""","""volleyball_per_10k""","""1.3145095564844755""^^<http://www.w3.org/2001/XMLSchema#double>"
"""d23""","""avg_age""","""42.01""^^<http://www.w3.org/2001/XMLSchema#double>"
"""d23""","""basketball_per_10k""","""3.7990849863394605""^^<http://www.w3.org/2001/XMLSchema#double>"
"""d23""","""cars_per_1000""","""525.03""^^<http://www.w3.org/2001/XMLSchema#double>"
"""d23""","""cycle_km_per_km2""","""3.227386150966937""^^<http://www.w3.org/2001/XMLSchema#double>"
"""d23""","""families_with_children_share""","""0.599816653934301""^^<http://www.w3.org/2001/XMLSchema#double>"
"""d23""","""fitness_per_10k""","""2.9907690317991498""^^<http://www.w3.org/2001/XMLSchema#double>"
"""d23""","""food_per_km2""","""3.399875233936369""^^<http://www.w3.org/2001/XMLSchema#double>"
"""d23""","""football_per_10k""","""6.628190827230548""^^<http://www.w3.org/2001/XMLSchema#double>"
"""d23""","""gps_per_1000""","""0.59""^^<http://www.w3.org/2001/XMLSchema#double>"
"""d23""","""kindergartens_per_10k""","""7.840664759041014""^^<http://www.w3.org/2001/XMLSchema#double>"
"""d23""","""minutes_to_centre""","""27""^^<http://www.w3.org/2001/XMLSchema#double>"
"""d23""","""museums""","""2""^^<http://www.w3.org/2001/XMLSchema#double>"
"""d23""","""net_income""","""27268""^^<http://www.w3.org/2001/XMLSchema#double>"
"""d23""","""nightlife_per_km2""","""0.15595757953836556""^^<http://www.w3.org/2001/XMLSchema#double>"
"""d23""","""overnight_stays_per_1000""","""593.09""^^<http://www.w3.org/2001/XMLSchema#double>"
"""d23""","""park_share""","""0.01827018091079226""^^<http://www.w3.org/2001/XMLSchema#double>"
"""d23""","""pct_tertiary_education""","""25.6""^^<http://www.w3.org/2001/XMLSchema#double>"
"""d23""","""pharmacies_per_1000""","""0.17""^^<http://www.w3.org/2001/XMLSchema#double>"
"""d23""","""playgrounds_per_10k""","""2.586611054528994""^^<http://www.w3.org/2001/XMLSchema#double>"
"""d23""","""population_density""","""3858.62""^^<http://www.w3.org/2001/XMLSchema#double>"
"""d23""","""road_share""","""0.06505901434809731""^^<http://www.w3.org/2001/XMLSchema#double>"
"""d23""","""schools_per_10k""","""4.203242963609616""^^<http://www.w3.org/2001/XMLSchema#double>"
"""d23""","""single_household_share""","""0.184700195612461""^^<http://www.w3.org/2001/XMLSchema#double>"
"""d23""","""specialists_per_1000""","""1.08""^^<http://www.w3.org/2001/XMLSchema#double>"
"""d23""","""stations_per_km2""","""4.772301933873986""^^<http://www.w3.org/2001/XMLSchema#double>"
"""d23""","""subway_lines""","""1""^^<http://www.w3.org/2001/XMLSchema#double>"
"""d23""","""swimming_per_10k""","""0.3233263818161243""^^<http://www.w3.org/2001/XMLSchema#double>"
"""d23""","""tennis_per_10k""","""2.586611054528994""^^<http://www.w3.org/2001/XMLSchema#double>"
"""d23""","""unemployed_per_1000""","""90.18""^^<http://www.w3.org/2001/XMLSchema#double>"
"""d23""","""universities""","""0""^^<http://www.w3.org/2001/XMLSchema#double>"
"""d23""","""volleyball_per_10k""","""1.6166319090806216""^^<http://www.w3.org/2001/XMLSchema#double>"
"""d13""","""avg_age""","""45.22""^^<http://www.w3.org/2001/XMLSchema#double>"
"""d13""","""basketball_per_10k""","""3.7427817779995722""^^<http://www.w3.org/2001/XMLSchema#double>"
"""d13""","""cars_per_1000""","""433.7""^^<http://www.w3.org/2001/XMLSchema#double>"
"""d13""","""cycle_km_per_km2""","""1.9379474940334127""^^<http://www.w3.org/2001/XMLSchema#double>"
"""d13""","""families_with_children_share""","""0.5941076727426876""^^<http://www.w3.org/2001/XMLSchema#double>"
"""d13""","""fitness_per_10k""","""1.7822770371426533""^^<http://www.w3.org/2001/XMLSchema#double>"
"""d13""","""food_per_km2""","""2.360116679925749""^^<http://www.w3.org/2001/XMLSchema#double>"
"""d13""","""football_per_10k""","""5.881514222570756""^^<http://www.w3.org/2001/XMLSchema#double>"
"""d13""","""gps_per_1000""","""1.5""^^<http://www.w3.org/2001/XMLSchema#double>"
"""d13""","""kindergartens_per_10k""","""7.842018963427675""^^<http://www.w3.org/2001/XMLSchema#double>"
"""d13""","""minutes_to_centre""","""21""^^<http://www.w3.org/2001/XMLSchema#double>"
"""d13""","""museums""","""3""^^<http://www.w3.org/2001/XMLSchema#double>"
"""d13""","""net_income""","""31719""^^<http://www.w3.org/2001/XMLSchema#double>"
"""d13""","""nightlife_per_km2""","""0.2386634844868735""^^<http://www.w3.org/2001/XMLSchema#double>"
"""d13""","""overnight_stays_per_1000""","""3921.34""^^<http://www.w3.org/2001/XMLSchema#double>"
"""d13""","""park_share""","""0.013589923097321665""^^<http://www.w3.org/2001/XMLSchema#double>"
"""d13""","""pct_tertiary_education""","""44.9""^^<http://www.w3.org/2001/XMLSchema#double>"
"""d13""","""pharmacies_per_1000""","""0.14""^^<http://www.w3.org/2001/XMLSchema#double>"
"""d13""","""playgrounds_per_10k""","""4.812148000285164""^^<http://www.w3.org/2001/XMLSchema#double>"
"""d13""","""population_density""","""1487.69""^^<http://www.w3.org/2001/XMLSchema#double>"
"""d13""","""road_share""","""0.02935523733757624""^^<http://www.w3.org/2001/XMLSchema#double>"
"""d13""","""schools_per_10k""","""6.416197333713552""^^<http://www.w3.org/2001/XMLSchema#double>"
"""d13""","""single_household_share""","""0.21324944749411848""^^<http://www.w3.org/2001/XMLSchema#double>"
"""d13""","""specialists_per_1000""","""5.12""^^<http://www.w3.org/2001/XMLSchema#double>"
"""d13""","""stations_per_km2""","""1.96234420578096""^^<http://www.w3.org/2001/XMLSchema#double>"
"""d13""","""subway_lines""","""1""^^<http://www.w3.org/2001/XMLSchema#double>"
"""d13""","""swimming_per_10k""","""0.8911385185713266""^^<http://www.w3.org/2001/XMLSchema#double>"
"""d13""","""tennis_per_10k""","""2.8516432594282453""^^<http://www.w3.org/2001/XMLSchema#double>"
"""d13""","""unemployed_per_1000""","""70.53""^^<http://www.w3.org/2001/XMLSchema#double>"
"""d13""","""universities""","""2""^^<http://www.w3.org/2001/XMLSchema#double>"
"""d13""","""volleyball_per_10k""","""1.604049333428388""^^<http://www.w3.org/2001/XMLSchema#double>"
"""d14""","""avg_age""","""42.8""^^<http://www.w3.org/2001/XMLSchema#double>"
"""d14""","""basketball_per_10k""","""2.42304314026391""^^<http://www.w3.org/2001/XMLSchema#double>"
"""d14""","""cars_per_1000""","""355.83""^^<http://www.w3.org/2001/XMLSchema#double>"
"""d14""","""cycle_km_per_km2""","""3.050355450236967""^^<http://www.w3.org/2001/XMLSchema#double>"
"""d14""","""families_with_children_share""","""0.5713483371444619""^^<http://www.w3.org/2001/XMLSchema#double>"
"""d14""","""fitness_per_10k""","""2.0192026168865915""^^<http://www.w3.org/2001/XMLSchema#double>"
"""d14""","""food_per_km2""","""4.028436018957346""^^<http://www.w3.org/2001/XMLSchema#double>"
"""d14""","""football_per_10k""","""3.9374451029288537""^^<http://www.w3.org/2001/XMLSchema#double>"
"""d14""","""gps_per_1000""","""0.61""^^<http://www.w3.org/2001/XMLSchema#double>"
"""d14""","""kindergartens_per_10k""","""7.572009813324718""^^<http://www.w3.org/2001/XMLSchema#double>"
"""d14""","""minutes_to_centre""","""17""^^<http://www.w3.org/2001/XMLSchema#double>"
"""d14""","""museums""","""6""^^<http://www.w3.org/2001/XMLSchema#double>"
"""d14""","""net_income""","""26571""^^<http://www.w3.org/2001/XMLSchema#double>"
"""d14""","""nightlife_per_km2""","""0.32582938388625593""^^<http://www.w3.org/2001/XMLSchema#double>"
"""d14""","""overnight_stays_per_1000""","""3246.61""^^<http://www.w3.org/2001/XMLSchema#double>"
"""d14""","""park_share""","""0.01019952606635071""^^<http://www.w3.org/2001/XMLSchema#double>"
"""d14""","""pct_tertiary_education""","""33.14""^^<http://www.w3.org/2001/XMLSchema#double>"
"""d14""","""pharmacies_per_1000""","""0.15""^^<http://www.w3.org/2001/XMLSchema#double>"
"""d14""","""playgrounds_per_10k""","""2.927843794485558""^^<http://www.w3.org/2001/XMLSchema#double>"
"""d14""","""population_density""","""2933.63""^^<http://www.w3.org/2001/XMLSchema#double>"
"""d14""","""road_share""","""0.040962470379146916""^^<http://www.w3.org/2001/XMLSchema#double>"
"""d14""","""schools_per_10k""","""3.634564710395865""^^<http://www.w3.org/2001/XMLSchema#double>"
"""d14""","""single_household_share""","""0.2257670445940898""^^<http://www.w3.org/2001/XMLSchema#double>"
"""d14""","""specialists_per_1000""","""1.52""^^<http://www.w3.org/2001/XMLSchema#double>"
"""d14""","""stations_per_km2""","""3.4360189573459716""^^<http://www.w3.org/2001/XMLSchema#double>"
"""d14""","""subway_lines""","""2""^^<http://www.w3.org/2001/XMLSchema#double>"
"""d14""","""swimming_per_10k""","""0.5048006542216479""^^<http://www.w3.org/2001/XMLSchema#double>"
"""d14""","""tennis_per_10k""","""1.8172823551979325""^^<http://www.w3.org/2001/XMLSchema#double>"
"""d14""","""unemployed_per_1000""","""95.85""^^<http://www.w3.org/2001/XMLSchema#double>"
"""d14""","""universities""","""2""^^<http://www.w3.org/2001/XMLSchema#double>"
"""d14""","""volleyball_per_10k""","""0.5048006542216479""^^<http://www.w3.org/2001/XMLSchema#double>"
"""d21""","""avg_age""","""40.62""^^<http://www.w3.org/2001/XMLSchema#double>"
"""d21""","""basketball_per_10k""","""3.270887518398742""^^<http://www.w3.org/2001/XMLSchema#double>"
"""d21""","""cars_per_1000""","""372.46""^^<http://www.w3.org/2001/XMLSchema#double>"
"""d21""","""cycle_km_per_km2""","""4.913366336633663""^^<http://www.w3.org/2001/XMLSchema#double>"
"""d21""","""families_with_children_share""","""0.6095144114140043""^^<http://www.w3.org/2001/XMLSchema#double>"
"""d21""","""fitness_per_10k""","""2.5850562645409414""^^<http://www.w3.org/2001/XMLSchema#double>"
"""d21""","""food_per_km2""","""4.747974797479748""^^<http://www.w3.org/2001/XMLSchema#double>"
"""d21""","""football_per_10k""","""5.908700033236437""^^<http://www.w3.org/2001/XMLSchema#double>"
"""d21""","""gps_per_1000""","""0.42""^^<http://www.w3.org/2001/XMLSchema#double>"
"""d21""","""kindergartens_per_10k""","""6.911068788874761""^^<http://www.w3.org/2001/XMLSchema#double>"
"""d21""","""minutes_to_centre""","""21""^^<http://www.w3.org/2001/XMLSchema#double>"
"""d21""","""museums""","""2""^^<http://www.w3.org/2001/XMLSchema#double>"
"""d21""","""net_income""","""24381""^^<http://www.w3.org/2001/XMLSchema#double>"
"""d21""","""nightlife_per_km2""","""0.31503150315031503""^^<http://www.w3.org/2001/XMLSchema#double>"
"""d21""","""overnight_stays_per_1000""","""804.79""^^<http://www.w3.org/2001/XMLSchema#double>"
"""d21""","""park_share""","""0.019420364536453644""^^<http://www.w3.org/2001/XMLSchema#double>"
"""d21""","""pct_tertiary_education""","""19.71""^^<http://www.w3.org/2001/XMLSchema#double>"
"""d21""","""pharmacies_per_1000""","""0.14""^^<http://www.w3.org/2001/XMLSchema#double>"
"""d21""","""playgrounds_per_10k""","""3.798450021366281""^^<http://www.w3.org/2001/XMLSchema#double>"
"""d21""","""population_density""","""4265.01""^^<http://www.w3.org/2001/XMLSchema#double>"
"""d21""","""road_share""","""0.05574147164716472""^^<http://www.w3.org/2001/XMLSchema#double>"
"""d21""","""schools_per_10k""","""3.851206271663035""^^<http://www.w3.org/2001/XMLSchema#double>"
"""d21""","""single_household_share""","""0.19239676920723184""^^<http://www.w3.org/2001/XMLSchema#double>"
"""d21""","""specialists_per_1000""","""0.77""^^<http://www.w3.org/2001/XMLSchema#double>"
"""d21""","""stations_per_km2""","""3.5103510351035103""^^<http://www.w3.org/2001/XMLSchema#double>"
"""d21""","""subway_lines""","""2""^^<http://www.w3.org/2001/XMLSchema#double>"
"""d21""","""swimming_per_10k""","""0.527562502967539""^^<http://www.w3.org/2001/XMLSchema#double>"
"""d21""","""tennis_per_10k""","""2.2157625124636637""^^<http://www.w3.org/2001/XMLSchema#double>"
"""d21""","""unemployed_per_1000""","""112.1""^^<http://www.w3.org/2001/XMLSchema#double>"
"""d21""","""universities""","""6""^^<http://www.w3.org/2001/XMLSchema#double>"
"""d21""","""volleyball_per_10k""","""1.635443759199371""^^<http://www.w3.org/2001/XMLSchema#double>"
