"""d01""","""at:49:1184"""
"""d02""","""at:49:1040"""
"""d03""","""at:49:743"""
"""d04""","""at:49:604"""
"""d06""","""at:49:436"""
"""d07""","""at:49:1430"""
"""d08""","""at:49:615"""
"""d09""","""at:49:1062"""
"""d11""","""at:49:425"""
"""d20""","""at:49:500"""
"""d22""","""at:49:633"""
"""d10""","""at:49:849"""
"""d05""","""at:49:689"""
"""d12""","""at:49:1015"""
"""d15""","""at:49:1468"""
"""d16""","""at:49:1372"""
"""d17""","""at:49:602"""
"""d18""","""at:49:1510"""
"""d19""","""at:49:439"""
"""d23""","""at:49:1499"""
"""d13""","""at:49:1211"""
"""d14""","""at:49:1035"""
"""d21""","""at:49:334"""
