"""d01""","""avg_age""","""high"""
"""d01""","""basketball_per_10k""","""low"""
"""d01""","""cars_per_1000""","""high"""
"""d01""","""cycle_km_per_km2""","""high"""
"""d01""","""families_with_children_share""","""medium"""
"""d01""","""fitness_per_10k""","""high"""
"""d01""","""food_per_km2""","""high"""
"""d01""","""football_per_10k""","""medium"""
"""d01""","""gps_per_1000""","""high"""
"""d01""","""kindergartens_per_10k""","""high"""
"""d01""","""minutes_to_centre""","""low"""
"""d01""","""museums""","""high"""
"""d01""","""net_income""","""high"""
"""d01""","""nightlife_per_km2""","""high"""
"""d01""","""overnight_stays_per_1000""","""high"""
"""d01""","""park_share""","""high"""
"""d01""","""pct_tertiary_education""","""high"""
"""d01""","""pharmacies_per_1000""","""high"""
"""d01""","""playgrounds_per_10k""","""low"""
"""d01""","""population_density""","""medium"""
"""d01""","""road_share""","""high"""
"""d01""","""schools_per_10k""","""high"""
"""d01""","""single_household_share""","""high"""
"""d01""","""specialists_per_1000""","""high"""
"""d01""","""stations_per_km2""","""high"""
"""d01""","""subway_lines""","""high"""
"""d01""","""swimming_per_10k""","""low"""
"""d01""","""tennis_per_10k""","""low"""
"""d01""","""unemployed_per_1000""","""low"""
"""d01""","""universities""","""high"""
"""d01""","""volleyball_per_10k""","""low"""
"""d02""","""avg_age""","""low"""
"""d02""","""basketball_per_10k""","""high"""
"""d02""","""cars_per_1000""","""low"""
"""d02""","""cycle_km_per_km2""","""medium"""
"""d02""","""families_with_children_share""","""medium"""
"""d02""","""fitness_per_10k""","""high"""
"""d02""","""food_per_km2""","""medium"""
"""d02""","""football_per_10k""","""high"""
"""d02""","""gps_per_1000""","""medium"""
"""d02""","""kindergartens_per_10k""","""high"""
"""d02""","""minutes_to_centre""","""low"""
"""d02""","""museums""","""high"""
"""d02""","""net_income""","""medium"""
"""d02""","""nightlife_per_km2""","""medium"""
"""d02""","""overnight_stays_per_1000""","""high"""
"""d02""","""park_share""","""high"""
"""d02""","""pct_tertiary_education""","""medium"""
"""d02""","""pharmacies_per_1000""","""high"""
"""d02""","""playgrounds_per_10k""","""high"""
"""d02""","""population_density""","""medium"""
"""d02""","""road_share""","""low"""
"""d02""","""schools_per_10k""","""medium"""
"""d02""","""single_household_share""","""low"""
"""d02""","""specialists_per_1000""","""medium"""
"""d02""","""stations_per_km2""","""low"""
"""d02""","""subway_lines""","""medium"""
"""d02""","""swimming_per_10k""","""high"""
"""d02""","""tennis_per_10k""","""high"""
"""d02""","""unemployed_per_1000""","""medium"""
"""d02""","""universities""","""high"""
"""d02""","""volleyball_per_10k""","""high"""
"""d03""","""avg_age""","""medium"""
"""d03""","""basketball_per_10k""","""low"""
"""d03""","""cars_per_1000""","""high"""
"""d03""","""cycle_km_per_km2""","""medium"""
"""d03""","""families_with_children_share""","""low"""
"""d03""","""fitness_per_10k""","""medium"""
"""d03""","""food_per_km2""","""medium"""
"""d03""","""football_per_10k""","""low"""
"""d03""","""gps_per_1000""","""medium"""
"""d03""","""kindergartens_per_10k""","""high"""
"""d03""","""minutes_to_centre""","""low"""
"""d03""","""museums""","""high"""
"""d03""","""net_income""","""medium"""
"""d03""","""nightlife_per_km2""","""medium"""
"""d03""","""overnight_stays_per_1000""","""high"""
"""d03""","""park_share""","""high"""
"""d03""","""pct_tertiary_education""","""medium"""
"""d03""","""pharmacies_per_1000""","""medium"""
"""d03""","""playgrounds_per_10k""","""low"""
"""d03""","""population_density""","""medium"""
"""d03""","""road_share""","""medium"""
"""d03""","""schools_per_10k""","""medium"""
"""d03""","""single_household_share""","""high"""
"""d03""","""specialists_per_1000""","""medium"""
"""d03""","""stations_per_km2""","""high"""
"""d03""","""subway_lines""","""medium"""
"""d03""","""swimming_per_10k""","""low"""
"""d03""","""tennis_per_10k""","""medium"""
"""d03""","""unemployed_per_1000""","""medium"""
"""d03""","""universities""","""high"""
"""d03""","""volleyball_per_10k""","""low"""
"""d04""","""avg_age""","""high"""
"""d04""","""basketball_per_10k""","""low"""
"""d04""","""cars_per_1000""","""medium"""
"""d04""","""cycle_km_per_km2""","""high"""
"""d04""","""families_with_children_share""","""low"""
"""d04""","""fitness_per_10k""","""high"""
"""d04""","""food_per_km2""","""high"""
"""d04""","""football_per_10k""","""low"""
"""d04""","""gps_per_1000""","""medium"""
"""d04""","""kindergartens_per_10k""","""high"""
"""d04""","""minutes_to_centre""","""medium"""
"""d04""","""museums""","""high"""
"""d04""","""net_income""","""high"""
"""d04""","""nightlife_per_km2""","""high"""
"""d04""","""overnight_stays_per_1000""","""high"""
"""d04""","""park_share""","""medium"""
"""d04""","""pct_tertiary_education""","""high"""
"""d04""","""pharmacies_per_1000""","""high"""
"""d04""","""playgrounds_per_10k""","""high"""
"""d04""","""population_density""","""high"""
"""d04""","""road_share""","""high"""
"""d04""","""schools_per_10k""","""high"""
"""d04""","""single_household_share""","""medium"""
"""d04""","""specialists_per_1000""","""medium"""
"""d04""","""stations_per_km2""","""high"""
"""d04""","""subway_lines""","""low"""
"""d04""","""swimming_per_10k""","""medium"""
"""d04""","""tennis_per_10k""","""high"""
"""d04""","""unemployed_per_1000""","""medium"""
"""d04""","""universities""","""high"""
"""d04""","""volleyball_per_10k""","""low"""
"""d06""","""avg_age""","""high"""
"""d06""","""basketball_per_10k""","""high"""
"""d06""","""cars_per_1000""","""low"""
"""d06""","""cycle_km_per_km2""","""high"""
"""d06""","""families_with_children_share""","""low"""
"""d06""","""fitness_per_10k""","""high"""
"""d06""","""food_per_km2""","""high"""
"""d06""","""football_per_10k""","""high"""
"""d06""","""gps_per_1000""","""high"""
"""d06""","""kindergartens_per_10k""","""high"""
"""d06""","""minutes_to_centre""","""high"""
"""d06""","""museums""","""medium"""
"""d06""","""net_income""","""medium"""
"""d06""","""nightlife_per_km2""","""high"""
"""d06""","""overnight_stays_per_1000""","""high"""
"""d06""","""park_share""","""medium"""
"""d06""","""pct_tertiary_education""","""high"""
"""d06""","""pharmacies_per_1000""","""high"""
"""d06""","""playgrounds_per_10k""","""medium"""
"""d06""","""population_density""","""high"""
"""d06""","""road_share""","""high"""
"""d06""","""schools_per_10k""","""high"""
"""d06""","""single_household_share""","""high"""
"""d06""","""specialists_per_1000""","""high"""
"""d06""","""stations_per_km2""","""high"""
"""d06""","""subway_lines""","""high"""
"""d06""","""swimming_per_10k""","""medium"""
"""d06""","""tennis_per_10k""","""low"""
"""d06""","""unemployed_per_1000""","""low"""
"""d06""","""universities""","""medium"""
"""d06""","""volleyball_per_10k""","""medium"""
"""d07""","""avg_age""","""medium"""
"""d07""","""basketball_per_10k""","""medium"""
"""d07""","""cars_per_1000""","""low"""
"""d07""","""cycle_km_per_km2""","""high"""
"""d07""","""families_with_children_share""","""low"""
"""d07""","""fitness_per_10k""","""high"""
"""d07""","""food_per_km2""","""high"""
"""d07""","""football_per_10k""","""medium"""
"""d07""","""gps_per_1000""","""high"""
"""d07""","""kindergartens_per_10k""","""medium"""
"""d07""","""minutes_to_centre""","""low"""
"""d07""","""museums""","""high"""
"""d07""","""net_income""","""high"""
"""d07""","""nightlife_per_km2""","""high"""
"""d07""","""overnight_stays_per_1000""","""high"""
"""d07""","""park_share""","""medium"""
"""d07""","""pct_tertiary_education""","""high"""
"""d07""","""pharmacies_per_1000""","""high"""
"""d07""","""playgrounds_per_10k""","""high"""
"""d07""","""population_density""","""high"""
"""d07""","""road_share""","""high"""
"""d07""","""schools_per_10k""","""high"""
"""d07""","""single_household_share""","""high"""
"""d07""","""specialists_per_1000""","""high"""
"""d07""","""stations_per_km2""","""high"""
"""d07""","""subway_lines""","""high"""
"""d07""","""swimming_per_10k""","""low"""
"""d07""","""tennis_per_10k""","""low"""
"""d07""","""unemployed_per_1000""","""low"""
"""d07""","""universities""","""low"""
"""d07""","""volleyball_per_10k""","""medium"""
"""d08""","""avg_age""","""high"""
"""d08""","""basketball_per_10k""","""low"""
"""d08""","""cars_per_1000""","""low"""
"""d08""","""cycle_km_per_km2""","""high"""
"""d08""","""families_with_children_share""","""low"""
"""d08""","""fitness_per_10k""","""high"""
"""d08""","""food_per_km2""","""high"""
"""d08""","""football_per_10k""","""high"""
"""d08""","""gps_per_1000""","""high"""
"""d08""","""kindergartens_per_10k""","""high"""
"""d08""","""minutes_to_centre""","""low"""
"""d08""","""museums""","""medium"""
"""d08""","""net_income""","""high"""
"""d08""","""nightlife_per_km2""","""high"""
"""d08""","""overnight_stays_per_1000""","""high"""
"""d08""","""park_share""","""medium"""
"""d08""","""pct_tertiary_education""","""high"""
"""d08""","""pharmacies_per_1000""","""high"""
"""d08""","""playgrounds_per_10k""","""low"""
"""d08""","""population_density""","""high"""
"""d08""","""road_share""","""high"""
"""d08""","""schools_per_10k""","""high"""
"""d08""","""single_household_share""","""high"""
"""d08""","""specialists_per_1000""","""high"""
"""d08""","""stations_per_km2""","""high"""
"""d08""","""subway_lines""","""medium"""
"""d08""","""swimming_per_10k""","""low"""
"""d08""","""tennis_per_10k""","""medium"""
"""d08""","""unemployed_per_1000""","""low"""
"""d08""","""universities""","""low"""
"""d08""","""volleyball_per_10k""","""low"""
"""d09""","""avg_age""","""medium"""
"""d09""","""basketball_per_10k""","""low"""
"""d09""","""cars_per_1000""","""medium"""
"""d09""","""cycle_km_per_km2""","""high"""
"""d09""","""families_with_children_share""","""low"""
"""d09""","""fitness_per_10k""","""high"""
"""d09""","""food_per_km2""","""high"""
"""d09""","""football_per_10k""","""low"""
"""d09""","""gps_per_1000""","""high"""
"""d09""","""kindergartens_per_10k""","""high"""
"""d09""","""minutes_to_centre""","""low"""
"""d09""","""museums""","""high"""
"""d09""","""net_income""","""high"""
"""d09""","""nightlife_per_km2""","""high"""
"""d09""","""overnight_stays_per_1000""","""medium"""
"""d09""","""park_share""","""high"""
"""d09""","""pct_tertiary_education""","""high"""
"""d09""","""pharmacies_per_1000""","""high"""
"""d09""","""playgrounds_per_10k""","""medium"""
"""d09""","""population_density""","""high"""
"""d09""","""road_share""","""high"""
"""d09""","""schools_per_10k""","""medium"""
"""d09""","""single_household_share""","""high"""
"""d09""","""specialists_per_1000""","""high"""
"""d09""","""stations_per_km2""","""medium"""
"""d09""","""subway_lines""","""medium"""
"""d09""","""swimming_per_10k""","""low"""
"""d09""","""tennis_per_10k""","""medium"""
"""d09""","""unemployed_per_1000""","""low"""
"""d09""","""universities""","""high"""
"""d09""","""volleyball_per_10k""","""low"""
"""d11""","""avg_age""","""low"""
"""d11""","""basketball_per_10k""","""high"""
"""d11""","""cars_per_1000""","""medium"""
"""d11""","""cycle_km_per_km2""","""low"""
"""d11""","""families_with_children_share""","""high"""
"""d11""","""fitness_per_10k""","""low"""
"""d11""","""food_per_km2""","""low"""
"""d11""","""football_per_10k""","""medium"""
"""d11""","""gps_per_1000""","""low"""
"""d11""","""kindergartens_per_10k""","""low"""
"""d11""","""minutes_to_centre""","""high"""
"""d11""","""museums""","""low"""
"""d11""","""net_income""","""low"""
"""d11""","""nightlife_per_km2""","""low"""
"""d11""","""overnight_stays_per_1000""","""low"""
"""d11""","""park_share""","""low"""
"""d11""","""pct_tertiary_education""","""low"""
"""d11""","""pharmacies_per_1000""","""low"""
"""d11""","""playgrounds_per_10k""","""medium"""
"""d11""","""population_density""","""low"""
"""d11""","""road_share""","""low"""
"""d11""","""schools_per_10k""","""low"""
"""d11""","""single_household_share""","""low"""
"""d11""","""specialists_per_1000""","""low"""
"""d11""","""stations_per_km2""","""medium"""
"""d11""","""subway_lines""","""low"""
"""d11""","""swimming_per_10k""","""low"""
"""d11""","""tennis_per_10k""","""medium"""
"""d11""","""unemployed_per_1000""","""high"""
"""d11""","""universities""","""low"""
"""d11""","""volleyball_per_10k""","""medium"""
"""d20""","""avg_age""","""low"""
"""d20""","""basketball_per_10k""","""medium"""
"""d20""","""cars_per_1000""","""low"""
"""d20""","""cycle_km_per_km2""","""medium"""
"""d20""","""families_with_children_share""","""medium"""
"""d20""","""fitness_per_10k""","""low"""
"""d20""","""food_per_km2""","""medium"""
"""d20""","""football_per_10k""","""medium"""
"""d20""","""gps_per_1000""","""low"""
"""d20""","""kindergartens_per_10k""","""low"""
"""d20""","""minutes_to_centre""","""medium"""
"""d20""","""museums""","""low"""
"""d20""","""net_income""","""low"""
"""d20""","""nightlife_per_km2""","""medium"""
"""d20""","""overnight_stays_per_1000""","""medium"""
"""d20""","""park_share""","""medium"""
"""d20""","""pct_tertiary_education""","""low"""
"""d20""","""pharmacies_per_1000""","""low"""
"""d20""","""playgrounds_per_10k""","""low"""
"""d20""","""population_density""","""high"""
"""d20""","""road_share""","""medium"""
"""d20""","""schools_per_10k""","""low"""
"""d20""","""single_household_share""","""medium"""
"""d20""","""specialists_per_1000""","""low"""
"""d20""","""stations_per_km2""","""medium"""
"""d20""","""subway_lines""","""low"""
"""d20""","""swimming_per_10k""","""medium"""
"""d20""","""tennis_per_10k""","""low"""
"""d20""","""unemployed_per_1000""","""high"""
"""d20""","""universities""","""low"""
"""d20""","""volleyball_per_10k""","""low"""
"""d22""","""avg_age""","""low"""
"""d22""","""basketball_per_10k""","""high"""
"""d22""","""cars_per_1000""","""high"""
"""d22""","""cycle_km_per_km2""","""low"""
"""d22""","""families_with_children_share""","""high"""
"""d22""","""fitness_per_10k""","""medium"""
"""d22""","""food_per_km2""","""low"""
"""d22""","""football_per_10k""","""high"""
"""d22""","""gps_per_1000""","""low"""
"""d22""","""kindergartens_per_10k""","""low"""
"""d22""","""minutes_to_centre""","""medium"""
"""d22""","""museums""","""medium"""
"""d22""","""net_income""","""medium"""
"""d22""","""nightlife_per_km2""","""low"""
"""d22""","""overnight_stays_per_1000""","""low"""
"""d22""","""park_share""","""low"""
"""d22""","""pct_tertiary_education""","""low"""
"""d22""","""pharmacies_per_1000""","""low"""
"""d22""","""playgrounds_per_10k""","""high"""
"""d22""","""population_density""","""low"""
"""d22""","""road_share""","""low"""
"""d22""","""schools_per_10k""","""low"""
"""d22""","""single_household_share""","""low"""
"""d22""","""specialists_per_1000""","""low"""
"""d22""","""stations_per_km2""","""low"""
"""d22""","""subway_lines""","""medium"""
"""d22""","""swimming_per_10k""","""high"""
"""d22""","""tennis_per_10k""","""high"""
"""d22""","""unemployed_per_1000""","""medium"""
"""d22""","""universities""","""low"""
"""d22""","""volleyball_per_10k""","""high"""
"""d10""","""avg_age""","""low"""
"""d10""","""basketball_per_10k""","""medium"""
"""d10""","""cars_per_1000""","""medium"""
"""d10""","""cycle_km_per_km2""","""low"""
"""d10""","""families_with_children_share""","""high"""
"""d10""","""fitness_per_10k""","""low"""
"""d10""","""food_per_km2""","""low"""
"""d10""","""football_per_10k""","""high"""
"""d10""","""gps_per_1000""","""low"""
"""d10""","""kindergartens_per_10k""","""medium"""
"""d10""","""minutes_to_centre""","""high"""
"""d10""","""museums""","""low"""
"""d10""","""net_income""","""low"""
"""d10""","""nightlife_per_km2""","""medium"""
"""d10""","""overnight_stays_per_1000""","""medium"""
"""d10""","""park_share""","""high"""
"""d10""","""pct_tertiary_education""","""low"""
"""d10""","""pharmacies_per_1000""","""low"""
"""d10""","""playgrounds_per_10k""","""medium"""
"""d10""","""population_density""","""medium"""
"""d10""","""road_share""","""medium"""
"""d10""","""schools_per_10k""","""low"""
"""d10""","""single_household_share""","""low"""
"""d10""","""specialists_per_1000""","""low"""
"""d10""","""stations_per_km2""","""low"""
"""d10""","""subway_lines""","""low"""
"""d10""","""swimming_per_10k""","""medium"""
"""d10""","""tennis_per_10k""","""low"""
"""d10""","""unemployed_per_1000""","""high"""
"""d10""","""universities""","""medium"""
"""d10""","""volleyball_per_10k""","""high"""
"""d05""","""avg_age""","""medium"""
"""d05""","""basketball_per_10k""","""high"""
"""d05""","""cars_per_1000""","""low"""
"""d05""","""cycle_km_per_km2""","""high"""
"""d05""","""families_with_children_share""","""low"""
"""d05""","""fitness_per_10k""","""medium"""
"""d05""","""food_per_km2""","""high"""
"""d05""","""football_per_10k""","""low"""
"""d05""","""gps_per_1000""","""medium"""
"""d05""","""kindergartens_per_10k""","""medium"""
"""d05""","""minutes_to_centre""","""high"""
"""d05""","""museums""","""high"""
"""d05""","""net_income""","""low"""
"""d05""","""nightlife_per_km2""","""high"""
"""d05""","""overnight_stays_per_1000""","""medium"""
"""d05""","""park_share""","""high"""
"""d05""","""pct_tertiary_education""","""medium"""
"""d05""","""pharmacies_per_1000""","""medium"""
"""d05""","""playgrounds_per_10k""","""medium"""
"""d05""","""population_density""","""high"""
"""d05""","""road_share""","""high"""
"""d05""","""schools_per_10k""","""low"""
"""d05""","""single_household_share""","""high"""
"""d05""","""specialists_per_1000""","""medium"""
"""d05""","""stations_per_km2""","""high"""
"""d05""","""subway_lines""","""low"""
"""d05""","""swimming_per_10k""","""low"""
"""d05""","""tennis_per_10k""","""low"""
"""d05""","""unemployed_per_1000""","""high"""
"""d05""","""universities""","""low"""
"""d05""","""volleyball_per_10k""","""low"""
"""d12""","""avg_age""","""low"""
"""d12""","""basketball_per_10k""","""low"""
"""d12""","""cars_per_1000""","""high"""
"""d12""","""cycle_km_per_km2""","""medium"""
"""d12""","""families_with_children_share""","""high"""
"""d12""","""fitness_per_10k""","""low"""
"""d12""","""food_per_km2""","""medium"""
"""d12""","""football_per_10k""","""low"""
"""d12""","""gps_per_1000""","""medium"""
"""d12""","""kindergartens_per_10k""","""medium"""
"""d12""","""minutes_to_centre""","""high"""
"""d12""","""museums""","""medium"""
"""d12""","""net_income""","""low"""
"""d12""","""nightlife_per_km2""","""medium"""
"""d12""","""overnight_stays_per_1000""","""medium"""
"""d12""","""park_share""","""medium"""
"""d12""","""pct_tertiary_education""","""low"""
"""d12""","""pharmacies_per_1000""","""medium"""
"""d12""","""playgrounds_per_10k""","""low"""
"""d12""","""population_density""","""medium"""
"""d12""","""road_share""","""medium"""
"""d12""","""schools_per_10k""","""low"""
"""d12""","""single_household_share""","""low"""
"""d12""","""specialists_per_1000""","""low"""
"""d12""","""stations_per_km2""","""high"""
"""d12""","""subway_lines""","""medium"""
"""d12""","""swimming_per_10k""","""low"""
"""d12""","""tennis_per_10k""","""low"""
"""d12""","""unemployed_per_1000""","""high"""
"""d12""","""universities""","""low"""
"""d12""","""volleyball_per_10k""","""medium"""
"""d15""","""avg_age""","""low"""
"""d15""","""basketball_per_10k""","""high"""
"""d15""","""cars_per_1000""","""low"""
"""d15""","""cycle_km_per_km2""","""high"""
"""d15""","""families_with_children_share""","""medium"""
"""d15""","""fitness_per_10k""","""medium"""
"""d15""","""food_per_km2""","""high"""
"""d15""","""football_per_10k""","""medium"""
"""d15""","""gps_per_1000""","""low"""
"""d15""","""kindergartens_per_10k""","""medium"""
"""d15""","""minutes_to_centre""","""low"""
"""d15""","""museums""","""medium"""
"""d15""","""net_income""","""low"""
"""d15""","""nightlife_per_km2""","""high"""
"""d15""","""overnight_stays_per_1000""","""high"""
"""d15""","""park_share""","""high"""
"""d15""","""pct_tertiary_education""","""medium"""
"""d15""","""pharmacies_per_1000""","""medium"""
"""d15""","""playgrounds_per_10k""","""high"""
"""d15""","""population_density""","""high"""
"""d15""","""road_share""","""high"""
"""d15""","""schools_per_10k""","""high"""
"""d15""","""single_household_share""","""high"""
"""d15""","""specialists_per_1000""","""low"""
"""d15""","""stations_per_km2""","""medium"""
"""d15""","""subway_lines""","""medium"""
"""d15""","""swimming_per_10k""","""medium"""
"""d15""","""tennis_per_10k""","""medium"""
"""d15""","""unemployed_per_1000""","""high"""
"""d15""","""universities""","""medium"""
"""d15""","""volleyball_per_10k""","""high"""
"""d16""","""avg_age""","""medium"""
"""d16""","""basketball_per_10k""","""low"""
"""d16""","""cars_per_1000""","""medium"""
"""d16""","""cycle_km_per_km2""","""medium"""
"""d16""","""families_with_children_share""","""medium"""
"""d16""","""fitness_per_10k""","""low"""
"""d16""","""food_per_km2""","""medium"""
"""d16""","""football_per_10k""","""low"""
"""d16""","""gps_per_1000""","""low"""
"""d16""","""kindergartens_per_10k""","""medium"""
"""d16""","""minutes_to_centre""","""medium"""
"""d16""","""museums""","""low"""
"""d16""","""net_income""","""low"""
"""d16""","""nightlife_per_km2""","""medium"""
"""d16""","""overnight_stays_per_1000""","""low"""
"""d16""","""park_share""","""low"""
"""d16""","""pct_tertiary_education""","""low"""
"""d16""","""pharmacies_per_1000""","""low"""
"""d16""","""playgrounds_per_10k""","""low"""
"""d16""","""population_density""","""medium"""
"""d16""","""road_share""","""medium"""
"""d16""","""schools_per_10k""","""low"""
"""d16""","""single_household_share""","""medium"""
"""d16""","""specialists_per_1000""","""low"""
"""d16""","""stations_per_km2""","""medium"""
"""d16""","""subway_lines""","""medium"""
"""d16""","""swimming_per_10k""","""high"""
"""d16""","""tennis_per_10k""","""low"""
"""d16""","""unemployed_per_1000""","""high"""
"""d16""","""universities""","""low"""
"""d16""","""volleyball_per_10k""","""medium"""
"""d17""","""avg_age""","""medium"""
"""d17""","""basketball_per_10k""","""medium"""
"""d17""","""cars_per_1000""","""low"""
"""d17""","""cycle_km_per_km2""","""low"""
"""d17""","""families_with_children_share""","""medium"""
"""d17""","""fitness_per_10k""","""low"""
"""d17""","""food_per_km2""","""medium"""
"""d17""","""football_per_10k""","""medium"""
"""d17""","""gps_per_1000""","""medium"""
"""d17""","""kindergartens_per_10k""","""medium"""
"""d17""","""minutes_to_centre""","""low"""
"""d17""","""museums""","""low"""
"""d17""","""net_income""","""low"""
"""d17""","""nightlife_per_km2""","""low"""
"""d17""","""overnight_stays_per_1000""","""medium"""
"""d17""","""park_share""","""low"""
"""d17""","""pct_tertiary_education""","""medium"""
"""d17""","""pharmacies_per_1000""","""medium"""
"""d17""","""playgrounds_per_10k""","""medium"""
"""d17""","""population_density""","""low"""
"""d17""","""road_share""","""low"""
"""d17""","""schools_per_10k""","""medium"""
"""d17""","""single_household_share""","""medium"""
"""d17""","""specialists_per_1000""","""medium"""
"""d17""","""stations_per_km2""","""low"""
"""d17""","""subway_lines""","""low"""
"""d17""","""swimming_per_10k""","""high"""
"""d17""","""tennis_per_10k""","""high"""
"""d17""","""unemployed_per_1000""","""medium"""
"""d17""","""universities""","""low"""
"""d17""","""volleyball_per_10k""","""medium"""
"""d18""","""avg_age""","""high"""
"""d18""","""basketball_per_10k""","""medium"""
"""d18""","""cars_per_1000""","""medium"""
"""d18""","""cycle_km_per_km2""","""medium"""
"""d18""","""families_with_children_share""","""medium"""
"""d18""","""fitness_per_10k""","""high"""
"""d18""","""food_per_km2""","""medium"""
"""d18""","""football_per_10k""","""low"""
"""d18""","""gps_per_1000""","""high"""
"""d18""","""kindergartens_per_10k""","""high"""
"""d18""","""minutes_to_centre""","""low"""
"""d18""","""museums""","""low"""
"""d18""","""net_income""","""high"""
"""d18""","""nightlife_per_km2""","""medium"""
"""d18""","""overnight_stays_per_1000""","""low"""
"""d18""","""park_share""","""high"""
"""d18""","""pct_tertiary_education""","""high"""
"""d18""","""pharmacies_per_1000""","""high"""
"""d18""","""playgrounds_per_10k""","""high"""
"""d18""","""population_density""","""medium"""
"""d18""","""road_share""","""medium"""
"""d18""","""schools_per_10k""","""high"""
"""d18""","""single_household_share""","""medium"""
"""d18""","""specialists_per_1000""","""high"""
"""d18""","""stations_per_km2""","""medium"""
"""d18""","""subway_lines""","""low"""
"""d18""","""swimming_per_10k""","""medium"""
"""d18""","""tennis_per_10k""","""high"""
"""d18""","""unemployed_per_1000""","""low"""
"""d18""","""universities""","""high"""
"""d18""","""volleyball_per_10k""","""high"""
"""d19""","""avg_age""","""high"""
"""d19""","""basketball_per_10k""","""medium"""
"""d19""","""cars_per_1000""","""high"""
"""d19""","""cycle_km_per_km2""","""low"""
"""d19""","""families_with_children_share""","""high"""
"""d19""","""fitness_per_10k""","""medium"""
"""d19""","""food_per_km2""","""low"""
"""d19""","""football_per_10k""","""medium"""
"""d19""","""gps_per_1000""","""high"""
"""d19""","""kindergartens_per_10k""","""low"""
"""d19""","""minutes_to_centre""","""medium"""
"""d19""","""museums""","""medium"""
"""d19""","""net_income""","""high"""
"""d19""","""nightlife_per_km2""","""low"""
"""d19""","""overnight_stays_per_1000""","""low"""
"""d19""","""park_share""","""low"""
"""d19""","""pct_tertiary_education""","""medium"""
"""d19""","""pharmacies_per_1000""","""medium"""
"""d19""","""playgrounds_per_10k""","""high"""
"""d19""","""population_density""","""low"""
"""d19""","""road_share""","""low"""
"""d19""","""schools_per_10k""","""medium"""
"""d19""","""single_household_share""","""medium"""
"""d19""","""specialists_per_1000""","""high"""
"""d19""","""stations_per_km2""","""low"""
"""d19""","""subway_lines""","""low"""
"""d19""","""swimming_per_10k""","""high"""
"""d19""","""tennis_per_10k""","""high"""
"""d19""","""unemployed_per_1000""","""low"""
"""d19""","""universities""","""high"""
"""d19""","""volleyball_per_10k""","""medium"""
"""d23""","""avg_age""","""medium"""
"""d23""","""basketball_per_10k""","""high"""
"""d23""","""cars_per_1000""","""high"""
"""d23""","""cycle_km_per_km2""","""low"""
"""d23""","""families_with_children_share""","""high"""
"""d23""","""fitness_per_10k""","""medium"""
"""d23""","""food_per_km2""","""low"""
"""d23""","""football_per_10k""","""high"""
"""d23""","""gps_per_1000""","""low"""
"""d23""","""kindergartens_per_10k""","""low"""
"""d23""","""minutes_to_centre""","""high"""
"""d23""","""museums""","""low"""
"""d23""","""net_income""","""medium"""
"""d23""","""nightlife_per_km2""","""low"""
"""d23""","""overnight_stays_per_1000""","""low"""
"""d23""","""park_share""","""low"""
"""d23""","""pct_tertiary_education""","""low"""
"""d23""","""pharmacies_per_1000""","""medium"""
"""d23""","""playgrounds_per_10k""","""low"""
"""d23""","""population_density""","""low"""
"""d23""","""road_share""","""medium"""
"""d23""","""schools_per_10k""","""medium"""
"""d23""","""single_household_share""","""low"""
"""d23""","""specialists_per_1000""","""medium"""
"""d23""","""stations_per_km2""","""medium"""
"""d23""","""subway_lines""","""low"""
"""d23""","""swimming_per_10k""","""medium"""
"""d23""","""tennis_per_10k""","""high"""
"""d23""","""unemployed_per_1000""","""medium"""
"""d23""","""universities""","""low"""
"""d23""","""volleyball_per_10k""","""high"""
"""d13""","""avg_age""","""high"""
"""d13""","""basketball_per_10k""","""high"""
"""d13""","""cars_per_1000""","""high"""
"""d13""","""cycle_km_per_km2""","""low"""
"""d13""","""families_with_children_share""","""high"""
"""d13""","""fitness_per_10k""","""low"""
"""d13""","""food_per_km2""","""low"""
"""d13""","""football_per_10k""","""high"""
"""d13""","""gps_per_1000""","""high"""
"""d13""","""kindergartens_per_10k""","""low"""
"""d13""","""minutes_to_centre""","""high"""
"""d13""","""museums""","""medium"""
"""d13""","""net_income""","""high"""
"""d13""","""nightlife_per_km2""","""low"""
"""d13""","""overnight_stays_per_1000""","""medium"""
"""d13""","""park_share""","""low"""
"""d13""","""pct_tertiary_education""","""high"""
"""d13""","""pharmacies_per_1000""","""low"""
"""d13""","""playgrounds_per_10k""","""high"""
"""d13""","""population_density""","""low"""
"""d13""","""road_share""","""low"""
"""d13""","""schools_per_10k""","""high"""
"""d13""","""single_household_share""","""low"""
"""d13""","""specialists_per_1000""","""high"""
"""d13""","""stations_per_km2""","""low"""
"""d13""","""subway_lines""","""low"""
"""d13""","""swimming_per_10k""","""high"""
"""d13""","""tennis_per_10k""","""high"""
"""d13""","""unemployed_per_1000""","""low"""
"""d13""","""universities""","""low"""
"""d13""","""volleyball_per_10k""","""high"""
"""d14""","""avg_age""","""high"""
"""d14""","""basketball_per_10k""","""low"""
"""d14""","""cars_per_1000""","""medium"""
"""d14""","""cycle_km_per_km2""","""low"""
"""d14""","""families_with_children_share""","""low"""
"""d14""","""fitness_per_10k""","""low"""
"""d14""","""food_per_km2""","""low"""
"""d14""","""football_per_10k""","""low"""
"""d14""","""gps_per_1000""","""medium"""
"""d14""","""kindergartens_per_10k""","""low"""
"""d14""","""minutes_to_centre""","""medium"""
"""d14""","""museums""","""high"""
"""d14""","""net_income""","""medium"""
"""d14""","""nightlife_per_km2""","""low"""
"""d14""","""overnight_stays_per_1000""","""low"""
"""d14""","""park_share""","""low"""
"""d14""","""pct_tertiary_education""","""medium"""
"""d14""","""pharmacies_per_1000""","""low"""
"""d14""","""playgrounds_per_10k""","""low"""
"""d14""","""population_density""","""low"""
"""d14""","""road_share""","""low"""
"""d14""","""schools_per_10k""","""low"""
"""d14""","""single_household_share""","""medium"""
"""d14""","""specialists_per_1000""","""medium"""
"""d14""","""stations_per_km2""","""low"""
"""d14""","""subway_lines""","""medium"""
"""d14""","""swimming_per_10k""","""high"""
"""d14""","""tennis_per_10k""","""medium"""
"""d14""","""unemployed_per_1000""","""medium"""
"""d14""","""universities""","""low"""
"""d14""","""volleyball_per_10k""","""low"""
"""d21""","""avg_age""","""low"""
"""d21""","""basketball_per_10k""","""medium"""
"""d21""","""cars_per_1000""","""high"""
"""d21""","""cycle_km_per_km2""","""medium"""
"""d21""","""families_with_children_share""","""high"""
"""d21""","""fitness_per_10k""","""medium"""
"""d21""","""food_per_km2""","""low"""
"""d21""","""football_per_10k""","""high"""
"""d21""","""gps_per_1000""","""low"""
"""d21""","""kindergartens_per_10k""","""low"""
"""d21""","""minutes_to_centre""","""high"""
"""d21""","""museums""","""low"""
"""d21""","""net_income""","""medium"""
"""d21""","""nightlife_per_km2""","""low"""
"""d21""","""overnight_stays_per_1000""","""low"""
"""d21""","""park_share""","""medium"""
"""d21""","""pct_tertiary_education""","""low"""
"""d21""","""pharmacies_per_1000""","""low"""
"""d21""","""playgrounds_per_10k""","""medium"""
"""d21""","""population_density""","""low"""
"""d21""","""road_share""","""low"""
"""d21""","""schools_per_10k""","""medium"""
"""d21""","""single_household_share""","""low"""
"""d21""","""specialists_per_1000""","""low"""
"""d21""","""stations_per_km2""","""low"""
"""d21""","""subway_lines""","""medium"""
"""d21""","""swimming_per_10k""","""high"""
"""d21""","""tennis_per_10k""","""medium"""
"""d21""","""unemployed_per_1000""","""high"""
"""d21""","""universities""","""medium"""
"""d21""","""volleyball_per_10k""","""high"""
