"""wfs:SCHULEOGD.1900663""","""d11""","""d04"""
"""wfs:SCHULEOGD.1900964""","""d21""","""d20"""
"""wfs:SCHULEOGD.1900977""","""d21""","""d15"""
"""wfs:SCHULEOGD.1900479""","""d03""","""d15"""
"""wfs:SCHULEOGD.1900539""","""d14""","""d07"""
"""wfs:KINDERGARTENOGD.8944698""","""d21""","""d22"""
"""wfs:KINDERGARTENOGD.8944592""","""d17""","""d16"""
"""wfs:KINDERGARTENOGD.8944595""","""d10""","""d16"""
"""wfs:KINDERGARTENOGD.8944625""","""d16""","""d17"""
"""wfs:KINDERGARTENOGD.8944649""","""d14""","""d15"""
"""wfs:KINDERGARTENOGD.8944353""","""d17""","""d16"""
"""wfs:KINDERGARTENOGD.8943496""","""d22""","""d21"""
"""wfs:UNIVERSITAETOGD.5734835""","""d01""","""d09"""
"""wfs:SPORTSTAETTENOGD.16095""","""d12""","""d05"""
"""wfs:SPORTSTAETTENOGD.16283""","""d14""","""d17"""
"""wfs:SPORTSTAETTENOGD.16295""","""d14""","""d13"""
"""wfs:SPORTSTAETTENOGD.16460""","""d21""","""d22"""
"""wfs:SPORTSTAETTENOGD.16496""","""d23""","""d10"""
"""wfs:SPORTSTAETTENOGD.17057""","""d20""","""d02"""
"""wfs:SPORTSTAETTENOGD.17161""","""d22""","""d20"""
"""wfs:SPORTSTAETTENOGD.17255""","""d21""","""d20"""
"""wfs:SPORTSTAETTENOGD.17280""","""d21""","""d22"""
"""wfs:SPORTSTAETTENOGD.17305""","""d12""","""d05"""
"""wfs:SPORTSTAETTENOGD.17392""","""d14""","""d15"""
"""wfs:SPORTSTAETTENOGD.17402""","""d10""","""d20"""
"""wfs:SPORTSTAETTENOGD.17442""","""d15""","""d06"""
"""wfs:SPORTSTAETTENOGD.17453""","""d18""","""d17"""
"""wfs:SPORTSTAETTENOGD.17467""","""d14""","""d13"""
"""wfs:SPORTSTAETTENOGD.17474""","""d15""","""d05"""
"""wfs:SPIELPLATZPUNKTOGD.2960731""","""d12""","""d05"""
"""wfs:SPIELPLATZPUNKTOGD.2960793""","""d22""","""d21"""
