"""d01""","""car_free"""
"""d01""","""culture"""
"""d01""","""family"""
"""d01""","""food"""
"""d01""","""going_out"""
"""d01""","""healthcare"""
"""d01""","""sport_fitness"""
"""d01""","""students"""
"""d01""","""well_connected"""
"""d02""","""culture"""
"""d02""","""family"""
"""d02""","""green_quiet"""
"""d02""","""sport_basketball"""
"""d02""","""sport_fitness"""
"""d02""","""sport_football"""
"""d02""","""sport_swimming"""
"""d02""","""sport_tennis"""
"""d02""","""sport_volleyball"""
"""d02""","""students"""
"""d03""","""culture"""
"""d03""","""family"""
"""d03""","""students"""
"""d03""","""well_connected"""
"""d04""","""car_free"""
"""d04""","""culture"""
"""d04""","""family"""
"""d04""","""food"""
"""d04""","""going_out"""
"""d04""","""sport_fitness"""
"""d04""","""sport_tennis"""
"""d04""","""students"""
"""d06""","""car_free"""
"""d06""","""culture"""
"""d06""","""food"""
"""d06""","""going_out"""
"""d06""","""healthcare"""
"""d06""","""sport_basketball"""
"""d06""","""sport_fitness"""
"""d06""","""sport_football"""
"""d06""","""students"""
"""d06""","""well_connected"""
"""d07""","""car_free"""
"""d07""","""culture"""
"""d07""","""food"""
"""d07""","""going_out"""
"""d07""","""healthcare"""
"""d07""","""sport_fitness"""
"""d07""","""students"""
"""d07""","""well_connected"""
"""d08""","""car_free"""
"""d08""","""culture"""
"""d08""","""food"""
"""d08""","""going_out"""
"""d08""","""healthcare"""
"""d08""","""sport_fitness"""
"""d08""","""sport_football"""
"""d08""","""students"""
"""d08""","""well_connected"""
"""d09""","""culture"""
"""d09""","""family"""
"""d09""","""food"""
"""d09""","""going_out"""
"""d09""","""healthcare"""
"""d09""","""sport_fitness"""
"""d09""","""students"""
"""d11""","""green_quiet"""
"""d11""","""sport_basketball"""
"""d22""","""family"""
"""d22""","""green_quiet"""
"""d22""","""sport_basketball"""
"""d22""","""sport_football"""
"""d22""","""sport_swimming"""
"""d22""","""sport_tennis"""
"""d22""","""sport_volleyball"""
"""d10""","""family"""
"""d10""","""sport_football"""
"""d10""","""sport_volleyball"""
"""d05""","""car_free"""
"""d05""","""culture"""
"""d05""","""food"""
"""d05""","""going_out"""
"""d05""","""sport_basketball"""
"""d05""","""students"""
"""d15""","""car_free"""
"""d15""","""culture"""
"""d15""","""family"""
"""d15""","""food"""
"""d15""","""going_out"""
"""d15""","""sport_basketball"""
"""d15""","""sport_volleyball"""
"""d15""","""students"""
"""d16""","""sport_swimming"""
"""d17""","""green_quiet"""
"""d17""","""sport_swimming"""
"""d17""","""sport_tennis"""
"""d18""","""family"""
"""d18""","""healthcare"""
"""d18""","""sport_fitness"""
"""d18""","""sport_tennis"""
"""d18""","""sport_volleyball"""
"""d19""","""family"""
"""d19""","""green_quiet"""
"""d19""","""healthcare"""
"""d19""","""sport_swimming"""
"""d19""","""sport_tennis"""
"""d23""","""sport_basketball"""
"""d23""","""sport_football"""
"""d23""","""sport_tennis"""
"""d23""","""sport_volleyball"""
"""d13""","""family"""
"""d13""","""green_quiet"""
"""d13""","""healthcare"""
"""d13""","""sport_basketball"""
"""d13""","""sport_football"""
"""d13""","""sport_swimming"""
"""d13""","""sport_tennis"""
"""d13""","""sport_volleyball"""
"""d14""","""culture"""
"""d14""","""green_quiet"""
"""d14""","""sport_swimming"""
"""d21""","""green_quiet"""
"""d21""","""sport_football"""
"""d21""","""sport_swimming"""
"""d21""","""sport_volleyball"""
