"""d01""","""avg_age""",22
"""d01""","""basketball_per_10k""",3
"""d01""","""cars_per_1000""",22
"""d01""","""cycle_km_per_km2""",22
"""d01""","""families_with_children_share""",11
"""d01""","""fitness_per_10k""",22
"""d01""","""food_per_km2""",22
"""d01""","""football_per_10k""",9
"""d01""","""gps_per_1000""",22
"""d01""","""kindergartens_per_10k""",19
"""d01""","""minutes_to_centre""",0
"""d01""","""museums""",22
"""d01""","""net_income""",22
"""d01""","""nightlife_per_km2""",22
"""d01""","""overnight_stays_per_1000""",22
"""d01""","""park_share""",16
"""d01""","""pct_tertiary_education""",19
"""d01""","""pharmacies_per_1000""",22
"""d01""","""playgrounds_per_10k""",4
"""d01""","""population_density""",8
"""d01""","""road_share""",21
"""d01""","""schools_per_10k""",22
"""d01""","""single_household_share""",18
"""d01""","""specialists_per_1000""",22
"""d01""","""stations_per_km2""",22
"""d01""","""subway_lines""",22
"""d01""","""swimming_per_10k""",0
"""d01""","""tennis_per_10k""",0
"""d01""","""unemployed_per_1000""",0
"""d01""","""universities""",22
"""d01""","""volleyball_per_10k""",4
"""d02""","""avg_age""",2
"""d02""","""basketball_per_10k""",16
"""d02""","""cars_per_1000""",5
"""d02""","""cycle_km_per_km2""",10
"""d02""","""families_with_children_share""",13
"""d02""","""fitness_per_10k""",16
"""d02""","""food_per_km2""",10
"""d02""","""football_per_10k""",21
"""d02""","""gps_per_1000""",12
"""d02""","""kindergartens_per_10k""",17
"""d02""","""minutes_to_centre""",1
"""d02""","""museums""",19
"""d02""","""net_income""",9
"""d02""","""nightlife_per_km2""",11
"""d02""","""overnight_stays_per_1000""",19
"""d02""","""park_share""",22
"""d02""","""pct_tertiary_education""",12
"""d02""","""pharmacies_per_1000""",16
"""d02""","""playgrounds_per_10k""",20
"""d02""","""population_density""",9
"""d02""","""road_share""",6
"""d02""","""schools_per_10k""",13
"""d02""","""single_household_share""",7
"""d02""","""specialists_per_1000""",10
"""d02""","""stations_per_km2""",6
"""d02""","""subway_lines""",10
"""d02""","""swimming_per_10k""",22
"""d02""","""tennis_per_10k""",22
"""d02""","""unemployed_per_1000""",13
"""d02""","""universities""",17
"""d02""","""volleyball_per_10k""",22
"""d03""","""avg_age""",11
"""d03""","""basketball_per_10k""",5
"""d03""","""cars_per_1000""",16
"""d03""","""cycle_km_per_km2""",14
"""d03""","""families_with_children_share""",6
"""d03""","""fitness_per_10k""",14
"""d03""","""food_per_km2""",14
"""d03""","""football_per_10k""",3
"""d03""","""gps_per_1000""",12
"""d03""","""kindergartens_per_10k""",15
"""d03""","""minutes_to_centre""",4
"""d03""","""museums""",19
"""d03""","""net_income""",14
"""d03""","""nightlife_per_km2""",14
"""d03""","""overnight_stays_per_1000""",18
"""d03""","""park_share""",19
"""d03""","""pct_tertiary_education""",13
"""d03""","""pharmacies_per_1000""",10
"""d03""","""playgrounds_per_10k""",5
"""d03""","""population_density""",14
"""d03""","""road_share""",14
"""d03""","""schools_per_10k""",10
"""d03""","""single_household_share""",17
"""d03""","""specialists_per_1000""",12
"""d03""","""stations_per_km2""",15
"""d03""","""subway_lines""",10
"""d03""","""swimming_per_10k""",5
"""d03""","""tennis_per_10k""",14
"""d03""","""unemployed_per_1000""",9
"""d03""","""universities""",18
"""d03""","""volleyball_per_10k""",1
"""d04""","""avg_age""",18
"""d04""","""basketball_per_10k""",1
"""d04""","""cars_per_1000""",12
"""d04""","""cycle_km_per_km2""",15
"""d04""","""families_with_children_share""",5
"""d04""","""fitness_per_10k""",18
"""d04""","""food_per_km2""",18
"""d04""","""football_per_10k""",5
"""d04""","""gps_per_1000""",14
"""d04""","""kindergartens_per_10k""",22
"""d04""","""minutes_to_centre""",10
"""d04""","""museums""",15
"""d04""","""net_income""",19
"""d04""","""nightlife_per_km2""",18
"""d04""","""overnight_stays_per_1000""",15
"""d04""","""park_share""",14
"""d04""","""pct_tertiary_education""",17
"""d04""","""pharmacies_per_1000""",16
"""d04""","""playgrounds_per_10k""",15
"""d04""","""population_density""",17
"""d04""","""road_share""",16
"""d04""","""schools_per_10k""",15
"""d04""","""single_household_share""",13
"""d04""","""specialists_per_1000""",14
"""d04""","""stations_per_km2""",17
"""d04""","""subway_lines""",1
"""d04""","""swimming_per_10k""",11
"""d04""","""tennis_per_10k""",16
"""d04""","""unemployed_per_1000""",8
"""d04""","""universities""",20
"""d04""","""volleyball_per_10k""",7
"""d06""","""avg_age""",17
"""d06""","""basketball_per_10k""",22
"""d06""","""cars_per_1000""",7
"""d06""","""cycle_km_per_km2""",19
"""d06""","""families_with_children_share""",1
"""d06""","""fitness_per_10k""",21
"""d06""","""food_per_km2""",20
"""d06""","""football_per_10k""",15
"""d06""","""gps_per_1000""",17
"""d06""","""kindergartens_per_10k""",16
"""d06""","""minutes_to_centre""",15
"""d06""","""museums""",12
"""d06""","""net_income""",10
"""d06""","""nightlife_per_km2""",21
"""d06""","""overnight_stays_per_1000""",20
"""d06""","""park_share""",11
"""d06""","""pct_tertiary_education""",16
"""d06""","""pharmacies_per_1000""",19
"""d06""","""playgrounds_per_10k""",11
"""d06""","""population_density""",20
"""d06""","""road_share""",19
"""d06""","""schools_per_10k""",18
"""d06""","""single_household_share""",19
"""d06""","""specialists_per_1000""",16
"""d06""","""stations_per_km2""",18
"""d06""","""subway_lines""",20
"""d06""","""swimming_per_10k""",12
"""d06""","""tennis_per_10k""",4
"""d06""","""unemployed_per_1000""",6
"""d06""","""universities""",13
"""d06""","""volleyball_per_10k""",13
"""d07""","""avg_age""",13
"""d07""","""basketball_per_10k""",13
"""d07""","""cars_per_1000""",3
"""d07""","""cycle_km_per_km2""",18
"""d07""","""families_with_children_share""",0
"""d07""","""fitness_per_10k""",20
"""d07""","""food_per_km2""",21
"""d07""","""football_per_10k""",11
"""d07""","""gps_per_1000""",20
"""d07""","""kindergartens_per_10k""",13
"""d07""","""minutes_to_centre""",1
"""d07""","""museums""",21
"""d07""","""net_income""",16
"""d07""","""nightlife_per_km2""",20
"""d07""","""overnight_stays_per_1000""",21
"""d07""","""park_share""",10
"""d07""","""pct_tertiary_education""",22
"""d07""","""pharmacies_per_1000""",20
"""d07""","""playgrounds_per_10k""",19
"""d07""","""population_density""",19
"""d07""","""road_share""",15
"""d07""","""schools_per_10k""",19
"""d07""","""single_household_share""",22
"""d07""","""specialists_per_1000""",15
"""d07""","""stations_per_km2""",21
"""d07""","""subway_lines""",20
"""d07""","""swimming_per_10k""",0
"""d07""","""tennis_per_10k""",1
"""d07""","""unemployed_per_1000""",3
"""d07""","""universities""",7
"""d07""","""volleyball_per_10k""",8
"""d08""","""avg_age""",16
"""d08""","""basketball_per_10k""",4
"""d08""","""cars_per_1000""",4
"""d08""","""cycle_km_per_km2""",16
"""d08""","""families_with_children_share""",3
"""d08""","""fitness_per_10k""",15
"""d08""","""food_per_km2""",19
"""d08""","""football_per_10k""",20
"""d08""","""gps_per_1000""",21
"""d08""","""kindergartens_per_10k""",18
"""d08""","""minutes_to_centre""",5
"""d08""","""museums""",8
"""d08""","""net_income""",17
"""d08""","""nightlife_per_km2""",19
"""d08""","""overnight_stays_per_1000""",17
"""d08""","""park_share""",9
"""d08""","""pct_tertiary_education""",21
"""d08""","""pharmacies_per_1000""",15
"""d08""","""playgrounds_per_10k""",0
"""d08""","""population_density""",21
"""d08""","""road_share""",18
"""d08""","""schools_per_10k""",16
"""d08""","""single_household_share""",16
"""d08""","""specialists_per_1000""",20
"""d08""","""stations_per_km2""",19
"""d08""","""subway_lines""",10
"""d08""","""swimming_per_10k""",0
"""d08""","""tennis_per_10k""",8
"""d08""","""unemployed_per_1000""",1
"""d08""","""universities""",0
"""d08""","""volleyball_per_10k""",2
"""d09""","""avg_age""",9
"""d09""","""basketball_per_10k""",7
"""d09""","""cars_per_1000""",8
"""d09""","""cycle_km_per_km2""",21
"""d09""","""families_with_children_share""",2
"""d09""","""fitness_per_10k""",19
"""d09""","""food_per_km2""",17
"""d09""","""football_per_10k""",7
"""d09""","""gps_per_1000""",18
"""d09""","""kindergartens_per_10k""",21
"""d09""","""minutes_to_centre""",5
"""d09""","""museums""",16
"""d09""","""net_income""",15
"""d09""","""nightlife_per_km2""",17
"""d09""","""overnight_stays_per_1000""",14
"""d09""","""park_share""",17
"""d09""","""pct_tertiary_education""",20
"""d09""","""pharmacies_per_1000""",21
"""d09""","""playgrounds_per_10k""",13
"""d09""","""population_density""",15
"""d09""","""road_share""",20
"""d09""","""schools_per_10k""",14
"""d09""","""single_household_share""",20
"""d09""","""specialists_per_1000""",21
"""d09""","""stations_per_km2""",14
"""d09""","""subway_lines""",10
"""d09""","""swimming_per_10k""",0
"""d09""","""tennis_per_10k""",11
"""d09""","""unemployed_per_1000""",2
"""d09""","""universities""",20
"""d09""","""volleyball_per_10k""",6
"""d11""","""avg_age""",0
"""d11""","""basketball_per_10k""",17
"""d11""","""cars_per_1000""",14
"""d11""","""cycle_km_per_km2""",5
"""d11""","""families_with_children_share""",22
"""d11""","""fitness_per_10k""",4
"""d11""","""food_per_km2""",3
"""d11""","""football_per_10k""",13
"""d11""","""gps_per_1000""",0
"""d11""","""kindergartens_per_10k""",2
"""d11""","""minutes_to_centre""",18
"""d11""","""museums""",4
"""d11""","""net_income""",5
"""d11""","""nightlife_per_km2""",5
"""d11""","""overnight_stays_per_1000""",3
"""d11""","""park_share""",4
"""d11""","""pct_tertiary_education""",0
"""d11""","""pharmacies_per_1000""",0
"""d11""","""playgrounds_per_10k""",14
"""d11""","""population_density""",6
"""d11""","""road_share""",4
"""d11""","""schools_per_10k""",3
"""d11""","""single_household_share""",1
"""d11""","""specialists_per_1000""",0
"""d11""","""stations_per_km2""",9
"""d11""","""subway_lines""",1
"""d11""","""swimming_per_10k""",6
"""d11""","""tennis_per_10k""",9
"""d11""","""unemployed_per_1000""",18
"""d11""","""universities""",0
"""d11""","""volleyball_per_10k""",10
"""d20""","""avg_age""",4
"""d20""","""basketball_per_10k""",9
"""d20""","""cars_per_1000""",2
"""d20""","""cycle_km_per_km2""",12
"""d20""","""families_with_children_share""",12
"""d20""","""fitness_per_10k""",0
"""d20""","""food_per_km2""",13
"""d20""","""football_per_10k""",10
"""d20""","""gps_per_1000""",4
"""d20""","""kindergartens_per_10k""",0
"""d20""","""minutes_to_centre""",10
"""d20""","""museums""",0
"""d20""","""net_income""",1
"""d20""","""nightlife_per_km2""",12
"""d20""","""overnight_stays_per_1000""",9
"""d20""","""park_share""",13
"""d20""","""pct_tertiary_education""",6
"""d20""","""pharmacies_per_1000""",5
"""d20""","""playgrounds_per_10k""",2
"""d20""","""population_density""",16
"""d20""","""road_share""",13
"""d20""","""schools_per_10k""",6
"""d20""","""single_household_share""",10
"""d20""","""specialists_per_1000""",3
"""d20""","""stations_per_km2""",11
"""d20""","""subway_lines""",1
"""d20""","""swimming_per_10k""",8
"""d20""","""tennis_per_10k""",2
"""d20""","""unemployed_per_1000""",21
"""d20""","""universities""",7
"""d20""","""volleyball_per_10k""",5
"""d22""","""avg_age""",3
"""d22""","""basketball_per_10k""",19
"""d22""","""cars_per_1000""",18
"""d22""","""cycle_km_per_km2""",4
"""d22""","""families_with_children_share""",19
"""d22""","""fitness_per_10k""",8
"""d22""","""food_per_km2""",0
"""d22""","""football_per_10k""",19
"""d22""","""gps_per_1000""",2
"""d22""","""kindergartens_per_10k""",7
"""d22""","""minutes_to_centre""",13
"""d22""","""museums""",12
"""d22""","""net_income""",12
"""d22""","""nightlife_per_km2""",2
"""d22""","""overnight_stays_per_1000""",7
"""d22""","""park_share""",6
"""d22""","""pct_tertiary_education""",3
"""d22""","""pharmacies_per_1000""",1
"""d22""","""playgrounds_per_10k""",22
"""d22""","""population_density""",1
"""d22""","""road_share""",1
"""d22""","""schools_per_10k""",5
"""d22""","""single_household_share""",0
"""d22""","""specialists_per_1000""",4
"""d22""","""stations_per_km2""",1
"""d22""","""subway_lines""",10
"""d22""","""swimming_per_10k""",19
"""d22""","""tennis_per_10k""",19
"""d22""","""unemployed_per_1000""",10
"""d22""","""universities""",7
"""d22""","""volleyball_per_10k""",21
"""d10""","""avg_age""",1
"""d10""","""basketball_per_10k""",11
"""d10""","""cars_per_1000""",10
"""d10""","""cycle_km_per_km2""",7
"""d10""","""families_with_children_share""",21
"""d10""","""fitness_per_10k""",5
"""d10""","""food_per_km2""",7
"""d10""","""football_per_10k""",16
"""d10""","""gps_per_1000""",2
"""d10""","""kindergartens_per_10k""",10
"""d10""","""minutes_to_centre""",15
"""d10""","""museums""",2
"""d10""","""net_income""",2
"""d10""","""nightlife_per_km2""",8
"""d10""","""overnight_stays_per_1000""",12
"""d10""","""park_share""",20
"""d10""","""pct_tertiary_education""",1
"""d10""","""pharmacies_per_1000""",2
"""d10""","""playgrounds_per_10k""",10
"""d10""","""population_density""",10
"""d10""","""road_share""",8
"""d10""","""schools_per_10k""",2
"""d10""","""single_household_share""",3
"""d10""","""specialists_per_1000""",1
"""d10""","""stations_per_km2""",5
"""d10""","""subway_lines""",1
"""d10""","""swimming_per_10k""",10
"""d10""","""tennis_per_10k""",5
"""d10""","""unemployed_per_1000""",22
"""d10""","""universities""",14
"""d10""","""volleyball_per_10k""",16
"""d05""","""avg_age""",8
"""d05""","""basketball_per_10k""",15
"""d05""","""cars_per_1000""",0
"""d05""","""cycle_km_per_km2""",20
"""d05""","""families_with_children_share""",4
"""d05""","""fitness_per_10k""",11
"""d05""","""food_per_km2""",16
"""d05""","""football_per_10k""",2
"""d05""","""gps_per_1000""",11
"""d05""","""kindergartens_per_10k""",14
"""d05""","""minutes_to_centre""",15
"""d05""","""museums""",16
"""d05""","""net_income""",6
"""d05""","""nightlife_per_km2""",16
"""d05""","""overnight_stays_per_1000""",13
"""d05""","""park_share""",15
"""d05""","""pct_tertiary_education""",11
"""d05""","""pharmacies_per_1000""",10
"""d05""","""playgrounds_per_10k""",9
"""d05""","""population_density""",22
"""d05""","""road_share""",22
"""d05""","""schools_per_10k""",1
"""d05""","""single_household_share""",21
"""d05""","""specialists_per_1000""",11
"""d05""","""stations_per_km2""",20
"""d05""","""subway_lines""",1
"""d05""","""swimming_per_10k""",7
"""d05""","""tennis_per_10k""",7
"""d05""","""unemployed_per_1000""",15
"""d05""","""universities""",0
"""d05""","""volleyball_per_10k""",0
"""d12""","""avg_age""",6
"""d12""","""basketball_per_10k""",6
"""d12""","""cars_per_1000""",15
"""d12""","""cycle_km_per_km2""",13
"""d12""","""families_with_children_share""",16
"""d12""","""fitness_per_10k""",7
"""d12""","""food_per_km2""",11
"""d12""","""football_per_10k""",0
"""d12""","""gps_per_1000""",10
"""d12""","""kindergartens_per_10k""",8
"""d12""","""minutes_to_centre""",21
"""d12""","""museums""",12
"""d12""","""net_income""",4
"""d12""","""nightlife_per_km2""",10
"""d12""","""overnight_stays_per_1000""",10
"""d12""","""park_share""",12
"""d12""","""pct_tertiary_education""",4
"""d12""","""pharmacies_per_1000""",8
"""d12""","""playgrounds_per_10k""",6
"""d12""","""population_density""",13
"""d12""","""road_share""",12
"""d12""","""schools_per_10k""",4
"""d12""","""single_household_share""",6
"""d12""","""specialists_per_1000""",7
"""d12""","""stations_per_km2""",16
"""d12""","""subway_lines""",10
"""d12""","""swimming_per_10k""",4
"""d12""","""tennis_per_10k""",3
"""d12""","""unemployed_per_1000""",19
"""d12""","""universities""",0
"""d12""","""volleyball_per_10k""",9
"""d15""","""avg_age""",5
"""d15""","""basketball_per_10k""",18
"""d15""","""cars_per_1000""",1
"""d15""","""cycle_km_per_km2""",17
"""d15""","""families_with_children_share""",8
"""d15""","""fitness_per_10k""",10
"""d15""","""food_per_km2""",15
"""d15""","""football_per_10k""",8
"""d15""","""gps_per_1000""",6
"""d15""","""kindergartens_per_10k""",9
"""d15""","""minutes_to_centre""",7
"""d15""","""museums""",8
"""d15""","""net_income""",0
"""d15""","""nightlife_per_km2""",15
"""d15""","""overnight_stays_per_1000""",16
"""d15""","""park_share""",18
"""d15""","""pct_tertiary_education""",8
"""d15""","""pharmacies_per_1000""",13
"""d15""","""playgrounds_per_10k""",17
"""d15""","""population_density""",18
"""d15""","""road_share""",17
"""d15""","""schools_per_10k""",17
"""d15""","""single_household_share""",15
"""d15""","""specialists_per_1000""",6
"""d15""","""stations_per_km2""",13
"""d15""","""subway_lines""",10
"""d15""","""swimming_per_10k""",9
"""d15""","""tennis_per_10k""",12
"""d15""","""unemployed_per_1000""",20
"""d15""","""universities""",12
"""d15""","""volleyball_per_10k""",17
"""d16""","""avg_age""",10
"""d16""","""basketball_per_10k""",0
"""d16""","""cars_per_1000""",9
"""d16""","""cycle_km_per_km2""",9
"""d16""","""families_with_children_share""",10
"""d16""","""fitness_per_10k""",1
"""d16""","""food_per_km2""",12
"""d16""","""football_per_10k""",4
"""d16""","""gps_per_1000""",5
"""d16""","""kindergartens_per_10k""",12
"""d16""","""minutes_to_centre""",9
"""d16""","""museums""",0
"""d16""","""net_income""",3
"""d16""","""nightlife_per_km2""",13
"""d16""","""overnight_stays_per_1000""",4
"""d16""","""park_share""",3
"""d16""","""pct_tertiary_education""",7
"""d16""","""pharmacies_per_1000""",5
"""d16""","""playgrounds_per_10k""",7
"""d16""","""population_density""",12
"""d16""","""road_share""",11
"""d16""","""schools_per_10k""",0
"""d16""","""single_household_share""",12
"""d16""","""specialists_per_1000""",5
"""d16""","""stations_per_km2""",12
"""d16""","""subway_lines""",10
"""d16""","""swimming_per_10k""",17
"""d16""","""tennis_per_10k""",6
"""d16""","""unemployed_per_1000""",17
"""d16""","""universities""",6
"""d16""","""volleyball_per_10k""",11
"""d17""","""avg_age""",12
"""d17""","""basketball_per_10k""",8
"""d17""","""cars_per_1000""",6
"""d17""","""cycle_km_per_km2""",6
"""d17""","""families_with_children_share""",9
"""d17""","""fitness_per_10k""",2
"""d17""","""food_per_km2""",8
"""d17""","""football_per_10k""",14
"""d17""","""gps_per_1000""",9
"""d17""","""kindergartens_per_10k""",11
"""d17""","""minutes_to_centre""",7
"""d17""","""museums""",2
"""d17""","""net_income""",7
"""d17""","""nightlife_per_km2""",7
"""d17""","""overnight_stays_per_1000""",11
"""d17""","""park_share""",0
"""d17""","""pct_tertiary_education""",10
"""d17""","""pharmacies_per_1000""",14
"""d17""","""playgrounds_per_10k""",8
"""d17""","""population_density""",7
"""d17""","""road_share""",7
"""d17""","""schools_per_10k""",8
"""d17""","""single_household_share""",11
"""d17""","""specialists_per_1000""",13
"""d17""","""stations_per_km2""",7
"""d17""","""subway_lines""",0
"""d17""","""swimming_per_10k""",20
"""d17""","""tennis_per_10k""",20
"""d17""","""unemployed_per_1000""",14
"""d17""","""universities""",0
"""d17""","""volleyball_per_10k""",12
"""d18""","""avg_age""",15
"""d18""","""basketball_per_10k""",10
"""d18""","""cars_per_1000""",11
"""d18""","""cycle_km_per_km2""",11
"""d18""","""families_with_children_share""",14
"""d18""","""fitness_per_10k""",17
"""d18""","""food_per_km2""",9
"""d18""","""football_per_10k""",1
"""d18""","""gps_per_1000""",16
"""d18""","""kindergartens_per_10k""",20
"""d18""","""minutes_to_centre""",3
"""d18""","""museums""",4
"""d18""","""net_income""",18
"""d18""","""nightlife_per_km2""",9
"""d18""","""overnight_stays_per_1000""",2
"""d18""","""park_share""",21
"""d18""","""pct_tertiary_education""",18
"""d18""","""pharmacies_per_1000""",16
"""d18""","""playgrounds_per_10k""",16
"""d18""","""population_density""",11
"""d18""","""road_share""",10
"""d18""","""schools_per_10k""",21
"""d18""","""single_household_share""",14
"""d18""","""specialists_per_1000""",18
"""d18""","""stations_per_km2""",10
"""d18""","""subway_lines""",1
"""d18""","""swimming_per_10k""",14
"""d18""","""tennis_per_10k""",18
"""d18""","""unemployed_per_1000""",4
"""d18""","""universities""",16
"""d18""","""volleyball_per_10k""",15
"""d19""","""avg_age""",20
"""d19""","""basketball_per_10k""",12
"""d19""","""cars_per_1000""",19
"""d19""","""cycle_km_per_km2""",1
"""d19""","""families_with_children_share""",18
"""d19""","""fitness_per_10k""",13
"""d19""","""food_per_km2""",6
"""d19""","""football_per_10k""",12
"""d19""","""gps_per_1000""",15
"""d19""","""kindergartens_per_10k""",3
"""d19""","""minutes_to_centre""",12
"""d19""","""museums""",8
"""d19""","""net_income""",20
"""d19""","""nightlife_per_km2""",6
"""d19""","""overnight_stays_per_1000""",5
"""d19""","""park_share""",5
"""d19""","""pct_tertiary_education""",14
"""d19""","""pharmacies_per_1000""",8
"""d19""","""playgrounds_per_10k""",18
"""d19""","""population_density""",3
"""d19""","""road_share""",3
"""d19""","""schools_per_10k""",12
"""d19""","""single_household_share""",9
"""d19""","""specialists_per_1000""",19
"""d19""","""stations_per_km2""",3
"""d19""","""subway_lines""",1
"""d19""","""swimming_per_10k""",18
"""d19""","""tennis_per_10k""",21
"""d19""","""unemployed_per_1000""",7
"""d19""","""universities""",19
"""d19""","""volleyball_per_10k""",14
"""d23""","""avg_age""",14
"""d23""","""basketball_per_10k""",21
"""d23""","""cars_per_1000""",21
"""d23""","""cycle_km_per_km2""",3
"""d23""","""families_with_children_share""",17
"""d23""","""fitness_per_10k""",12
"""d23""","""food_per_km2""",2
"""d23""","""football_per_10k""",22
"""d23""","""gps_per_1000""",7
"""d23""","""kindergartens_per_10k""",5
"""d23""","""minutes_to_centre""",22
"""d23""","""museums""",4
"""d23""","""net_income""",13
"""d23""","""nightlife_per_km2""",0
"""d23""","""overnight_stays_per_1000""",0
"""d23""","""park_share""",7
"""d23""","""pct_tertiary_education""",5
"""d23""","""pharmacies_per_1000""",10
"""d23""","""playgrounds_per_10k""",1
"""d23""","""population_density""",4
"""d23""","""road_share""",9
"""d23""","""schools_per_10k""",11
"""d23""","""single_household_share""",2
"""d23""","""specialists_per_1000""",8
"""d23""","""stations_per_km2""",8
"""d23""","""subway_lines""",1
"""d23""","""swimming_per_10k""",13
"""d23""","""tennis_per_10k""",15
"""d23""","""unemployed_per_1000""",11
"""d23""","""universities""",0
"""d23""","""volleyball_per_10k""",19
"""d13""","""avg_age""",21
"""d13""","""basketball_per_10k""",20
"""d13""","""cars_per_1000""",20
"""d13""","""cycle_km_per_km2""",0
"""d13""","""families_with_children_share""",15
"""d13""","""fitness_per_10k""",3
"""d13""","""food_per_km2""",1
"""d13""","""football_per_10k""",17
"""d13""","""gps_per_1000""",19
"""d13""","""kindergartens_per_10k""",6
"""d13""","""minutes_to_centre""",18
"""d13""","""museums""",8
"""d13""","""net_income""",21
"""d13""","""nightlife_per_km2""",1
"""d13""","""overnight_stays_per_1000""",8
"""d13""","""park_share""",2
"""d13""","""pct_tertiary_education""",15
"""d13""","""pharmacies_per_1000""",2
"""d13""","""playgrounds_per_10k""",21
"""d13""","""population_density""",0
"""d13""","""road_share""",0
"""d13""","""schools_per_10k""",20
"""d13""","""single_household_share""",5
"""d13""","""specialists_per_1000""",17
"""d13""","""stations_per_km2""",0
"""d13""","""subway_lines""",1
"""d13""","""swimming_per_10k""",21
"""d13""","""tennis_per_10k""",17
"""d13""","""unemployed_per_1000""",5
"""d13""","""universities""",7
"""d13""","""volleyball_per_10k""",18
"""d14""","""avg_age""",19
"""d14""","""basketball_per_10k""",2
"""d14""","""cars_per_1000""",13
"""d14""","""cycle_km_per_km2""",2
"""d14""","""families_with_children_share""",7
"""d14""","""fitness_per_10k""",6
"""d14""","""food_per_km2""",4
"""d14""","""football_per_10k""",6
"""d14""","""gps_per_1000""",8
"""d14""","""kindergartens_per_10k""",4
"""d14""","""minutes_to_centre""",13
"""d14""","""museums""",16
"""d14""","""net_income""",11
"""d14""","""nightlife_per_km2""",4
"""d14""","""overnight_stays_per_1000""",6
"""d14""","""park_share""",1
"""d14""","""pct_tertiary_education""",9
"""d14""","""pharmacies_per_1000""",5
"""d14""","""playgrounds_per_10k""",3
"""d14""","""population_density""",2
"""d14""","""road_share""",2
"""d14""","""schools_per_10k""",7
"""d14""","""single_household_share""",8
"""d14""","""specialists_per_1000""",9
"""d14""","""stations_per_km2""",2
"""d14""","""subway_lines""",10
"""d14""","""swimming_per_10k""",15
"""d14""","""tennis_per_10k""",10
"""d14""","""unemployed_per_1000""",12
"""d14""","""universities""",7
"""d14""","""volleyball_per_10k""",3
"""d21""","""avg_age""",6
"""d21""","""basketball_per_10k""",14
"""d21""","""cars_per_1000""",17
"""d21""","""cycle_km_per_km2""",8
"""d21""","""families_with_children_share""",20
"""d21""","""fitness_per_10k""",9
"""d21""","""food_per_km2""",5
"""d21""","""football_per_10k""",18
"""d21""","""gps_per_1000""",1
"""d21""","""kindergartens_per_10k""",1
"""d21""","""minutes_to_centre""",18
"""d21""","""museums""",4
"""d21""","""net_income""",8
"""d21""","""nightlife_per_km2""",3
"""d21""","""overnight_stays_per_1000""",1
"""d21""","""park_share""",8
"""d21""","""pct_tertiary_education""",2
"""d21""","""pharmacies_per_1000""",2
"""d21""","""playgrounds_per_10k""",12
"""d21""","""population_density""",5
"""d21""","""road_share""",5
"""d21""","""schools_per_10k""",9
"""d21""","""single_household_share""",4
"""d21""","""specialists_per_1000""",2
"""d21""","""stations_per_km2""",4
"""d21""","""subway_lines""",10
"""d21""","""swimming_per_10k""",16
"""d21""","""tennis_per_10k""",13
"""d21""","""unemployed_per_1000""",16
"""d21""","""universities""",14
"""d21""","""volleyball_per_10k""",20
