"""d01""","""d09""",1
"""d01""","""d03""",2
"""d01""","""d08""",3
"""d01""","""d07""",4
"""d01""","""d02""",5
"""d01""","""d04""",6
"""d01""","""d06""",7
"""d01""","""d18""",8
"""d01""","""d15""",9
"""d01""","""d05""",10
"""d01""","""d19""",11
"""d01""","""d11""",12
"""d01""","""d20""",13
"""d01""","""d13""",14
"""d01""","""d14""",15
"""d01""","""d16""",16
"""d01""","""d12""",17
"""d01""","""d17""",18
"""d01""","""d22""",19
"""d01""","""d10""",20
"""d01""","""d23""",21
"""d01""","""d21""",22
"""d02""","""d22""",1
"""d02""","""d01""",2
"""d02""","""d03""",3
"""d02""","""d09""",4
"""d02""","""d11""",5
"""d02""","""d21""",6
"""d02""","""d07""",7
"""d02""","""d18""",8
"""d02""","""d20""",9
"""d02""","""d17""",10
"""d02""","""d13""",11
"""d02""","""d23""",12
"""d02""","""d19""",13
"""d02""","""d04""",14
"""d02""","""d14""",15
"""d02""","""d15""",16
"""d02""","""d08""",17
"""d02""","""d16""",18
"""d02""","""d12""",19
"""d02""","""d06""",20
"""d02""","""d10""",21
"""d02""","""d05""",22
"""d03""","""d01""",1
"""d03""","""d02""",2
"""d03""","""d11""",3
"""d03""","""d04""",4
"""d03""","""d05""",5
"""d03""","""d10""",6
"""d03""","""d07""",7
"""d03""","""d15""",8
"""d03""","""d23""",9
"""d03""","""d12""",10
"""d03""","""d09""",11
"""d03""","""d08""",12
"""d03""","""d14""",13
"""d03""","""d22""",14
"""d03""","""d18""",15
"""d03""","""d17""",16
"""d03""","""d21""",17
"""d03""","""d20""",18
"""d03""","""d16""",19
"""d03""","""d06""",20
"""d03""","""d13""",21
"""d03""","""d19""",22
"""d04""","""d05""",1
"""d04""","""d06""",2
"""d04""","""d01""",3
"""d04""","""d03""",4
"""d04""","""d10""",5
"""d04""","""d08""",6
"""d04""","""d07""",7
"""d04""","""d15""",8
"""d04""","""d09""",9
"""d04""","""d18""",10
"""d04""","""d14""",11
"""d04""","""d12""",12
"""d04""","""d11""",13
"""d04""","""d02""",14
"""d04""","""d13""",15
"""d04""","""d23""",16
"""d04""","""d19""",17
"""d04""","""d20""",18
"""d04""","""d22""",19
"""d04""","""d17""",20
"""d04""","""d16""",21
"""d04""","""d21""",22
"""d05""","""d06""",1
"""d05""","""d04""",2
"""d05""","""d10""",3
"""d05""","""d12""",4
"""d05""","""d15""",5
"""d05""","""d03""",6
"""d05""","""d07""",7
"""d05""","""d08""",8
"""d05""","""d23""",9
"""d05""","""d14""",10
"""d05""","""d11""",11
"""d05""","""d13""",12
"""d05""","""d01""",13
"""d05""","""d16""",14
"""d05""","""d09""",15
"""d05""","""d17""",16
"""d05""","""d20""",17
"""d05""","""d18""",18
"""d05""","""d02""",19
"""d05""","""d22""",20
"""d05""","""d19""",21
"""d05""","""d21""",22
"""d06""","""d05""",1
"""d06""","""d07""",2
"""d06""","""d04""",3
"""d06""","""d15""",4
"""d06""","""d01""",5
"""d06""","""d08""",6
"""d06""","""d12""",7
"""d06""","""d13""",8
"""d06""","""d10""",9
"""d06""","""d09""",10
"""d06""","""d23""",11
"""d06""","""d16""",12
"""d06""","""d14""",13
"""d06""","""d18""",14
"""d06""","""d02""",15
"""d06""","""d11""",16
"""d06""","""d17""",17
"""d06""","""d22""",18
"""d06""","""d03""",19
"""d06""","""d19""",20
"""d06""","""d21""",21
"""d06""","""d20""",22
"""d07""","""d08""",1
"""d07""","""d15""",2
"""d07""","""d01""",3
"""d07""","""d06""",4
"""d07""","""d16""",5
"""d07""","""d14""",6
"""d07""","""d05""",7
"""d07""","""d03""",8
"""d07""","""d04""",9
"""d07""","""d09""",10
"""d07""","""d02""",11
"""d07""","""d17""",12
"""d07""","""d13""",13
"""d07""","""d12""",14
"""d07""","""d18""",15
"""d07""","""d11""",16
"""d07""","""d20""",17
"""d07""","""d22""",18
"""d07""","""d10""",19
"""d07""","""d23""",20
"""d07""","""d21""",21
"""d07""","""d19""",22
"""d08""","""d07""",1
"""d08""","""d09""",2
"""d08""","""d01""",3
"""d08""","""d15""",4
"""d08""","""d17""",5
"""d08""","""d16""",6
"""d08""","""d04""",7
"""d08""","""d06""",8
"""d08""","""d18""",9
"""d08""","""d20""",10
"""d08""","""d05""",11
"""d08""","""d14""",12
"""d08""","""d03""",13
"""d08""","""d13""",14
"""d08""","""d02""",15
"""d08""","""d19""",16
"""d08""","""d21""",17
"""d08""","""d12""",18
"""d08""","""d22""",19
"""d08""","""d11""",20
"""d08""","""d23""",21
"""d08""","""d10""",22
"""d09""","""d01""",1
"""d09""","""d18""",2
"""d09""","""d08""",3
"""d09""","""d20""",4
"""d09""","""d19""",5
"""d09""","""d02""",6
"""d09""","""d16""",7
"""d09""","""d07""",8
"""d09""","""d04""",9
"""d09""","""d17""",10
"""d09""","""d06""",11
"""d09""","""d21""",12
"""d09""","""d15""",13
"""d09""","""d03""",14
"""d09""","""d05""",15
"""d09""","""d22""",16
"""d09""","""d14""",17
"""d09""","""d13""",18
"""d09""","""d11""",19
"""d09""","""d12""",20
"""d09""","""d10""",21
"""d09""","""d23""",22
"""d10""","""d05""",1
"""d10""","""d12""",2
"""d10""","""d23""",3
"""d10""","""d11""",4
"""d10""","""d04""",5
"""d10""","""d03""",6
"""d10""","""d06""",7
"""d10""","""d21""",8
"""d10""","""d20""",9
"""d10""","""d13""",10
"""d10""","""d16""",11
"""d10""","""d15""",12
"""d10""","""d22""",13
"""d10""","""d14""",14
"""d10""","""d18""",15
"""d10""","""d17""",16
"""d10""","""d19""",17
"""d10""","""d02""",18
"""d10""","""d01""",19
"""d10""","""d07""",20
"""d10""","""d09""",21
"""d10""","""d08""",22
"""d11""","""d03""",1
"""d11""","""d10""",2
"""d11""","""d22""",3
"""d11""","""d23""",4
"""d11""","""d21""",5
"""d11""","""d02""",6
"""d11""","""d14""",7
"""d11""","""d20""",8
"""d11""","""d19""",9
"""d11""","""d13""",10
"""d11""","""d12""",11
"""d11""","""d05""",12
"""d11""","""d17""",13
"""d11""","""d04""",14
"""d11""","""d01""",15
"""d11""","""d16""",16
"""d11""","""d18""",17
"""d11""","""d07""",18
"""d11""","""d06""",19
"""d11""","""d15""",20
"""d11""","""d09""",21
"""d11""","""d08""",22
"""d12""","""d10""",1
"""d12""","""d23""",2
"""d12""","""d13""",3
"""d12""","""d15""",4
"""d12""","""d05""",5
"""d12""","""d06""",6
"""d12""","""d16""",7
"""d12""","""d11""",8
"""d12""","""d03""",9
"""d12""","""d14""",10
"""d12""","""d21""",11
"""d12""","""d04""",12
"""d12""","""d22""",13
"""d12""","""d17""",14
"""d12""","""d07""",15
"""d12""","""d20""",16
"""d12""","""d19""",17
"""d12""","""d01""",18
"""d12""","""d02""",19
"""d12""","""d18""",20
"""d12""","""d08""",21
"""d12""","""d09""",22
"""d13""","""d23""",1
"""d13""","""d12""",2
"""d13""","""d14""",3
"""d13""","""d22""",4
"""d13""","""d15""",5
"""d13""","""d19""",6
"""d13""","""d06""",7
"""d13""","""d17""",8
"""d13""","""d11""",9
"""d13""","""d21""",10
"""d13""","""d10""",11
"""d13""","""d05""",12
"""d13""","""d02""",13
"""d13""","""d18""",14
"""d13""","""d16""",15
"""d13""","""d07""",16
"""d13""","""d04""",17
"""d13""","""d08""",18
"""d13""","""d01""",19
"""d13""","""d20""",20
"""d13""","""d09""",21
"""d13""","""d03""",22
"""d14""","""d17""",1
"""d14""","""d13""",2
"""d14""","""d16""",3
"""d14""","""d07""",4
"""d14""","""d23""",5
"""d14""","""d19""",6
"""d14""","""d08""",7
"""d14""","""d11""",8
"""d14""","""d05""",9
"""d14""","""d22""",10
"""d14""","""d04""",11
"""d14""","""d12""",12
"""d14""","""d06""",13
"""d14""","""d02""",14
"""d14""","""d03""",15
"""d14""","""d10""",16
"""d14""","""d21""",17
"""d14""","""d01""",18
"""d14""","""d15""",19
"""d14""","""d09""",20
"""d14""","""d18""",21
"""d14""","""d20""",22
"""d15""","""d07""",1
"""d15""","""d06""",2
"""d15""","""d08""",3
"""d15""","""d12""",4
"""d15""","""d05""",5
"""d15""","""d13""",6
"""d15""","""d16""",7
"""d15""","""d01""",8
"""d15""","""d04""",9
"""d15""","""d03""",10
"""d15""","""d09""",11
"""d15""","""d10""",12
"""d15""","""d23""",13
"""d15""","""d17""",14
"""d15""","""d02""",15
"""d15""","""d19""",16
"""d15""","""d18""",17
"""d15""","""d20""",18
"""d15""","""d14""",19
"""d15""","""d22""",20
"""d15""","""d11""",21
"""d15""","""d21""",22
"""d16""","""d07""",1
"""d16""","""d14""",2
"""d16""","""d17""",3
"""d16""","""d08""",4
"""d16""","""d09""",5
"""d16""","""d15""",6
"""d16""","""d20""",7
"""d16""","""d12""",8
"""d16""","""d18""",9
"""d16""","""d10""",10
"""d16""","""d21""",11
"""d16""","""d06""",12
"""d16""","""d05""",13
"""d16""","""d13""",14
"""d16""","""d19""",15
"""d16""","""d23""",16
"""d16""","""d11""",17
"""d16""","""d02""",18
"""d16""","""d01""",19
"""d16""","""d22""",20
"""d16""","""d04""",21
"""d16""","""d03""",22
"""d17""","""d19""",1
"""d17""","""d14""",2
"""d17""","""d08""",3
"""d17""","""d16""",4
"""d17""","""d18""",5
"""d17""","""d13""",6
"""d17""","""d20""",7
"""d17""","""d09""",8
"""d17""","""d11""",9
"""d17""","""d02""",10
"""d17""","""d07""",11
"""d17""","""d15""",12
"""d17""","""d05""",13
"""d17""","""d22""",14
"""d17""","""d12""",15
"""d17""","""d21""",16
"""d17""","""d10""",17
"""d17""","""d23""",18
"""d17""","""d01""",19
"""d17""","""d04""",20
"""d17""","""d03""",21
"""d17""","""d06""",22
"""d18""","""d09""",1
"""d18""","""d19""",2
"""d18""","""d17""",3
"""d18""","""d20""",4
"""d18""","""d01""",5
"""d18""","""d08""",6
"""d18""","""d16""",7
"""d18""","""d02""",8
"""d18""","""d21""",9
"""d18""","""d04""",10
"""d18""","""d13""",11
"""d18""","""d23""",12
"""d18""","""d06""",13
"""d18""","""d15""",14
"""d18""","""d03""",15
"""d18""","""d10""",16
"""d18""","""d11""",17
"""d18""","""d22""",18
"""d18""","""d14""",19
"""d18""","""d07""",20
"""d18""","""d05""",21
"""d18""","""d12""",22
"""d19""","""d18""",1
"""d19""","""d20""",2
"""d19""","""d17""",3
"""d19""","""d21""",4
"""d19""","""d09""",5
"""d19""","""d22""",6
"""d19""","""d13""",7
"""d19""","""d23""",8
"""d19""","""d14""",9
"""d19""","""d11""",10
"""d19""","""d16""",11
"""d19""","""d01""",12
"""d19""","""d02""",13
"""d19""","""d15""",14
"""d19""","""d04""",15
"""d19""","""d08""",16
"""d19""","""d12""",17
"""d19""","""d10""",18
"""d19""","""d05""",19
"""d19""","""d06""",20
"""d19""","""d03""",21
"""d19""","""d07""",22
"""d20""","""d21""",1
"""d20""","""d19""",2
"""d20""","""d09""",3
"""d20""","""d18""",4
"""d20""","""d16""",5
"""d20""","""d08""",6
"""d20""","""d22""",7
"""d20""","""d17""",8
"""d20""","""d11""",9
"""d20""","""d02""",10
"""d20""","""d10""",11
"""d20""","""d01""",12
"""d20""","""d12""",13
"""d20""","""d23""",14
"""d20""","""d15""",15
"""d20""","""d04""",16
"""d20""","""d05""",17
"""d20""","""d13""",18
"""d20""","""d14""",19
"""d20""","""d03""",20
"""d20""","""d07""",21
"""d20""","""d06""",22
"""d21""","""d20""",1
"""d21""","""d22""",2
"""d21""","""d19""",3
"""d21""","""d23""",4
"""d21""","""d11""",5
"""d21""","""d02""",6
"""d21""","""d18""",7
"""d21""","""d10""",8
"""d21""","""d13""",9
"""d21""","""d09""",10
"""d21""","""d16""",11
"""d21""","""d12""",12
"""d21""","""d14""",13
"""d21""","""d17""",14
"""d21""","""d08""",15
"""d21""","""d03""",16
"""d21""","""d15""",17
"""d21""","""d01""",18
"""d21""","""d05""",19
"""d21""","""d07""",20
"""d21""","""d04""",21
"""d21""","""d06""",22
"""d22""","""d02""",1
"""d22""","""d21""",2
"""d22""","""d11""",3
"""d22""","""d23""",4
"""d22""","""d13""",5
"""d22""","""d19""",6
"""d22""","""d20""",7
"""d22""","""d14""",8
"""d22""","""d10""",9
"""d22""","""d12""",10
"""d22""","""d17""",11
"""d22""","""d03""",12
"""d22""","""d04""",13
"""d22""","""d09""",14
"""d22""","""d15""",15
"""d22""","""d18""",16
"""d22""","""d16""",17
"""d22""","""d01""",18
"""d22""","""d06""",19
"""d22""","""d08""",20
"""d22""","""d05""",21
"""d22""","""d07""",22
"""d23""","""d12""",1
"""d23""","""d13""",2
"""d23""","""d10""",3
"""d23""","""d21""",4
"""d23""","""d22""",5
"""d23""","""d11""",6
"""d23""","""d05""",7
"""d23""","""d19""",8
"""d23""","""d14""",9
"""d23""","""d03""",10
"""d23""","""d06""",11
"""d23""","""d15""",12
"""d23""","""d02""",13
"""d23""","""d18""",14
"""d23""","""d16""",15
"""d23""","""d04""",16
"""d23""","""d17""",17
"""d23""","""d20""",18
"""d23""","""d01""",19
"""d23""","""d07""",20
"""d23""","""d09""",21
"""d23""","""d08""",22
