3859,"""basketball""","""d21"""
3859,"""volleyball""","""d21"""
3860,"""basketball""","""d21"""
3860,"""fitness""","""d21"""
3860,"""football""","""d21"""
3861,"""football""","""d21"""
3863,"""basketball""","""d21"""
3863,"""football""","""d21"""
3864,"""fitness""","""d21"""
3864,"""tennis""","""d21"""
3865,"""fitness""","""d21"""
3865,"""tennis""","""d21"""
3867,"""basketball""","""d21"""
3867,"""football""","""d21"""
3868,"""football""","""d21"""
3868,"""tennis""","""d21"""
3868,"""volleyball""","""d21"""
3869,"""fitness""","""d21"""
3869,"""tennis""","""d21"""
3870,"""basketball""","""d21"""
3870,"""football""","""d21"""
3871,"""basketball""","""d21"""
3871,"""football""","""d21"""
3872,"""basketball""","""d21"""
3872,"""football""","""d21"""
3873,"""basketball""","""d21"""
3873,"""football""","""d21"""
3874,"""basketball""","""d21"""
3874,"""football""","""d21"""
3875,"""football""","""d21"""
3876,"""football""","""d21"""
3877,"""basketball""","""d21"""
3877,"""fitness""","""d21"""
3877,"""football""","""d21"""
3877,"""volleyball""","""d21"""
3878,"""volleyball""","""d22"""
3880,"""basketball""","""d22"""
3880,"""football""","""d22"""
3885,"""football""","""d22"""
3886,"""basketball""","""d22"""
3886,"""football""","""d22"""
3887,"""tennis""","""d02"""
3888,"""football""","""d02"""
3888,"""tennis""","""d02"""
3890,"""basketball""","""d02"""
3890,"""football""","""d02"""
3890,"""volleyball""","""d02"""
3892,"""football""","""d02"""
3892,"""tennis""","""d02"""
3893,"""basketball""","""d02"""
3893,"""football""","""d02"""
3894,"""basketball""","""d02"""
3894,"""football""","""d02"""
3895,"""basketball""","""d02"""
3895,"""football""","""d02"""
3896,"""basketball""","""d02"""
3896,"""football""","""d02"""
3897,"""tennis""","""d02"""
3898,"""basketball""","""d02"""
3898,"""football""","""d02"""
3899,"""basketball""","""d03"""
3899,"""football""","""d03"""
3900,"""basketball""","""d03"""
3900,"""football""","""d03"""
3901,"""basketball""","""d03"""
3901,"""football""","""d03"""
3902,"""tennis""","""d03"""
3903,"""basketball""","""d03"""
3903,"""football""","""d03"""
3903,"""tennis""","""d03"""
3904,"""fitness""","""d03"""
3904,"""tennis""","""d03"""
3905,"""football""","""d03"""
3907,"""basketball""","""d05"""
3907,"""football""","""d05"""
3908,"""basketball""","""d05"""
3908,"""football""","""d05"""
3909,"""basketball""","""d05"""
3909,"""football""","""d05"""
3910,"""basketball""","""d05"""
3911,"""basketball""","""d05"""
3911,"""football""","""d05"""
3912,"""basketball""","""d05"""
3912,"""football""","""d05"""
3913,"""fitness""","""d05"""
3914,"""basketball""","""d05"""
3914,"""football""","""d05"""
3915,"""basketball""","""d05"""
3915,"""football""","""d05"""
3916,"""basketball""","""d05"""
3916,"""football""","""d05"""
3917,"""basketball""","""d05"""
3917,"""fitness""","""d05"""
3917,"""football""","""d05"""
3918,"""basketball""","""d06"""
3918,"""fitness""","""d06"""
3918,"""football""","""d06"""
3920,"""basketball""","""d06"""
3920,"""football""","""d06"""
3922,"""basketball""","""d06"""
3922,"""football""","""d06"""
3923,"""basketball""","""d06"""
3923,"""football""","""d06"""
3925,"""basketball""","""d03"""
3925,"""football""","""d03"""
3926,"""basketball""","""d03"""
3926,"""football""","""d03"""
3927,"""tennis""","""d03"""
3928,"""basketball""","""d03"""
3928,"""football""","""d03"""
3929,"""fitness""","""d03"""
3929,"""tennis""","""d03"""
3930,"""football""","""d03"""
3931,"""basketball""","""d03"""
3931,"""football""","""d03"""
3932,"""basketball""","""d03"""
3932,"""football""","""d03"""
3933,"""basketball""","""d03"""
3933,"""football""","""d03"""
3934,"""basketball""","""d03"""
3934,"""football""","""d03"""
3935,"""volleyball""","""d03"""
3936,"""fitness""","""d03"""
3936,"""tennis""","""d03"""
3937,"""tennis""","""d03"""
3938,"""basketball""","""d03"""
3938,"""football""","""d03"""
3939,"""basketball""","""d04"""
3939,"""football""","""d04"""
3940,"""basketball""","""d04"""
3940,"""football""","""d04"""
3941,"""basketball""","""d04"""
3941,"""football""","""d04"""
3942,"""basketball""","""d04"""
3942,"""football""","""d04"""
3943,"""basketball""","""d05"""
3943,"""football""","""d05"""
3945,"""basketball""","""d01"""
3945,"""football""","""d01"""
3946,"""basketball""","""d01"""
3946,"""football""","""d01"""
3950,"""football""","""d02"""
3952,"""basketball""","""d02"""
3952,"""fitness""","""d02"""
3952,"""football""","""d02"""
3952,"""volleyball""","""d02"""
3953,"""basketball""","""d02"""
3953,"""football""","""d02"""
3957,"""basketball""","""d02"""
3957,"""football""","""d02"""
3961,"""football""","""d02"""
3961,"""tennis""","""d02"""
3963,"""fitness""","""d02"""
3963,"""football""","""d02"""
3964,"""basketball""","""d02"""
3964,"""football""","""d02"""
3965,"""basketball""","""d02"""
3965,"""football""","""d02"""
3966,"""football""","""d02"""
3966,"""tennis""","""d02"""
3969,"""basketball""","""d02"""
3969,"""football""","""d02"""
3970,"""basketball""","""d02"""
3970,"""football""","""d02"""
3971,"""basketball""","""d02"""
3971,"""football""","""d02"""
3972,"""tennis""","""d02"""
3973,"""football""","""d02"""
3973,"""tennis""","""d02"""
3973,"""volleyball""","""d02"""
3974,"""football""","""d02"""
3975,"""basketball""","""d02"""
3975,"""football""","""d02"""
3976,"""basketball""","""d02"""
3976,"""football""","""d02"""
3977,"""basketball""","""d02"""
3977,"""football""","""d02"""
3978,"""tennis""","""d02"""
3979,"""tennis""","""d02"""
3980,"""football""","""d02"""
3980,"""tennis""","""d02"""
3981,"""tennis""","""d02"""
3982,"""basketball""","""d10"""
3982,"""football""","""d10"""
3983,"""basketball""","""d10"""
3983,"""football""","""d10"""
3983,"""volleyball""","""d10"""
3984,"""football""","""d10"""
3986,"""football""","""d10"""
3988,"""basketball""","""d10"""
3988,"""football""","""d10"""
3989,"""fitness""","""d10"""
3990,"""basketball""","""d10"""
3990,"""football""","""d10"""
3991,"""volleyball""","""d10"""
3992,"""basketball""","""d10"""
3992,"""football""","""d10"""
3994,"""basketball""","""d10"""
3994,"""fitness""","""d10"""
3994,"""football""","""d10"""
3995,"""basketball""","""d10"""
3995,"""football""","""d10"""
3996,"""basketball""","""d10"""
3996,"""fitness""","""d10"""
3996,"""football""","""d10"""
3997,"""football""","""d10"""
3998,"""basketball""","""d10"""
3998,"""football""","""d10"""
3999,"""basketball""","""d10"""
3999,"""football""","""d10"""
4000,"""basketball""","""d10"""
4000,"""football""","""d10"""
4005,"""basketball""","""d11"""
4005,"""football""","""d11"""
4006,"""basketball""","""d11"""
4006,"""football""","""d11"""
4007,"""basketball""","""d11"""
4007,"""football""","""d11"""
4008,"""basketball""","""d11"""
4008,"""football""","""d11"""
4009,"""basketball""","""d11"""
4009,"""football""","""d11"""
4010,"""basketball""","""d11"""
4010,"""volleyball""","""d11"""
4011,"""basketball""","""d11"""
4011,"""football""","""d11"""
4012,"""football""","""d11"""
4013,"""football""","""d11"""
4013,"""tennis""","""d11"""
4014,"""basketball""","""d11"""
4014,"""fitness""","""d11"""
4014,"""football""","""d11"""
4015,"""football""","""d11"""
4016,"""basketball""","""d11"""
4016,"""football""","""d11"""
4017,"""volleyball""","""d11"""
4018,"""tennis""","""d11"""
4019,"""tennis""","""d11"""
4020,"""football""","""d11"""
4021,"""basketball""","""d11"""
4021,"""football""","""d11"""
4022,"""basketball""","""d11"""
4022,"""football""","""d11"""
4023,"""basketball""","""d11"""
4023,"""football""","""d11"""
4024,"""basketball""","""d11"""
4024,"""football""","""d11"""
4025,"""tennis""","""d11"""
4026,"""football""","""d11"""
4027,"""football""","""d11"""
4029,"""basketball""","""d11"""
4029,"""football""","""d11"""
4029,"""volleyball""","""d11"""
4030,"""football""","""d11"""
4031,"""basketball""","""d11"""
4031,"""football""","""d11"""
4031,"""volleyball""","""d11"""
4032,"""basketball""","""d11"""
4032,"""football""","""d11"""
4034,"""basketball""","""d12"""
4034,"""football""","""d12"""
4035,"""basketball""","""d12"""
4035,"""football""","""d12"""
4039,"""basketball""","""d12"""
4039,"""fitness""","""d12"""
4039,"""football""","""d12"""
4040,"""basketball""","""d12"""
4040,"""football""","""d12"""
4041,"""fitness""","""d12"""
4041,"""football""","""d12"""
4042,"""basketball""","""d12"""
4042,"""tennis""","""d12"""
4043,"""basketball""","""d12"""
4043,"""football""","""d12"""
4044,"""basketball""","""d12"""
4044,"""football""","""d12"""
4045,"""basketball""","""d12"""
4045,"""football""","""d12"""
4046,"""basketball""","""d12"""
4046,"""football""","""d12"""
4047,"""fitness""","""d12"""
4048,"""tennis""","""d12"""
4050,"""basketball""","""d12"""
4050,"""football""","""d12"""
4051,"""football""","""d12"""
4052,"""tennis""","""d12"""
4053,"""basketball""","""d12"""
4053,"""fitness""","""d12"""
4053,"""football""","""d12"""
4054,"""basketball""","""d12"""
4054,"""football""","""d12"""
4055,"""basketball""","""d12"""
4055,"""football""","""d12"""
4056,"""basketball""","""d12"""
4056,"""football""","""d12"""
4057,"""basketball""","""d12"""
4057,"""football""","""d12"""
4058,"""fitness""","""d13"""
4059,"""basketball""","""d13"""
4059,"""football""","""d13"""
4061,"""basketball""","""d13"""
4061,"""football""","""d13"""
4062,"""basketball""","""d13"""
4062,"""football""","""d13"""
4063,"""basketball""","""d13"""
4063,"""football""","""d13"""
4064,"""football""","""d13"""
4064,"""tennis""","""d13"""
4065,"""tennis""","""d13"""
4066,"""tennis""","""d13"""
4068,"""tennis""","""d13"""
4069,"""basketball""","""d13"""
4069,"""fitness""","""d13"""
4069,"""football""","""d13"""
4070,"""basketball""","""d13"""
4070,"""football""","""d13"""
4071,"""tennis""","""d13"""
4072,"""basketball""","""d13"""
4072,"""football""","""d13"""
4073,"""football""","""d13"""
4073,"""tennis""","""d13"""
4074,"""basketball""","""d13"""
4074,"""football""","""d13"""
4075,"""basketball""","""d06"""
4075,"""football""","""d06"""
4076,"""basketball""","""d06"""
4076,"""football""","""d06"""
4077,"""basketball""","""d07"""
4077,"""football""","""d07"""
4078,"""basketball""","""d07"""
4078,"""fitness""","""d07"""
4078,"""football""","""d07"""
4079,"""basketball""","""d07"""
4079,"""football""","""d07"""
4080,"""basketball""","""d07"""
4080,"""football""","""d07"""
4081,"""basketball""","""d07"""
4081,"""football""","""d07"""
4082,"""basketball""","""d08"""
4082,"""football""","""d08"""
4083,"""basketball""","""d08"""
4083,"""football""","""d08"""
4084,"""basketball""","""d08"""
4084,"""football""","""d08"""
4084,"""volleyball""","""d08"""
4085,"""fitness""","""d08"""
4086,"""basketball""","""d08"""
4086,"""football""","""d08"""
4089,"""basketball""","""d09"""
4089,"""football""","""d09"""
4089,"""volleyball""","""d09"""
4090,"""basketball""","""d09"""
4090,"""football""","""d09"""
4091,"""basketball""","""d09"""
4091,"""football""","""d09"""
4092,"""fitness""","""d09"""
4093,"""basketball""","""d09"""
4093,"""football""","""d09"""
4094,"""basketball""","""d09"""
4094,"""football""","""d09"""
4095,"""basketball""","""d10"""
4095,"""football""","""d10"""
4096,"""basketball""","""d10"""
4096,"""fitness""","""d10"""
4096,"""football""","""d10"""
4097,"""basketball""","""d10"""
4097,"""football""","""d10"""
4098,"""basketball""","""d10"""
4098,"""football""","""d10"""
4099,"""basketball""","""d10"""
4099,"""football""","""d10"""
4100,"""basketball""","""d10"""
4100,"""football""","""d10"""
4102,"""tennis""","""d10"""
4103,"""football""","""d10"""
4104,"""basketball""","""d10"""
4104,"""football""","""d10"""
4104,"""volleyball""","""d10"""
4106,"""football""","""d10"""
4107,"""basketball""","""d10"""
4107,"""football""","""d10"""
4107,"""tennis""","""d10"""
4107,"""volleyball""","""d10"""
4109,"""basketball""","""d10"""
4109,"""football""","""d10"""
4110,"""basketball""","""d10"""
4110,"""football""","""d10"""
4111,"""basketball""","""d10"""
4111,"""football""","""d10"""
4112,"""fitness""","""d10"""
4113,"""basketball""","""d10"""
4113,"""football""","""d10"""
4114,"""football""","""d10"""
4115,"""basketball""","""d10"""
4115,"""football""","""d10"""
4115,"""tennis""","""d10"""
4116,"""basketball""","""d10"""
4116,"""football""","""d10"""
4117,"""tennis""","""d10"""
4119,"""basketball""","""d10"""
4119,"""football""","""d10"""
4120,"""football""","""d10"""
4121,"""basketball""","""d10"""
4121,"""football""","""d10"""
4122,"""tennis""","""d10"""
4123,"""basketball""","""d10"""
4123,"""football""","""d10"""
4124,"""basketball""","""d10"""
4124,"""fitness""","""d10"""
4124,"""football""","""d10"""
4127,"""basketball""","""d10"""
4127,"""football""","""d10"""
4128,"""football""","""d10"""
4129,"""tennis""","""d14"""
4129,"""volleyball""","""d14"""
4130,"""basketball""","""d14"""
4130,"""football""","""d14"""
4131,"""basketball""","""d14"""
4131,"""football""","""d14"""
4132,"""basketball""","""d14"""
4132,"""football""","""d14"""
4133,"""basketball""","""d15"""
4133,"""football""","""d15"""
4134,"""basketball""","""d15"""
4134,"""football""","""d15"""
4135,"""fitness""","""d15"""
4135,"""football""","""d15"""
4135,"""volleyball""","""d15"""
4136,"""fitness""","""d15"""
4136,"""football""","""d15"""
4136,"""volleyball""","""d15"""
4137,"""basketball""","""d15"""
4137,"""football""","""d15"""
4138,"""basketball""","""d15"""
4138,"""football""","""d15"""
4139,"""basketball""","""d15"""
4139,"""football""","""d15"""
4140,"""basketball""","""d15"""
4140,"""football""","""d15"""
4141,"""basketball""","""d15"""
4141,"""football""","""d15"""
4142,"""basketball""","""d15"""
4142,"""fitness""","""d15"""
4142,"""football""","""d15"""
4143,"""basketball""","""d15"""
4143,"""football""","""d15"""
4144,"""basketball""","""d15"""
4144,"""football""","""d15"""
4145,"""basketball""","""d15"""
4145,"""football""","""d15"""
4146,"""basketball""","""d15"""
4146,"""football""","""d15"""
4147,"""fitness""","""d15"""
4148,"""football""","""d16"""
4149,"""basketball""","""d16"""
4149,"""football""","""d16"""
4150,"""basketball""","""d16"""
4150,"""football""","""d16"""
4151,"""basketball""","""d16"""
4151,"""football""","""d16"""
4152,"""basketball""","""d16"""
4152,"""football""","""d16"""
4153,"""basketball""","""d16"""
4153,"""football""","""d16"""
4154,"""fitness""","""d16"""
4154,"""football""","""d16"""
4154,"""volleyball""","""d16"""
4155,"""basketball""","""d16"""
4155,"""football""","""d16"""
4156,"""basketball""","""d16"""
4156,"""football""","""d16"""
4157,"""basketball""","""d16"""
4157,"""football""","""d16"""
4158,"""basketball""","""d16"""
4158,"""football""","""d16"""
4159,"""basketball""","""d16"""
4159,"""football""","""d16"""
4160,"""basketball""","""d16"""
4160,"""football""","""d16"""
4161,"""basketball""","""d17"""
4161,"""football""","""d17"""
4163,"""basketball""","""d17"""
4163,"""football""","""d17"""
4164,"""basketball""","""d17"""
4164,"""football""","""d17"""
4165,"""basketball""","""d17"""
4165,"""football""","""d17"""
4166,"""football""","""d17"""
4167,"""football""","""d17"""
4168,"""tennis""","""d17"""
4170,"""fitness""","""d17"""
4171,"""basketball""","""d17"""
4171,"""football""","""d17"""
4172,"""basketball""","""d17"""
4172,"""football""","""d17"""
4173,"""basketball""","""d17"""
4173,"""football""","""d17"""
4173,"""tennis""","""d17"""
4173,"""volleyball""","""d17"""
4174,"""basketball""","""d17"""
4174,"""football""","""d17"""
4174,"""tennis""","""d17"""
4175,"""basketball""","""d17"""
4175,"""football""","""d17"""
4176,"""football""","""d17"""
4176,"""tennis""","""d17"""
4176,"""volleyball""","""d17"""
4177,"""basketball""","""d17"""
4177,"""football""","""d17"""
4179,"""football""","""d17"""
4180,"""basketball""","""d18"""
4180,"""football""","""d18"""
4181,"""basketball""","""d18"""
4181,"""football""","""d18"""
4182,"""basketball""","""d18"""
4182,"""football""","""d18"""
4182,"""volleyball""","""d18"""
4183,"""basketball""","""d18"""
4183,"""football""","""d18"""
4184,"""basketball""","""d18"""
4184,"""football""","""d18"""
4185,"""basketball""","""d18"""
4185,"""football""","""d18"""
4185,"""volleyball""","""d18"""
4186,"""basketball""","""d18"""
4186,"""football""","""d18"""
4187,"""football""","""d18"""
4188,"""basketball""","""d18"""
4188,"""football""","""d18"""
4188,"""volleyball""","""d18"""
4190,"""basketball""","""d18"""
4190,"""football""","""d18"""
4191,"""basketball""","""d19"""
4191,"""football""","""d19"""
4192,"""fitness""","""d19"""
4193,"""basketball""","""d19"""
4193,"""football""","""d19"""
4194,"""tennis""","""d19"""
4195,"""basketball""","""d19"""
4195,"""football""","""d19"""
4195,"""volleyball""","""d19"""
4196,"""football""","""d19"""
4196,"""tennis""","""d19"""
4198,"""fitness""","""d19"""
4199,"""basketball""","""d19"""
4199,"""football""","""d19"""
4200,"""basketball""","""d19"""
4200,"""football""","""d19"""
4201,"""basketball""","""d15"""
4201,"""football""","""d15"""
4202,"""basketball""","""d15"""
4202,"""football""","""d15"""
4203,"""basketball""","""d15"""
4203,"""football""","""d15"""
4203,"""volleyball""","""d15"""
4204,"""basketball""","""d15"""
4204,"""football""","""d15"""
4205,"""basketball""","""d15"""
4205,"""football""","""d15"""
4206,"""basketball""","""d15"""
4206,"""football""","""d15"""
4208,"""basketball""","""d14"""
4208,"""football""","""d14"""
4209,"""tennis""","""d14"""
4210,"""basketball""","""d14"""
4210,"""football""","""d14"""
4211,"""fitness""","""d14"""
4213,"""basketball""","""d14"""
4213,"""football""","""d14"""
4214,"""basketball""","""d15"""
4214,"""football""","""d15"""
4215,"""basketball""","""d15"""
4215,"""football""","""d15"""
4216,"""basketball""","""d15"""
4216,"""football""","""d15"""
4217,"""tennis""","""d16"""
4218,"""basketball""","""d16"""
4219,"""football""","""d16"""
4220,"""basketball""","""d16"""
4220,"""football""","""d16"""
4221,"""basketball""","""d16"""
4221,"""football""","""d16"""
4222,"""basketball""","""d16"""
4222,"""football""","""d16"""
4223,"""basketball""","""d16"""
4223,"""fitness""","""d16"""
4223,"""football""","""d16"""
4225,"""football""","""d16"""
4227,"""fitness""","""d16"""
4227,"""tennis""","""d16"""
4228,"""basketball""","""d13"""
4228,"""football""","""d13"""
4228,"""volleyball""","""d13"""
4230,"""basketball""","""d13"""
4230,"""football""","""d13"""
4232,"""basketball""","""d14"""
4232,"""football""","""d14"""
4232,"""tennis""","""d14"""
4234,"""basketball""","""d14"""
4234,"""football""","""d14"""
4235,"""football""","""d14"""
4237,"""basketball""","""d14"""
4237,"""football""","""d14"""
4238,"""basketball""","""d13"""
4238,"""football""","""d13"""
4239,"""basketball""","""d14"""
4239,"""football""","""d14"""
4241,"""football""","""d14"""
4242,"""basketball""","""d14"""
4242,"""football""","""d14"""
4243,"""football""","""d14"""
4243,"""tennis""","""d14"""
4244,"""basketball""","""d14"""
4244,"""football""","""d14"""
4245,"""tennis""","""d14"""
4246,"""fitness""","""d14"""
4249,"""tennis""","""d14"""
4249,"""volleyball""","""d14"""
4250,"""tennis""","""d14"""
4253,"""fitness""","""d14"""
4254,"""basketball""","""d14"""
4254,"""football""","""d14"""
4255,"""basketball""","""d14"""
4255,"""football""","""d14"""
4256,"""basketball""","""d14"""
4256,"""football""","""d14"""
4257,"""basketball""","""d14"""
4257,"""football""","""d14"""
4258,"""football""","""d14"""
4260,"""basketball""","""d21"""
4260,"""football""","""d21"""
4261,"""basketball""","""d21"""
4261,"""football""","""d21"""
4261,"""volleyball""","""d21"""
4262,"""basketball""","""d21"""
4262,"""football""","""d21"""
4263,"""basketball""","""d21"""
4263,"""football""","""d21"""
4264,"""football""","""d21"""
4265,"""basketball""","""d21"""
4265,"""fitness""","""d21"""
4265,"""football""","""d21"""
4266,"""basketball""","""d21"""
4266,"""football""","""d21"""
4267,"""basketball""","""d21"""
4267,"""football""","""d21"""
4268,"""fitness""","""d21"""
4268,"""tennis""","""d21"""
4270,"""tennis""","""d21"""
4271,"""football""","""d21"""
4272,"""basketball""","""d21"""
4272,"""football""","""d21"""
4272,"""volleyball""","""d21"""
4273,"""fitness""","""d21"""
4273,"""tennis""","""d21"""
4274,"""fitness""","""d21"""
4275,"""football""","""d21"""
4277,"""basketball""","""d21"""
4277,"""football""","""d21"""
4278,"""football""","""d21"""
4279,"""fitness""","""d21"""
4279,"""football""","""d21"""
4279,"""tennis""","""d21"""
4279,"""volleyball""","""d21"""
4280,"""basketball""","""d21"""
4280,"""football""","""d21"""
4281,"""volleyball""","""d21"""
4282,"""basketball""","""d21"""
4282,"""football""","""d21"""
4283,"""football""","""d21"""
4283,"""tennis""","""d21"""
4285,"""football""","""d21"""
4286,"""basketball""","""d21"""
4286,"""football""","""d21"""
4287,"""basketball""","""d21"""
4287,"""football""","""d21"""
4288,"""basketball""","""d21"""
4288,"""football""","""d21"""
4289,"""basketball""","""d21"""
4289,"""football""","""d21"""
4290,"""volleyball""","""d21"""
4291,"""football""","""d21"""
4292,"""tennis""","""d21"""
4293,"""basketball""","""d21"""
4293,"""football""","""d21"""
4293,"""volleyball""","""d21"""
4294,"""basketball""","""d21"""
4294,"""football""","""d21"""
4301,"""football""","""d13"""
4311,"""football""","""d14"""
4337,"""tennis""","""d22"""
4338,"""basketball""","""d22"""
4338,"""football""","""d22"""
4339,"""football""","""d22"""
4339,"""tennis""","""d22"""
4339,"""volleyball""","""d22"""
4342,"""fitness""","""d22"""
4343,"""football""","""d22"""
4344,"""tennis""","""d22"""
4346,"""basketball""","""d22"""
4346,"""football""","""d22"""
4347,"""basketball""","""d22"""
4347,"""football""","""d22"""
4348,"""volleyball""","""d22"""
4352,"""swimming""","""d22"""
4352,"""tennis""","""d22"""
4354,"""basketball""","""d22"""
4354,"""football""","""d22"""
4355,"""tennis""","""d22"""
4357,"""football""","""d19"""
4357,"""tennis""","""d19"""
4358,"""basketball""","""d19"""
4358,"""football""","""d19"""
4359,"""basketball""","""d19"""
4359,"""football""","""d19"""
4359,"""volleyball""","""d19"""
4360,"""football""","""d19"""
4361,"""fitness""","""d19"""
4370,"""basketball""","""d19"""
4370,"""football""","""d19"""
4370,"""volleyball""","""d19"""
4372,"""tennis""","""d19"""
4373,"""basketball""","""d19"""
4373,"""football""","""d19"""
4374,"""basketball""","""d19"""
4374,"""football""","""d19"""
4375,"""tennis""","""d19"""
4376,"""basketball""","""d19"""
4376,"""football""","""d19"""
4377,"""basketball""","""d19"""
4377,"""football""","""d19"""
4379,"""basketball""","""d20"""
4379,"""fitness""","""d20"""
4379,"""football""","""d20"""
4381,"""basketball""","""d20"""
4381,"""football""","""d20"""
4382,"""basketball""","""d20"""
4382,"""football""","""d20"""
4383,"""basketball""","""d20"""
4383,"""football""","""d20"""
4384,"""basketball""","""d20"""
4384,"""football""","""d20"""
4385,"""basketball""","""d20"""
4385,"""football""","""d20"""
4387,"""football""","""d20"""
4387,"""tennis""","""d20"""
4387,"""volleyball""","""d20"""
4388,"""basketball""","""d20"""
4388,"""football""","""d20"""
4388,"""volleyball""","""d20"""
4389,"""basketball""","""d20"""
4389,"""football""","""d20"""
4390,"""basketball""","""d20"""
4390,"""football""","""d20"""
4391,"""basketball""","""d20"""
4391,"""football""","""d20"""
4392,"""basketball""","""d20"""
4392,"""football""","""d20"""
4393,"""football""","""d20"""
4394,"""basketball""","""d20"""
4394,"""football""","""d20"""
4395,"""basketball""","""d20"""
4395,"""football""","""d20"""
4396,"""basketball""","""d20"""
4396,"""football""","""d20"""
4397,"""football""","""d20"""
4397,"""tennis""","""d20"""
4398,"""basketball""","""d20"""
4398,"""football""","""d20"""
4399,"""football""","""d21"""
4399,"""tennis""","""d21"""
4403,"""volleyball""","""d21"""
4404,"""tennis""","""d21"""
4405,"""basketball""","""d21"""
4405,"""fitness""","""d21"""
4405,"""football""","""d21"""
4405,"""tennis""","""d21"""
4406,"""fitness""","""d21"""
4406,"""football""","""d21"""
4406,"""tennis""","""d21"""
4406,"""volleyball""","""d21"""
4407,"""fitness""","""d21"""
4407,"""tennis""","""d21"""
4408,"""fitness""","""d22"""
4408,"""tennis""","""d22"""
4409,"""basketball""","""d21"""
4409,"""football""","""d21"""
4410,"""fitness""","""d21"""
4411,"""football""","""d21"""
4412,"""basketball""","""d21"""
4412,"""football""","""d21"""
4413,"""volleyball""","""d22"""
4414,"""basketball""","""d22"""
4414,"""football""","""d22"""
4415,"""basketball""","""d22"""
4415,"""football""","""d22"""
4417,"""tennis""","""d22"""
4417,"""volleyball""","""d22"""
4418,"""basketball""","""d22"""
4418,"""football""","""d22"""
4419,"""basketball""","""d22"""
4419,"""football""","""d22"""
4420,"""basketball""","""d22"""
4420,"""football""","""d22"""
4421,"""football""","""d22"""
4422,"""volleyball""","""d22"""
4423,"""tennis""","""d22"""
4425,"""basketball""","""d22"""
4425,"""football""","""d22"""
4426,"""basketball""","""d22"""
4426,"""volleyball""","""d22"""
4427,"""basketball""","""d22"""
4427,"""football""","""d22"""
4429,"""basketball""","""d22"""
4429,"""football""","""d22"""
4430,"""basketball""","""d22"""
4430,"""football""","""d22"""
4431,"""basketball""","""d23"""
4431,"""fitness""","""d23"""
4431,"""football""","""d23"""
4431,"""volleyball""","""d23"""
4432,"""basketball""","""d23"""
4432,"""football""","""d23"""
4433,"""football""","""d23"""
4433,"""tennis""","""d23"""
4434,"""tennis""","""d23"""
4437,"""football""","""d23"""
4438,"""basketball""","""d23"""
4438,"""football""","""d23"""
4439,"""basketball""","""d23"""
4439,"""fitness""","""d23"""
4439,"""football""","""d23"""
4440,"""basketball""","""d23"""
4440,"""football""","""d23"""
4441,"""tennis""","""d23"""
4442,"""tennis""","""d23"""
4444,"""basketball""","""d10"""
4444,"""football""","""d10"""
4445,"""basketball""","""d23"""
4445,"""fitness""","""d23"""
4445,"""football""","""d23"""
4445,"""volleyball""","""d23"""
4447,"""basketball""","""d23"""
4447,"""football""","""d23"""
4448,"""basketball""","""d23"""
4448,"""football""","""d23"""
4449,"""basketball""","""d23"""
4449,"""football""","""d23"""
4449,"""volleyball""","""d23"""
4451,"""basketball""","""d23"""
4451,"""football""","""d23"""
4452,"""basketball""","""d23"""
4452,"""football""","""d23"""
4453,"""basketball""","""d23"""
4453,"""football""","""d23"""
4453,"""volleyball""","""d23"""
4454,"""basketball""","""d23"""
4454,"""football""","""d23"""
4455,"""tennis""","""d23"""
4456,"""fitness""","""d23"""
4457,"""basketball""","""d23"""
4457,"""football""","""d23"""
4458,"""basketball""","""d23"""
4458,"""football""","""d23"""
4460,"""basketball""","""d23"""
4460,"""football""","""d23"""
4461,"""basketball""","""d23"""
4461,"""volleyball""","""d23"""
4462,"""basketball""","""d23"""
4462,"""football""","""d23"""
4463,"""basketball""","""d23"""
4463,"""football""","""d23"""
4464,"""football""","""d23"""
4464,"""tennis""","""d23"""
4465,"""football""","""d23"""
4466,"""swimming""","""d15"""
4483,"""swimming""","""d02"""
4489,"""swimming""","""d02"""
4489,"""tennis""","""d02"""
4489,"""volleyball""","""d02"""
4492,"""fitness""","""d22"""
4492,"""tennis""","""d22"""
4494,"""football""","""d22"""
4494,"""tennis""","""d22"""
4495,"""basketball""","""d22"""
4495,"""football""","""d22"""
4497,"""basketball""","""d22"""
4497,"""football""","""d22"""
4498,"""volleyball""","""d22"""
4499,"""fitness""","""d23"""
4499,"""football""","""d23"""
4500,"""basketball""","""d23"""
4500,"""football""","""d23"""
4501,"""tennis""","""d23"""
4502,"""fitness""","""d23"""
4502,"""tennis""","""d23"""
4503,"""basketball""","""d23"""
4503,"""football""","""d23"""
4504,"""basketball""","""d23"""
4504,"""football""","""d23"""
4504,"""volleyball""","""d23"""
4506,"""basketball""","""d23"""
4506,"""football""","""d23"""
4507,"""basketball""","""d23"""
4507,"""football""","""d23"""
4508,"""basketball""","""d22"""
4508,"""football""","""d22"""
4509,"""fitness""","""d22"""
4509,"""tennis""","""d22"""
4511,"""fitness""","""d22"""
4511,"""football""","""d22"""
4511,"""tennis""","""d22"""
4512,"""basketball""","""d22"""
4512,"""football""","""d22"""
4513,"""basketball""","""d22"""
4513,"""football""","""d22"""
4514,"""football""","""d22"""
4514,"""swimming""","""d22"""
4515,"""basketball""","""d22"""
4515,"""fitness""","""d22"""
4515,"""football""","""d22"""
4515,"""volleyball""","""d22"""
4517,"""basketball""","""d22"""
4517,"""football""","""d22"""
4517,"""volleyball""","""d22"""
4520,"""basketball""","""d22"""
4520,"""football""","""d22"""
4521,"""basketball""","""d22"""
4521,"""football""","""d22"""
4522,"""tennis""","""d22"""
4524,"""basketball""","""d22"""
4524,"""football""","""d22"""
4524,"""volleyball""","""d22"""
4525,"""basketball""","""d22"""
4525,"""football""","""d22"""
4526,"""basketball""","""d22"""
4526,"""football""","""d22"""
4528,"""football""","""d22"""
4528,"""tennis""","""d22"""
4530,"""basketball""","""d22"""
4530,"""football""","""d22"""
4531,"""tennis""","""d22"""
4532,"""basketball""","""d22"""
4532,"""football""","""d22"""
4533,"""basketball""","""d22"""
4533,"""football""","""d22"""
4533,"""volleyball""","""d22"""
4534,"""football""","""d22"""
4535,"""basketball""","""d22"""
4535,"""fitness""","""d22"""
4535,"""football""","""d22"""
4536,"""basketball""","""d22"""
4536,"""football""","""d22"""
4538,"""basketball""","""d22"""
4538,"""football""","""d22"""
4540,"""basketball""","""d22"""
4540,"""football""","""d22"""
4540,"""volleyball""","""d22"""
4541,"""basketball""","""d22"""
4541,"""football""","""d22"""
4543,"""basketball""","""d22"""
4543,"""football""","""d22"""
4544,"""basketball""","""d22"""
4544,"""football""","""d22"""
4549,"""football""","""d04"""
4549,"""swimming""","""d04"""
4549,"""volleyball""","""d04"""
4628,"""football""","""d09"""
4629,"""football""","""d09"""
4643,"""basketball""","""d10"""
4643,"""football""","""d10"""
4643,"""volleyball""","""d10"""
4644,"""football""","""d10"""
4682,"""swimming""","""d02"""
4682,"""tennis""","""d02"""
4693,"""football""","""d02"""
4693,"""swimming""","""d02"""
4720,"""volleyball""","""d03"""
4732,"""volleyball""","""d03"""
4735,"""football""","""d11"""
4776,"""football""","""d13"""
4781,"""football""","""d13"""
4784,"""basketball""","""d22"""
4784,"""football""","""d22"""
4785,"""basketball""","""d22"""
4785,"""football""","""d22"""
4787,"""basketball""","""d23"""
4787,"""football""","""d23"""
4788,"""fitness""","""d23"""
4789,"""basketball""","""d01"""
4789,"""football""","""d01"""
4790,"""basketball""","""d02"""
4790,"""football""","""d02"""
4791,"""swimming""","""d02"""
4792,"""swimming""","""d03"""
4793,"""swimming""","""d10"""
4794,"""swimming""","""d14"""
4795,"""swimming""","""d18"""
4796,"""swimming""","""d21"""
4797,"""swimming""","""d21"""
4798,"""swimming""","""d14"""
4799,"""fitness""","""d02"""
4800,"""tennis""","""d11"""
4804,"""swimming""","""d02"""
4805,"""basketball""","""d21"""
4805,"""football""","""d21"""
4806,"""basketball""","""d21"""
4806,"""fitness""","""d21"""
4806,"""football""","""d21"""
4807,"""basketball""","""d22"""
4807,"""football""","""d22"""
4809,"""fitness""","""d22"""
4810,"""fitness""","""d22"""
4811,"""basketball""","""d22"""
4811,"""football""","""d22"""
4812,"""basketball""","""d22"""
4812,"""football""","""d22"""
4813,"""basketball""","""d22"""
4813,"""football""","""d22"""
4814,"""basketball""","""d22"""
4814,"""football""","""d22"""
4815,"""basketball""","""d22"""
4815,"""football""","""d22"""
4863,"""football""","""d10"""
4863,"""tennis""","""d10"""
4863,"""volleyball""","""d10"""
4971,"""tennis""","""d19"""
5004,"""football""","""d20"""
5010,"""swimming""","""d21"""
5010,"""volleyball""","""d21"""
5016,"""tennis""","""d15"""
5017,"""swimming""","""d15"""
5028,"""tennis""","""d15"""
5093,"""football""","""d21"""
5096,"""volleyball""","""d21"""
5100,"""swimming""","""d22"""
5100,"""volleyball""","""d22"""
5138,"""football""","""d22"""
5177,"""volleyball""","""d22"""
5211,"""football""","""d21"""
5217,"""basketball""","""d21"""
5217,"""volleyball""","""d21"""
5237,"""football""","""d21"""
5251,"""basketball""","""d05"""
5251,"""football""","""d05"""
5252,"""basketball""","""d07"""
5252,"""football""","""d07"""
5253,"""basketball""","""d09"""
5253,"""football""","""d09"""
5255,"""basketball""","""d10"""
5255,"""fitness""","""d10"""
5255,"""football""","""d10"""
5256,"""basketball""","""d10"""
5256,"""football""","""d10"""
5257,"""basketball""","""d10"""
5257,"""football""","""d10"""
5257,"""volleyball""","""d10"""
5259,"""fitness""","""d11"""
5260,"""basketball""","""d11"""
5260,"""football""","""d11"""
5261,"""basketball""","""d11"""
5261,"""football""","""d11"""
5262,"""basketball""","""d12"""
5262,"""football""","""d12"""
5263,"""basketball""","""d21"""
5263,"""football""","""d21"""
5264,"""basketball""","""d21"""
5264,"""football""","""d21"""
5265,"""basketball""","""d21"""
5265,"""football""","""d21"""
5265,"""volleyball""","""d21"""
5266,"""fitness""","""d21"""
5267,"""fitness""","""d21"""
5269,"""fitness""","""d22"""
5271,"""basketball""","""d22"""
5271,"""football""","""d22"""
5272,"""basketball""","""d22"""
5272,"""football""","""d22"""
5275,"""basketball""","""d23"""
5275,"""football""","""d23"""
5276,"""basketball""","""d23"""
5276,"""football""","""d23"""
5277,"""basketball""","""d23"""
5277,"""football""","""d23"""
5278,"""basketball""","""d01"""
5278,"""football""","""d01"""
5279,"""basketball""","""d02"""
5279,"""fitness""","""d02"""
5279,"""football""","""d02"""
5280,"""basketball""","""d02"""
5280,"""fitness""","""d02"""
5280,"""football""","""d02"""
5281,"""swimming""","""d11"""
5282,"""swimming""","""d16"""
5283,"""swimming""","""d19"""
5284,"""volleyball""","""d22"""
5315,"""football""","""d14"""
5322,"""volleyball""","""d23"""
5326,"""football""","""d23"""
5331,"""tennis""","""d10"""
5333,"""tennis""","""d10"""
5334,"""tennis""","""d11"""
5337,"""tennis""","""d23"""
5338,"""basketball""","""d03"""
5338,"""football""","""d03"""
5339,"""fitness""","""d03"""
5340,"""fitness""","""d03"""
5341,"""fitness""","""d04"""
5343,"""basketball""","""d05"""
5343,"""football""","""d05"""
5344,"""fitness""","""d06"""
5345,"""fitness""","""d06"""
5346,"""basketball""","""d09"""
5346,"""football""","""d09"""
5347,"""fitness""","""d10"""
5348,"""fitness""","""d10"""
5349,"""basketball""","""d10"""
5349,"""fitness""","""d10"""
5349,"""football""","""d10"""
5350,"""basketball""","""d11"""
5350,"""football""","""d11"""
5351,"""basketball""","""d11"""
5351,"""football""","""d11"""
5352,"""fitness""","""d12"""
5353,"""fitness""","""d12"""
5354,"""basketball""","""d13"""
5354,"""football""","""d13"""
5355,"""fitness""","""d14"""
5356,"""fitness""","""d06"""
5357,"""basketball""","""d17"""
5357,"""football""","""d17"""
5358,"""fitness""","""d19"""
5359,"""basketball""","""d21"""
5359,"""football""","""d21"""
5362,"""swimming""","""d02"""
5363,"""fitness""","""d23"""
5363,"""football""","""d23"""
5363,"""swimming""","""d23"""
5363,"""volleyball""","""d23"""
5365,"""swimming""","""d22"""
5365,"""volleyball""","""d22"""
5366,"""swimming""","""d20"""
5367,"""swimming""","""d17"""
5367,"""volleyball""","""d17"""
5368,"""football""","""d16"""
5368,"""swimming""","""d16"""
5369,"""football""","""d11"""
5369,"""volleyball""","""d11"""
5370,"""swimming""","""d10"""
5371,"""swimming""","""d13"""
5371,"""volleyball""","""d13"""
5373,"""swimming""","""d21"""
5373,"""volleyball""","""d21"""
5376,"""volleyball""","""d21"""
5377,"""football""","""d22"""
5377,"""swimming""","""d22"""
5377,"""volleyball""","""d22"""
5378,"""basketball""","""d22"""
5378,"""football""","""d22"""
5378,"""swimming""","""d22"""
5378,"""tennis""","""d22"""
5378,"""volleyball""","""d22"""
5379,"""swimming""","""d23"""
5380,"""basketball""","""d06"""
5380,"""fitness""","""d06"""
5380,"""volleyball""","""d06"""
5381,"""swimming""","""d13"""
5382,"""swimming""","""d17"""
5383,"""swimming""","""d21"""
5384,"""basketball""","""d10"""
5384,"""football""","""d10"""
5385,"""basketball""","""d13"""
5385,"""football""","""d13"""
5386,"""basketball""","""d13"""
5386,"""football""","""d13"""
5387,"""fitness""","""d15"""
5388,"""basketball""","""d05"""
5388,"""football""","""d05"""
5389,"""fitness""","""d17"""
5391,"""basketball""","""d20"""
5391,"""football""","""d20"""
5392,"""basketball""","""d21"""
5392,"""football""","""d21"""
5393,"""basketball""","""d10"""
5393,"""swimming""","""d10"""
5393,"""volleyball""","""d10"""
5394,"""fitness""","""d12"""
5394,"""swimming""","""d12"""
5395,"""swimming""","""d13"""
5395,"""volleyball""","""d13"""
5396,"""fitness""","""d14"""
5396,"""swimming""","""d14"""
5397,"""football""","""d16"""
5397,"""volleyball""","""d16"""
5398,"""swimming""","""d17"""
5399,"""volleyball""","""d19"""
5400,"""swimming""","""d19"""
5400,"""volleyball""","""d19"""
5401,"""volleyball""","""d02"""
5406,"""volleyball""","""d23"""
5409,"""fitness""","""d07"""
5416,"""volleyball""","""d11"""
5420,"""fitness""","""d05"""
5420,"""volleyball""","""d05"""
5421,"""basketball""","""d14"""
5425,"""fitness""","""d21"""
5427,"""volleyball""","""d06"""
5428,"""football""","""d12"""
5436,"""fitness""","""d22"""
5443,"""basketball""","""d10"""
5443,"""football""","""d10"""
5444,"""basketball""","""d03"""
5444,"""football""","""d03"""
5444,"""volleyball""","""d03"""
5446,"""fitness""","""d22"""
5447,"""basketball""","""d16"""
5447,"""football""","""d16"""
5450,"""fitness""","""d10"""
5451,"""fitness""","""d14"""
5456,"""football""","""d14"""
5457,"""volleyball""","""d10"""
5458,"""basketball""","""d10"""
5458,"""football""","""d10"""
5458,"""volleyball""","""d10"""
5459,"""volleyball""","""d10"""
5460,"""fitness""","""d03"""
5463,"""basketball""","""d10"""
5463,"""football""","""d10"""
5463,"""volleyball""","""d10"""
5464,"""fitness""","""d15"""
5473,"""fitness""","""d15"""
5474,"""basketball""","""d21"""
5474,"""football""","""d21"""
5474,"""volleyball""","""d21"""
5475,"""football""","""d13"""
5477,"""basketball""","""d11"""
5477,"""football""","""d11"""
5485,"""basketball""","""d10"""
5485,"""football""","""d10"""
5485,"""volleyball""","""d10"""
5487,"""volleyball""","""d10"""
5489,"""basketball""","""d22"""
5491,"""fitness""","""d14"""
5491,"""volleyball""","""d14"""
5493,"""volleyball""","""d16"""
5494,"""fitness""","""d06"""
5499,"""volleyball""","""d22"""
5500,"""basketball""","""d12"""
5500,"""fitness""","""d12"""
5500,"""football""","""d12"""
5500,"""volleyball""","""d12"""
5503,"""football""","""d10"""
5505,"""football""","""d10"""
5507,"""football""","""d10"""
5507,"""volleyball""","""d10"""
5508,"""basketball""","""d19"""
5508,"""football""","""d19"""
5509,"""fitness""","""d19"""
5512,"""fitness""","""d21"""
5515,"""basketball""","""d20"""
5515,"""fitness""","""d20"""
5515,"""football""","""d20"""
5519,"""basketball""","""d21"""
5519,"""football""","""d21"""
5520,"""basketball""","""d15"""
5520,"""football""","""d15"""
5520,"""volleyball""","""d15"""
5521,"""football""","""d10"""
5525,"""basketball""","""d07"""
5525,"""football""","""d07"""
5527,"""fitness""","""d22"""
5529,"""fitness""","""d03"""
5534,"""fitness""","""d20"""
5535,"""football""","""d10"""
5539,"""fitness""","""d12"""
5540,"""fitness""","""d13"""
5542,"""fitness""","""d14"""
5543,"""football""","""d21"""
5547,"""fitness""","""d22"""
5550,"""fitness""","""d21"""
5551,"""fitness""","""d22"""
5552,"""basketball""","""d11"""
5552,"""fitness""","""d11"""
5552,"""football""","""d11"""
5556,"""basketball""","""d19"""
5563,"""fitness""","""d11"""
5566,"""basketball""","""d11"""
5566,"""football""","""d11"""
5571,"""fitness""","""d23"""
5576,"""fitness""","""d22"""
5577,"""basketball""","""d14"""
5577,"""football""","""d14"""
5579,"""volleyball""","""d22"""
5587,"""basketball""","""d23"""
5587,"""fitness""","""d23"""
5587,"""football""","""d23"""
5587,"""volleyball""","""d23"""
5590,"""basketball""","""d22"""
5590,"""football""","""d22"""
5595,"""basketball""","""d23"""
5595,"""fitness""","""d23"""
5595,"""football""","""d23"""
5595,"""volleyball""","""d23"""
5596,"""volleyball""","""d10"""
5598,"""fitness""","""d23"""
5600,"""basketball""","""d14"""
5603,"""football""","""d03"""
5609,"""basketball""","""d23"""
5609,"""football""","""d23"""
5610,"""fitness""","""d21"""
5611,"""football""","""d21"""
5613,"""basketball""","""d10"""
5613,"""football""","""d10"""
5616,"""volleyball""","""d16"""
5623,"""basketball""","""d05"""
5623,"""football""","""d05"""
5625,"""football""","""d03"""
5626,"""fitness""","""d03"""
5633,"""fitness""","""d22"""
5641,"""fitness""","""d11"""
5642,"""volleyball""","""d22"""
5644,"""fitness""","""d23"""
5644,"""football""","""d23"""
5647,"""fitness""","""d23"""
5647,"""football""","""d23"""
5656,"""fitness""","""d21"""
5659,"""volleyball""","""d12"""
5661,"""fitness""","""d22"""
5661,"""football""","""d22"""
5664,"""basketball""","""d20"""
5664,"""fitness""","""d20"""
5664,"""football""","""d20"""
5664,"""volleyball""","""d20"""
5668,"""fitness""","""d19"""
5669,"""basketball""","""d15"""
5669,"""fitness""","""d15"""
5669,"""football""","""d15"""
5682,"""basketball""","""d20"""
5685,"""football""","""d02"""
5690,"""volleyball""","""d22"""
5695,"""fitness""","""d19"""
5696,"""basketball""","""d03"""
5696,"""football""","""d03"""
5698,"""fitness""","""d22"""
5699,"""tennis""","""d22"""
5700,"""basketball""","""d22"""
5713,"""fitness""","""d10"""
5714,"""volleyball""","""d10"""
5716,"""football""","""d10"""
5718,"""fitness""","""d11"""
5721,"""basketball""","""d18"""
5721,"""fitness""","""d18"""
5721,"""football""","""d18"""
5721,"""volleyball""","""d18"""
5727,"""volleyball""","""d10"""
5732,"""basketball""","""d15"""
5732,"""football""","""d15"""
5736,"""fitness""","""d10"""
5738,"""basketball""","""d18"""
5738,"""fitness""","""d18"""
5741,"""fitness""","""d21"""
5742,"""fitness""","""d12"""
5746,"""fitness""","""d12"""
5746,"""volleyball""","""d12"""
5750,"""football""","""d23"""
5753,"""basketball""","""d02"""
5753,"""fitness""","""d02"""
5753,"""football""","""d02"""
5756,"""basketball""","""d20"""
5756,"""football""","""d20"""
5761,"""basketball""","""d07"""
5763,"""volleyball""","""d14"""
5767,"""basketball""","""d12"""
5767,"""football""","""d12"""
5767,"""volleyball""","""d12"""
5770,"""fitness""","""d10"""
5777,"""football""","""d13"""
5780,"""volleyball""","""d16"""
5781,"""fitness""","""d22"""
5783,"""fitness""","""d15"""
5785,"""fitness""","""d23"""
5786,"""fitness""","""d17"""
5791,"""fitness""","""d21"""
5792,"""basketball""","""d02"""
5792,"""football""","""d02"""
5793,"""fitness""","""d02"""
5793,"""volleyball""","""d02"""
5800,"""volleyball""","""d02"""
5801,"""basketball""","""d10"""
5801,"""football""","""d10"""
5801,"""volleyball""","""d10"""
5804,"""fitness""","""d12"""
5804,"""volleyball""","""d12"""
5808,"""fitness""","""d16"""
5810,"""basketball""","""d10"""
5810,"""football""","""d10"""
5810,"""volleyball""","""d10"""
5812,"""fitness""","""d16"""
5817,"""fitness""","""d20"""
5819,"""volleyball""","""d22"""
5827,"""football""","""d13"""
5829,"""fitness""","""d16"""
5830,"""fitness""","""d11"""
5832,"""fitness""","""d04"""
5835,"""fitness""","""d11"""
5839,"""volleyball""","""d13"""
5841,"""fitness""","""d03"""
5848,"""fitness""","""d17"""
5851,"""basketball""","""d06"""
5851,"""fitness""","""d06"""
5851,"""football""","""d06"""
5852,"""basketball""","""d14"""
5852,"""football""","""d14"""
5854,"""fitness""","""d14"""
5857,"""basketball""","""d23"""
5857,"""football""","""d23"""
5859,"""fitness""","""d21"""
5859,"""volleyball""","""d21"""
5863,"""fitness""","""d23"""
5863,"""football""","""d23"""
5867,"""basketball""","""d11"""
5867,"""fitness""","""d11"""
5867,"""volleyball""","""d11"""
5868,"""football""","""d23"""
5871,"""basketball""","""d11"""
5871,"""fitness""","""d11"""
5871,"""football""","""d11"""
5871,"""volleyball""","""d11"""
5873,"""basketball""","""d05"""
5873,"""football""","""d05"""
5877,"""football""","""d21"""
5880,"""basketball""","""d19"""
5880,"""football""","""d19"""
5885,"""basketball""","""d22"""
5885,"""fitness""","""d22"""
5885,"""football""","""d22"""
5886,"""basketball""","""d15"""
5886,"""football""","""d15"""
5888,"""fitness""","""d13"""
5890,"""basketball""","""d10"""
5890,"""fitness""","""d10"""
5890,"""football""","""d10"""
5897,"""fitness""","""d12"""
5899,"""fitness""","""d23"""
5899,"""volleyball""","""d23"""
5906,"""basketball""","""d15"""
5906,"""fitness""","""d15"""
5906,"""volleyball""","""d15"""
5913,"""fitness""","""d03"""
5915,"""football""","""d22"""
5915,"""volleyball""","""d22"""
5916,"""volleyball""","""d18"""
5918,"""fitness""","""d15"""
5919,"""volleyball""","""d07"""
5920,"""fitness""","""d12"""
5920,"""volleyball""","""d12"""
5923,"""fitness""","""d22"""
5930,"""volleyball""","""d09"""
5932,"""basketball""","""d10"""
5932,"""fitness""","""d10"""
5932,"""football""","""d10"""
5932,"""volleyball""","""d10"""
5933,"""fitness""","""d10"""
5935,"""basketball""","""d11"""
5936,"""basketball""","""d11"""
5936,"""volleyball""","""d11"""
5940,"""volleyball""","""d02"""
5941,"""basketball""","""d16"""
5941,"""fitness""","""d16"""
5941,"""football""","""d16"""
5947,"""volleyball""","""d22"""
5948,"""volleyball""","""d12"""
5950,"""fitness""","""d22"""
5952,"""basketball""","""d23"""
5952,"""fitness""","""d23"""
5952,"""football""","""d23"""
5952,"""volleyball""","""d23"""
5957,"""football""","""d22"""
5962,"""football""","""d02"""
5964,"""football""","""d10"""
5968,"""volleyball""","""d01"""
5975,"""basketball""","""d23"""
5975,"""football""","""d23"""
5978,"""fitness""","""d16"""
5982,"""fitness""","""d17"""
5982,"""volleyball""","""d17"""
5983,"""volleyball""","""d15"""
5984,"""basketball""","""d22"""
5984,"""football""","""d22"""
5990,"""fitness""","""d21"""
5991,"""football""","""d11"""
5991,"""volleyball""","""d11"""
5994,"""volleyball""","""d10"""
5995,"""fitness""","""d12"""
5996,"""basketball""","""d10"""
5996,"""fitness""","""d10"""
5996,"""football""","""d10"""
5996,"""volleyball""","""d10"""
5998,"""basketball""","""d11"""
6001,"""basketball""","""d21"""
6005,"""basketball""","""d11"""
6005,"""football""","""d11"""
6008,"""basketball""","""d19"""
6012,"""fitness""","""d22"""
6013,"""basketball""","""d22"""
6013,"""fitness""","""d22"""
6013,"""football""","""d22"""
6013,"""volleyball""","""d22"""
6014,"""fitness""","""d22"""
6016,"""basketball""","""d08"""
6016,"""fitness""","""d08"""
6016,"""football""","""d08"""
6021,"""volleyball""","""d16"""
6023,"""fitness""","""d06"""
6023,"""football""","""d06"""
6026,"""volleyball""","""d15"""
6030,"""volleyball""","""d21"""
6032,"""volleyball""","""d15"""
6033,"""football""","""d23"""
6034,"""basketball""","""d14"""
6034,"""football""","""d14"""
6044,"""fitness""","""d09"""
6049,"""basketball""","""d02"""
6049,"""football""","""d02"""
6050,"""fitness""","""d02"""
6057,"""fitness""","""d14"""
6058,"""fitness""","""d10"""
6065,"""football""","""d12"""
6068,"""fitness""","""d02"""
6069,"""fitness""","""d23"""
6070,"""fitness""","""d03"""
6072,"""fitness""","""d22"""
6073,"""football""","""d10"""
6076,"""fitness""","""d02"""
6077,"""volleyball""","""d20"""
6082,"""basketball""","""d03"""
6082,"""football""","""d03"""
6083,"""fitness""","""d22"""
6086,"""fitness""","""d21"""
6086,"""football""","""d21"""
6088,"""fitness""","""d05"""
6099,"""fitness""","""d15"""
6101,"""basketball""","""d19"""
6101,"""fitness""","""d19"""
6101,"""football""","""d19"""
6102,"""fitness""","""d02"""
6103,"""volleyball""","""d02"""
6104,"""volleyball""","""d02"""
6106,"""basketball""","""d04"""
6106,"""fitness""","""d04"""
6106,"""football""","""d04"""
6107,"""volleyball""","""d02"""
6109,"""basketball""","""d21"""
6109,"""football""","""d21"""
6110,"""fitness""","""d21"""
6111,"""basketball""","""d18"""
6113,"""basketball""","""d18"""
6113,"""fitness""","""d18"""
6113,"""football""","""d18"""
6113,"""volleyball""","""d18"""
6119,"""volleyball""","""d16"""
6121,"""fitness""","""d21"""
6125,"""fitness""","""d23"""
6129,"""basketball""","""d17"""
6129,"""football""","""d17"""
6130,"""fitness""","""d11"""
6132,"""football""","""d21"""
6133,"""fitness""","""d21"""
6134,"""basketball""","""d21"""
6134,"""fitness""","""d21"""
6134,"""football""","""d21"""
6134,"""volleyball""","""d21"""
6137,"""basketball""","""d07"""
6137,"""fitness""","""d07"""
6137,"""football""","""d07"""
6137,"""volleyball""","""d07"""
6141,"""fitness""","""d10"""
6141,"""football""","""d10"""
6141,"""volleyball""","""d10"""
6145,"""volleyball""","""d16"""
6146,"""fitness""","""d21"""
6149,"""football""","""d13"""
6155,"""fitness""","""d13"""
6156,"""volleyball""","""d23"""
6160,"""volleyball""","""d13"""
6162,"""fitness""","""d19"""
6164,"""volleyball""","""d05"""
6165,"""fitness""","""d05"""
6169,"""fitness""","""d22"""
6170,"""fitness""","""d02"""
6170,"""volleyball""","""d02"""
6172,"""fitness""","""d15"""
6190,"""fitness""","""d03"""
6204,"""football""","""d08"""
6230,"""fitness""","""d15"""
6250,"""football""","""d18"""
6256,"""fitness""","""d07"""
6306,"""football""","""d09"""
6326,"""fitness""","""d22"""
6355,"""football""","""d07"""
6360,"""fitness""","""d07"""
6406,"""fitness""","""d11"""
6460,"""football""","""d21"""
6501,"""football""","""d01"""
6540,"""football""","""d03"""
6588,"""football""","""d06"""
6595,"""football""","""d08"""
6600,"""football""","""d16"""
6605,"""football""","""d04"""
6648,"""football""","""d07"""
6715,"""fitness""","""d06"""
6747,"""football""","""d14"""
6770,"""fitness""","""d06"""
6793,"""basketball""","""d16"""
6810,"""football""","""d17"""
6847,"""football""","""d01"""
6876,"""fitness""","""d10"""
6903,"""tennis""","""d09"""
6918,"""football""","""d07"""
6977,"""football""","""d07"""
7002,"""tennis""","""d10"""
7003,"""fitness""","""d10"""
7027,"""tennis""","""d20"""
7033,"""football""","""d10"""
7074,"""fitness""","""d10"""
7098,"""fitness""","""d10"""
7249,"""football""","""d08"""
7286,"""fitness""","""d22"""
7298,"""football""","""d08"""
7336,"""football""","""d05"""
7363,"""football""","""d19"""
7391,"""fitness""","""d03"""
7414,"""fitness""","""d19"""
7422,"""fitness""","""d05"""
7433,"""fitness""","""d19"""
7442,"""fitness""","""d19"""
7474,"""fitness""","""d03"""
7477,"""fitness""","""d09"""
7480,"""fitness""","""d09"""
7482,"""fitness""","""d09"""
7486,"""fitness""","""d09"""
7504,"""fitness""","""d09"""
7512,"""tennis""","""d09"""
7526,"""fitness""","""d20"""
7554,"""football""","""d15"""
7564,"""football""","""d08"""
7572,"""fitness""","""d07"""
7580,"""football""","""d08"""
7664,"""tennis""","""d19"""
7680,"""football""","""d09"""
7682,"""football""","""d09"""
7699,"""tennis""","""d02"""
7706,"""tennis""","""d02"""
7708,"""tennis""","""d02"""
7715,"""football""","""d04"""
7716,"""fitness""","""d04"""
7729,"""fitness""","""d02"""
7750,"""fitness""","""d10"""
7754,"""football""","""d20"""
7803,"""fitness""","""d12"""
7804,"""fitness""","""d02"""
7818,"""tennis""","""d22"""
7831,"""tennis""","""d19"""
7852,"""football""","""d16"""
7857,"""football""","""d03"""
7870,"""football""","""d01"""
7875,"""fitness""","""d01"""
7893,"""fitness""","""d09"""
7906,"""football""","""d08"""
7919,"""football""","""d18"""
7948,"""football""","""d16"""
7994,"""fitness""","""d02"""
8075,"""fitness""","""d19"""
8158,"""fitness""","""d03"""
8160,"""fitness""","""d22"""
8167,"""fitness""","""d01"""
8226,"""fitness""","""d19"""
8277,"""fitness""","""d07"""
8335,"""fitness""","""d12"""
8411,"""football""","""d07"""
8446,"""football""","""d08"""
8447,"""football""","""d16"""
8448,"""football""","""d08"""
8449,"""football""","""d09"""
8451,"""football""","""d03"""
8453,"""football""","""d06"""
8455,"""football""","""d04"""
8456,"""football""","""d06"""
8458,"""tennis""","""d22"""
8459,"""tennis""","""d10"""
8467,"""football""","""d05"""
8521,"""fitness""","""d18"""
8522,"""fitness""","""d18"""
8602,"""fitness""","""d02"""
8609,"""fitness""","""d04"""
8617,"""fitness""","""d15"""
8630,"""fitness""","""d06"""
8667,"""fitness""","""d19"""
8669,"""fitness""","""d18"""
8673,"""fitness""","""d18"""
8696,"""fitness""","""d18"""
8800,"""fitness""","""d09"""
8839,"""fitness""","""d21"""
8896,"""fitness""","""d22"""
8900,"""fitness""","""d21"""
8920,"""fitness""","""d01"""
8941,"""football""","""d09"""
8957,"""fitness""","""d06"""
8962,"""tennis""","""d21"""
8971,"""fitness""","""d19"""
8972,"""fitness""","""d21"""
8983,"""fitness""","""d21"""
8996,"""fitness""","""d01"""
8997,"""fitness""","""d08"""
9028,"""fitness""","""d11"""
9041,"""tennis""","""d09"""
9045,"""fitness""","""d08"""
9050,"""fitness""","""d21"""
9052,"""fitness""","""d15"""
9069,"""fitness""","""d11"""
9075,"""tennis""","""d03"""
9086,"""fitness""","""d06"""
9087,"""fitness""","""d07"""
9088,"""fitness""","""d04"""
9098,"""football""","""d20"""
9101,"""fitness""","""d04"""
9107,"""fitness""","""d02"""
9108,"""tennis""","""d21"""
9129,"""tennis""","""d22"""
9141,"""tennis""","""d06"""
9172,"""fitness""","""d03"""
9210,"""fitness""","""d03"""
9248,"""fitness""","""d02"""
9278,"""fitness""","""d05"""
9316,"""fitness""","""d14"""
9317,"""tennis""","""d08"""
9370,"""fitness""","""d11"""
9384,"""fitness""","""d16"""
9412,"""fitness""","""d14"""
9419,"""swimming""","""d10"""
9423,"""fitness""","""d03"""
9424,"""fitness""","""d19"""
9430,"""fitness""","""d07"""
9460,"""basketball""","""d02"""
9461,"""tennis""","""d02"""
9465,"""fitness""","""d10"""
9467,"""fitness""","""d01"""
9472,"""tennis""","""d18"""
9522,"""fitness""","""d20"""
9563,"""fitness""","""d12"""
9568,"""fitness""","""d02"""
9582,"""fitness""","""d07"""
9591,"""fitness""","""d04"""
9595,"""fitness""","""d21"""
9596,"""fitness""","""d07"""
9599,"""fitness""","""d03"""
9601,"""fitness""","""d03"""
9602,"""fitness""","""d03"""
9604,"""fitness""","""d03"""
9608,"""tennis""","""d21"""
9613,"""fitness""","""d11"""
9652,"""fitness""","""d22"""
9653,"""tennis""","""d22"""
9673,"""fitness""","""d22"""
9675,"""fitness""","""d22"""
9698,"""tennis""","""d22"""
9699,"""fitness""","""d22"""
9708,"""fitness""","""d12"""
9728,"""tennis""","""d08"""
9734,"""swimming""","""d14"""
9737,"""fitness""","""d14"""
9738,"""tennis""","""d16"""
9739,"""tennis""","""d16"""
9741,"""tennis""","""d14"""
9744,"""tennis""","""d16"""
9745,"""fitness""","""d16"""
9752,"""tennis""","""d15"""
9754,"""tennis""","""d11"""
9761,"""tennis""","""d22"""
9775,"""tennis""","""d05"""
9804,"""fitness""","""d02"""
9828,"""tennis""","""d16"""
9843,"""tennis""","""d17"""
9844,"""tennis""","""d18"""
9846,"""fitness""","""d23"""
9866,"""tennis""","""d09"""
9867,"""tennis""","""d09"""
9868,"""tennis""","""d09"""
9869,"""tennis""","""d10"""
9878,"""fitness""","""d20"""
9885,"""fitness""","""d02"""
9890,"""tennis""","""d08"""
9893,"""fitness""","""d10"""
9895,"""tennis""","""d17"""
9906,"""tennis""","""d20"""
9910,"""fitness""","""d10"""
9913,"""tennis""","""d22"""
9924,"""tennis""","""d14"""
9925,"""tennis""","""d02"""
9928,"""tennis""","""d18"""
9930,"""tennis""","""d10"""
9947,"""tennis""","""d04"""
9969,"""fitness""","""d13"""
9970,"""fitness""","""d02"""
9977,"""tennis""","""d13"""
9981,"""tennis""","""d15"""
9982,"""tennis""","""d15"""
9986,"""tennis""","""d02"""
9994,"""fitness""","""d06"""
9995,"""tennis""","""d06"""
9997,"""tennis""","""d22"""
10004,"""fitness""","""d09"""
10011,"""fitness""","""d15"""
10014,"""fitness""","""d07"""
10018,"""basketball""","""d03"""
10029,"""fitness""","""d19"""
10035,"""tennis""","""d22"""
10040,"""tennis""","""d22"""
10051,"""tennis""","""d23"""
10060,"""fitness""","""d14"""
10063,"""tennis""","""d03"""
10064,"""fitness""","""d17"""
10066,"""tennis""","""d19"""
10067,"""fitness""","""d13"""
10071,"""fitness""","""d17"""
10072,"""fitness""","""d16"""
10073,"""tennis""","""d16"""
10075,"""fitness""","""d08"""
10083,"""tennis""","""d19"""
10085,"""fitness""","""d22"""
10088,"""fitness""","""d14"""
10094,"""tennis""","""d23"""
10102,"""fitness""","""d12"""
10104,"""tennis""","""d08"""
10107,"""tennis""","""d23"""
10141,"""fitness""","""d03"""
10143,"""fitness""","""d02"""
10155,"""tennis""","""d05"""
10168,"""tennis""","""d02"""
10171,"""fitness""","""d02"""
10177,"""tennis""","""d11"""
10178,"""tennis""","""d03"""
10188,"""fitness""","""d07"""
10191,"""tennis""","""d22"""
10192,"""fitness""","""d11"""
10193,"""tennis""","""d18"""
10198,"""fitness""","""d03"""
10201,"""tennis""","""d07"""
10206,"""fitness""","""d09"""
10209,"""fitness""","""d13"""
10214,"""fitness""","""d01"""
10222,"""tennis""","""d02"""
10223,"""tennis""","""d10"""
10231,"""fitness""","""d04"""
10237,"""fitness""","""d06"""
10256,"""fitness""","""d02"""
10265,"""fitness""","""d19"""
10268,"""fitness""","""d10"""
10271,"""tennis""","""d07"""
10277,"""tennis""","""d20"""
10279,"""tennis""","""d03"""
10280,"""fitness""","""d10"""
10285,"""fitness""","""d01"""
10293,"""tennis""","""d11"""
10298,"""tennis""","""d16"""
10307,"""fitness""","""d22"""
10308,"""tennis""","""d10"""
10309,"""fitness""","""d15"""
10310,"""fitness""","""d09"""
10313,"""fitness""","""d18"""
10314,"""fitness""","""d18"""
10315,"""tennis""","""d13"""
10317,"""tennis""","""d03"""
10322,"""tennis""","""d05"""
10326,"""fitness""","""d01"""
10331,"""fitness""","""d06"""
10333,"""fitness""","""d10"""
10337,"""tennis""","""d20"""
10341,"""tennis""","""d04"""
10347,"""fitness""","""d06"""
10357,"""fitness""","""d01"""
10360,"""tennis""","""d10"""
10361,"""volleyball""","""d10"""
10364,"""fitness""","""d21"""
10366,"""fitness""","""d21"""
10371,"""fitness""","""d09"""
10375,"""tennis""","""d18"""
10379,"""tennis""","""d11"""
10384,"""fitness""","""d23"""
10391,"""fitness""","""d23"""
10412,"""fitness""","""d18"""
10427,"""fitness""","""d23"""
10428,"""tennis""","""d14"""
10431,"""fitness""","""d20"""
10438,"""fitness""","""d23"""
10448,"""fitness""","""d03"""
10451,"""tennis""","""d04"""
10460,"""fitness""","""d08"""
10465,"""fitness""","""d18"""
10466,"""tennis""","""d03"""
10475,"""fitness""","""d01"""
10476,"""fitness""","""d01"""
10479,"""tennis""","""d15"""
10491,"""tennis""","""d04"""
10493,"""fitness""","""d01"""
10494,"""fitness""","""d01"""
10495,"""fitness""","""d07"""
10502,"""tennis""","""d10"""
10508,"""tennis""","""d18"""
10511,"""fitness""","""d06"""
10516,"""fitness""","""d09"""
10522,"""fitness""","""d08"""
10523,"""tennis""","""d01"""
10525,"""tennis""","""d07"""
10548,"""tennis""","""d23"""
10558,"""fitness""","""d13"""
10563,"""tennis""","""d23"""
10564,"""tennis""","""d20"""
10565,"""fitness""","""d20"""
10567,"""tennis""","""d21"""
10576,"""tennis""","""d02"""
10580,"""tennis""","""d02"""
10582,"""tennis""","""d20"""
10586,"""tennis""","""d21"""
10589,"""tennis""","""d02"""
10592,"""fitness""","""d22"""
10593,"""fitness""","""d22"""
10606,"""tennis""","""d23"""
10609,"""fitness""","""d23"""
10611,"""tennis""","""d21"""
10615,"""tennis""","""d21"""
10618,"""tennis""","""d02"""
10619,"""tennis""","""d02"""
10620,"""tennis""","""d02"""
10646,"""tennis""","""d21"""
10648,"""fitness""","""d09"""
10651,"""tennis""","""d22"""
10654,"""tennis""","""d21"""
10658,"""fitness""","""d01"""
10659,"""fitness""","""d15"""
10665,"""fitness""","""d07"""
10669,"""tennis""","""d22"""
10676,"""tennis""","""d22"""
10678,"""fitness""","""d04"""
10682,"""tennis""","""d22"""
10685,"""tennis""","""d22"""
10688,"""volleyball""","""d12"""
10689,"""tennis""","""d12"""
10690,"""football""","""d12"""
10693,"""tennis""","""d22"""
10695,"""tennis""","""d21"""
10698,"""fitness""","""d09"""
10702,"""fitness""","""d10"""
10703,"""tennis""","""d19"""
10704,"""fitness""","""d02"""
10717,"""fitness""","""d23"""
10722,"""fitness""","""d23"""
10730,"""fitness""","""d12"""
10742,"""fitness""","""d09"""
10768,"""tennis""","""d05"""
10769,"""fitness""","""d05"""
10777,"""tennis""","""d02"""
10783,"""fitness""","""d10"""
10791,"""fitness""","""d12"""
10802,"""fitness""","""d09"""
10809,"""tennis""","""d22"""
10812,"""fitness""","""d19"""
10814,"""fitness""","""d14"""
10823,"""fitness""","""d09"""
10827,"""tennis""","""d11"""
10842,"""fitness""","""d15"""
10844,"""tennis""","""d15"""
10846,"""fitness""","""d09"""
10850,"""fitness""","""d02"""
10859,"""tennis""","""d21"""
10867,"""tennis""","""d05"""
10868,"""fitness""","""d12"""
10871,"""tennis""","""d03"""
10885,"""tennis""","""d15"""
10887,"""fitness""","""d10"""
10890,"""fitness""","""d05"""
10893,"""fitness""","""d05"""
10895,"""tennis""","""d16"""
10896,"""fitness""","""d02"""
10898,"""fitness""","""d20"""
10899,"""fitness""","""d18"""
10901,"""fitness""","""d03"""
10905,"""tennis""","""d16"""
10913,"""fitness""","""d16"""
10917,"""fitness""","""d22"""
10918,"""fitness""","""d22"""
10921,"""fitness""","""d02"""
10922,"""fitness""","""d17"""
10928,"""fitness""","""d10"""
10932,"""fitness""","""d01"""
10948,"""fitness""","""d21"""
10951,"""tennis""","""d21"""
10970,"""tennis""","""d10"""
10973,"""fitness""","""d10"""
10974,"""fitness""","""d10"""
10975,"""fitness""","""d03"""
10979,"""fitness""","""d18"""
10987,"""tennis""","""d10"""
10990,"""fitness""","""d09"""
11004,"""fitness""","""d21"""
11008,"""fitness""","""d23"""
11009,"""fitness""","""d05"""
11018,"""tennis""","""d15"""
11028,"""fitness""","""d23"""
11035,"""tennis""","""d22"""
11036,"""tennis""","""d11"""
11045,"""tennis""","""d03"""
11050,"""fitness""","""d13"""
11054,"""fitness""","""d06"""
11058,"""tennis""","""d22"""
11060,"""fitness""","""d22"""
11061,"""fitness""","""d02"""
11062,"""fitness""","""d01"""
11063,"""fitness""","""d01"""
11064,"""tennis""","""d19"""
11065,"""tennis""","""d23"""
11067,"""fitness""","""d19"""
11076,"""fitness""","""d07"""
11078,"""tennis""","""d10"""
11080,"""tennis""","""d22"""
11089,"""fitness""","""d07"""
11090,"""tennis""","""d14"""
11092,"""tennis""","""d14"""
11095,"""tennis""","""d10"""
11098,"""fitness""","""d17"""
11103,"""fitness""","""d06"""
11104,"""fitness""","""d06"""
11106,"""swimming""","""d06"""
11112,"""tennis""","""d22"""
11114,"""tennis""","""d22"""
11115,"""fitness""","""d23"""
11118,"""tennis""","""d22"""
11128,"""fitness""","""d01"""
11131,"""football""","""d06"""
11136,"""tennis""","""d17"""
11137,"""tennis""","""d17"""
11141,"""fitness""","""d11"""
11144,"""fitness""","""d11"""
11146,"""tennis""","""d22"""
11147,"""fitness""","""d22"""
11152,"""fitness""","""d02"""
11153,"""tennis""","""d05"""
11157,"""fitness""","""d06"""
11158,"""fitness""","""d04"""
11174,"""fitness""","""d10"""
11176,"""tennis""","""d09"""
11181,"""tennis""","""d21"""
11192,"""fitness""","""d04"""
11198,"""tennis""","""d15"""
11203,"""tennis""","""d23"""
11204,"""fitness""","""d22"""
11222,"""tennis""","""d22"""
11228,"""fitness""","""d06"""
11234,"""tennis""","""d06"""
11235,"""fitness""","""d07"""
11237,"""fitness""","""d22"""
11238,"""fitness""","""d07"""
11239,"""fitness""","""d23"""
11242,"""tennis""","""d06"""
11244,"""tennis""","""d15"""
11247,"""fitness""","""d14"""
11255,"""fitness""","""d21"""
11259,"""fitness""","""d09"""
11267,"""tennis""","""d22"""
11280,"""fitness""","""d05"""
11282,"""tennis""","""d12"""
11283,"""tennis""","""d12"""
11292,"""fitness""","""d05"""
11295,"""fitness""","""d06"""
11307,"""fitness""","""d06"""
11328,"""fitness""","""d10"""
11330,"""fitness""","""d14"""
11342,"""fitness""","""d06"""
11346,"""tennis""","""d18"""
11358,"""fitness""","""d01"""
11360,"""fitness""","""d02"""
11377,"""tennis""","""d12"""
11381,"""fitness""","""d07"""
11397,"""tennis""","""d17"""
11401,"""fitness""","""d07"""
11402,"""fitness""","""d14"""
11407,"""fitness""","""d11"""
11412,"""tennis""","""d18"""
11415,"""tennis""","""d11"""
11417,"""tennis""","""d17"""
11418,"""tennis""","""d18"""
11424,"""fitness""","""d22"""
11430,"""fitness""","""d01"""
11433,"""fitness""","""d16"""
11440,"""tennis""","""d22"""
11447,"""tennis""","""d22"""
11451,"""fitness""","""d02"""
11462,"""fitness""","""d03"""
11464,"""tennis""","""d12"""
11469,"""fitness""","""d02"""
11472,"""fitness""","""d14"""
11475,"""fitness""","""d19"""
11476,"""tennis""","""d19"""
11492,"""tennis""","""d22"""
11494,"""tennis""","""d22"""
11499,"""tennis""","""d22"""
11508,"""fitness""","""d22"""
11510,"""fitness""","""d09"""
11519,"""fitness""","""d15"""
11527,"""tennis""","""d22"""
11535,"""tennis""","""d22"""
11538,"""tennis""","""d14"""
11540,"""fitness""","""d02"""
11542,"""tennis""","""d03"""
11544,"""tennis""","""d20"""
11552,"""tennis""","""d04"""
11569,"""fitness""","""d22"""
11572,"""tennis""","""d22"""
11584,"""football""","""d13"""
11587,"""fitness""","""d10"""
11592,"""tennis""","""d10"""
11593,"""tennis""","""d23"""
11608,"""fitness""","""d05"""
11616,"""fitness""","""d22"""
11625,"""tennis""","""d18"""
11626,"""fitness""","""d18"""
11629,"""football""","""d17"""
11630,"""football""","""d17"""
11631,"""football""","""d17"""
11632,"""football""","""d17"""
11633,"""swimming""","""d16"""
11634,"""football""","""d20"""
11635,"""football""","""d20"""
11636,"""volleyball""","""d20"""
11637,"""football""","""d20"""
11638,"""tennis""","""d20"""
11639,"""football""","""d20"""
11640,"""football""","""d02"""
11646,"""football""","""d16"""
11648,"""football""","""d02"""
11649,"""swimming""","""d19"""
11650,"""swimming""","""d18"""
11652,"""tennis""","""d21"""
11653,"""tennis""","""d21"""
11654,"""swimming""","""d19"""
11655,"""swimming""","""d14"""
11659,"""swimming""","""d13"""
11666,"""volleyball""","""d13"""
11668,"""football""","""d13"""
11672,"""volleyball""","""d18"""
11673,"""football""","""d17"""
11676,"""swimming""","""d23"""
11678,"""basketball""","""d13"""
11678,"""football""","""d13"""
11678,"""volleyball""","""d13"""
11679,"""tennis""","""d13"""
11680,"""football""","""d13"""
11683,"""football""","""d22"""
11684,"""tennis""","""d22"""
11685,"""football""","""d22"""
11686,"""football""","""d22"""
11687,"""volleyball""","""d22"""
11689,"""football""","""d22"""
11691,"""football""","""d13"""
11692,"""football""","""d23"""
11694,"""football""","""d23"""
11695,"""football""","""d16"""
11697,"""tennis""","""d14"""
11701,"""tennis""","""d14"""
11702,"""football""","""d02"""
11703,"""football""","""d02"""
11704,"""football""","""d02"""
11705,"""football""","""d02"""
11706,"""football""","""d02"""
11707,"""football""","""d02"""
11708,"""football""","""d02"""
11709,"""football""","""d02"""
11710,"""football""","""d02"""
11711,"""football""","""d02"""
11712,"""football""","""d02"""
11713,"""football""","""d02"""
11714,"""swimming""","""d02"""
11715,"""swimming""","""d02"""
11720,"""swimming""","""d02"""
11721,"""football""","""d21"""
11722,"""football""","""d21"""
11724,"""football""","""d21"""
11725,"""football""","""d21"""
11726,"""football""","""d10"""
11729,"""football""","""d23"""
11731,"""football""","""d23"""
11732,"""football""","""d23"""
11732,"""tennis""","""d23"""
11735,"""football""","""d10"""
11736,"""football""","""d10"""
11741,"""swimming""","""d22"""
11743,"""football""","""d14"""
11746,"""football""","""d10"""
11747,"""football""","""d10"""
11748,"""football""","""d10"""
11749,"""football""","""d10"""
11750,"""football""","""d10"""
11751,"""football""","""d10"""
11752,"""football""","""d10"""
11754,"""football""","""d10"""
11754,"""swimming""","""d10"""
11754,"""tennis""","""d10"""
11754,"""volleyball""","""d10"""
11756,"""football""","""d23"""
11759,"""football""","""d23"""
11760,"""football""","""d10"""
11764,"""volleyball""","""d10"""
11765,"""football""","""d10"""
11766,"""football""","""d10"""
11767,"""football""","""d10"""
11770,"""tennis""","""d02"""
11771,"""football""","""d16"""
11772,"""football""","""d16"""
11773,"""football""","""d16"""
11774,"""football""","""d16"""
11775,"""football""","""d16"""
11777,"""football""","""d15"""
11781,"""tennis""","""d10"""
11783,"""football""","""d10"""
11784,"""football""","""d10"""
11785,"""tennis""","""d03"""
11786,"""football""","""d03"""
11788,"""tennis""","""d11"""
11791,"""football""","""d23"""
11792,"""tennis""","""d23"""
11793,"""football""","""d10"""
11800,"""football""","""d13"""
11801,"""volleyball""","""d02"""
11802,"""football""","""d02"""
11805,"""swimming""","""d21"""
11806,"""swimming""","""d21"""
11807,"""swimming""","""d22"""
11808,"""swimming""","""d22"""
11809,"""football""","""d10"""
11810,"""football""","""d10"""
11811,"""football""","""d10"""
11812,"""football""","""d10"""
11813,"""football""","""d10"""
11814,"""tennis""","""d19"""
11815,"""tennis""","""d19"""
11818,"""football""","""d21"""
11819,"""football""","""d21"""
11820,"""football""","""d21"""
11821,"""swimming""","""d21"""
11822,"""swimming""","""d22"""
11822,"""tennis""","""d22"""
11823,"""tennis""","""d22"""
11824,"""football""","""d23"""
11825,"""football""","""d04"""
11826,"""basketball""","""d04"""
11828,"""football""","""d10"""
11829,"""football""","""d10"""
11831,"""football""","""d10"""
11833,"""tennis""","""d22"""
11834,"""football""","""d22"""
11835,"""football""","""d22"""
11836,"""football""","""d22"""
11837,"""football""","""d22"""
11838,"""football""","""d22"""
11839,"""football""","""d22"""
11840,"""swimming""","""d22"""
11842,"""football""","""d22"""
11843,"""volleyball""","""d22"""
11844,"""football""","""d22"""
11845,"""tennis""","""d22"""
11846,"""football""","""d22"""
11848,"""football""","""d21"""
11849,"""football""","""d21"""
11850,"""tennis""","""d21"""
11854,"""football""","""d21"""
11855,"""football""","""d21"""
11857,"""football""","""d10"""
11858,"""football""","""d10"""
11860,"""football""","""d14"""
11861,"""football""","""d20"""
11862,"""football""","""d19"""
11863,"""football""","""d19"""
11867,"""swimming""","""d22"""
11868,"""football""","""d22"""
11869,"""football""","""d22"""
11871,"""football""","""d02"""
11873,"""football""","""d11"""
11875,"""football""","""d11"""
11877,"""swimming""","""d16"""
11878,"""swimming""","""d16"""
11881,"""football""","""d21"""
11882,"""football""","""d21"""
11884,"""swimming""","""d11"""
11887,"""football""","""d10"""
11889,"""football""","""d19"""
11892,"""tennis""","""d21"""
11895,"""football""","""d02"""
11903,"""football""","""d11"""
11904,"""tennis""","""d21"""
11906,"""football""","""d02"""
11907,"""basketball""","""d02"""
11909,"""volleyball""","""d02"""
11921,"""football""","""d21"""
11923,"""tennis""","""d23"""
11925,"""football""","""d21"""
11926,"""basketball""","""d21"""
11926,"""football""","""d21"""
11928,"""volleyball""","""d21"""
11930,"""football""","""d22"""
11936,"""volleyball""","""d02"""
11939,"""football""","""d23"""
11940,"""football""","""d23"""
11941,"""tennis""","""d18"""
11942,"""football""","""d18"""
11947,"""football""","""d23"""
11948,"""football""","""d21"""
11950,"""football""","""d23"""
11953,"""tennis""","""d22"""
11961,"""football""","""d10"""
11963,"""football""","""d23"""
11966,"""volleyball""","""d22"""
11967,"""basketball""","""d22"""
11968,"""volleyball""","""d22"""
11969,"""tennis""","""d22"""
11970,"""football""","""d22"""
11974,"""football""","""d22"""
11980,"""football""","""d23"""
11982,"""swimming""","""d22"""
11984,"""volleyball""","""d07"""
11987,"""basketball""","""d22"""
11996,"""football""","""d12"""
11998,"""football""","""d22"""
12001,"""football""","""d22"""
12010,"""football""","""d12"""
12012,"""basketball""","""d10"""
12012,"""football""","""d10"""
12013,"""football""","""d10"""
12017,"""basketball""","""d10"""
12017,"""football""","""d10"""
12018,"""football""","""d23"""
12020,"""basketball""","""d23"""
12024,"""football""","""d23"""
12026,"""basketball""","""d10"""
12027,"""volleyball""","""d10"""
12029,"""football""","""d10"""
12031,"""football""","""d22"""
12032,"""football""","""d22"""
12036,"""swimming""","""d17"""
12038,"""basketball""","""d22"""
12039,"""football""","""d02"""
12050,"""football""","""d03"""
12059,"""football""","""d22"""
12066,"""basketball""","""d02"""
12077,"""football""","""d10"""
12078,"""football""","""d10"""
12079,"""basketball""","""d10"""
12080,"""basketball""","""d23"""
12083,"""football""","""d11"""
12091,"""football""","""d11"""
12094,"""tennis""","""d11"""
12095,"""football""","""d21"""
12099,"""football""","""d02"""
12100,"""basketball""","""d02"""
12101,"""football""","""d02"""
12102,"""tennis""","""d02"""
12110,"""football""","""d22"""
12114,"""basketball""","""d20"""
12114,"""football""","""d20"""
12119,"""football""","""d09"""
12121,"""tennis""","""d04"""
12122,"""tennis""","""d04"""
12138,"""tennis""","""d23"""
12144,"""basketball""","""d05"""
12144,"""football""","""d05"""
12149,"""tennis""","""d04"""
12155,"""fitness""","""d04"""
12161,"""basketball""","""d22"""
12162,"""football""","""d22"""
12163,"""football""","""d22"""
12165,"""football""","""d11"""
12166,"""volleyball""","""d11"""
12172,"""basketball""","""d19"""
12178,"""basketball""","""d04"""
12180,"""tennis""","""d03"""
12182,"""swimming""","""d16"""
12185,"""tennis""","""d03"""
12187,"""football""","""d14"""
12196,"""basketball""","""d10"""
12196,"""football""","""d10"""
12197,"""fitness""","""d22"""
12204,"""football""","""d10"""
12206,"""football""","""d10"""
12207,"""football""","""d15"""
12210,"""tennis""","""d16"""
12214,"""football""","""d23"""
12215,"""tennis""","""d21"""
12218,"""swimming""","""d19"""
12220,"""football""","""d16"""
12220,"""volleyball""","""d16"""
12222,"""football""","""d14"""
12223,"""football""","""d14"""
12225,"""tennis""","""d18"""
12231,"""tennis""","""d19"""
12235,"""basketball""","""d03"""
12235,"""football""","""d03"""
12236,"""football""","""d14"""
12237,"""basketball""","""d13"""
12238,"""football""","""d10"""
12239,"""swimming""","""d10"""
12242,"""volleyball""","""d02"""
12243,"""football""","""d02"""
12245,"""basketball""","""d02"""
12248,"""football""","""d02"""
12262,"""volleyball""","""d06"""
12263,"""basketball""","""d06"""
12264,"""football""","""d22"""
12270,"""basketball""","""d02"""
12270,"""football""","""d02"""
12272,"""football""","""d09"""
12273,"""football""","""d02"""
12283,"""tennis""","""d21"""
12284,"""basketball""","""d21"""
12284,"""football""","""d21"""
12285,"""football""","""d21"""
12286,"""football""","""d21"""
12287,"""football""","""d21"""
12290,"""football""","""d21"""
12297,"""tennis""","""d14"""
12304,"""football""","""d23"""
12314,"""tennis""","""d23"""
12315,"""football""","""d04"""
12316,"""basketball""","""d22"""
12316,"""football""","""d22"""
12325,"""football""","""d03"""
12327,"""volleyball""","""d02"""
12330,"""football""","""d13"""
12333,"""tennis""","""d13"""
12335,"""football""","""d20"""
12343,"""tennis""","""d17"""
12364,"""tennis""","""d17"""
12365,"""volleyball""","""d17"""
12366,"""tennis""","""d17"""
12375,"""tennis""","""d17"""
12397,"""tennis""","""d17"""
12402,"""football""","""d15"""
12403,"""football""","""d19"""
12406,"""tennis""","""d15"""
12418,"""basketball""","""d21"""
12418,"""football""","""d21"""
12420,"""volleyball""","""d21"""
12423,"""basketball""","""d04"""
12423,"""football""","""d04"""
12425,"""basketball""","""d19"""
12425,"""football""","""d19"""
12426,"""basketball""","""d19"""
12426,"""football""","""d19"""
12426,"""volleyball""","""d19"""
12427,"""tennis""","""d18"""
12429,"""football""","""d02"""
12430,"""football""","""d13"""
12436,"""football""","""d19"""
12440,"""basketball""","""d10"""
12447,"""tennis""","""d19"""
12452,"""basketball""","""d06"""
12456,"""fitness""","""d05"""
12460,"""basketball""","""d06"""
12460,"""football""","""d06"""
12460,"""volleyball""","""d06"""
12462,"""tennis""","""d19"""
12466,"""basketball""","""d12"""
12468,"""volleyball""","""d19"""
12472,"""swimming""","""d20"""
12476,"""football""","""d19"""
12478,"""tennis""","""d19"""
12479,"""swimming""","""d17"""
12482,"""basketball""","""d19"""
12482,"""football""","""d19"""
12483,"""fitness""","""d19"""
12486,"""volleyball""","""d15"""
12487,"""basketball""","""d15"""
12489,"""volleyball""","""d02"""
12492,"""football""","""d10"""
12493,"""football""","""d10"""
12498,"""tennis""","""d19"""
12501,"""football""","""d20"""
12502,"""tennis""","""d19"""
12507,"""volleyball""","""d19"""
12508,"""football""","""d19"""
12509,"""tennis""","""d19"""
12517,"""football""","""d23"""
12518,"""football""","""d22"""
12519,"""football""","""d22"""
12525,"""basketball""","""d18"""
12526,"""fitness""","""d18"""
12527,"""basketball""","""d13"""
12536,"""swimming""","""d22"""
12539,"""basketball""","""d23"""
12539,"""football""","""d23"""
12540,"""football""","""d14"""
12541,"""football""","""d19"""
12543,"""tennis""","""d13"""
12546,"""basketball""","""d09"""
12547,"""basketball""","""d09"""
12548,"""basketball""","""d23"""
12549,"""football""","""d17"""
12552,"""tennis""","""d03"""
12554,"""volleyball""","""d22"""
12565,"""volleyball""","""d14"""
12568,"""tennis""","""d17"""
12576,"""football""","""d11"""
12578,"""tennis""","""d11"""
12588,"""basketball""","""d17"""
12588,"""football""","""d17"""
12590,"""tennis""","""d19"""
12591,"""football""","""d17"""
12593,"""basketball""","""d17"""
12594,"""fitness""","""d21"""
12595,"""football""","""d22"""
12596,"""basketball""","""d22"""
12597,"""volleyball""","""d22"""
12606,"""football""","""d02"""
12607,"""football""","""d17"""
12610,"""volleyball""","""d22"""
12611,"""basketball""","""d22"""
12611,"""football""","""d22"""
12611,"""tennis""","""d22"""
12614,"""football""","""d06"""
12617,"""fitness""","""d22"""
12628,"""tennis""","""d17"""
12630,"""basketball""","""d22"""
12631,"""football""","""d22"""
12632,"""basketball""","""d22"""
12637,"""football""","""d10"""
12638,"""volleyball""","""d22"""
12639,"""basketball""","""d22"""
12647,"""tennis""","""d19"""
12650,"""basketball""","""d22"""
12650,"""football""","""d22"""
12651,"""tennis""","""d12"""
12673,"""basketball""","""d22"""
12673,"""football""","""d22"""
12681,"""fitness""","""d23"""
12685,"""football""","""d22"""
12691,"""football""","""d23"""
12692,"""tennis""","""d10"""
12694,"""football""","""d10"""
12695,"""football""","""d10"""
12697,"""basketball""","""d10"""
12697,"""volleyball""","""d10"""
12702,"""tennis""","""d23"""
12703,"""basketball""","""d23"""
12705,"""tennis""","""d17"""
12707,"""football""","""d17"""
12709,"""tennis""","""d22"""
12714,"""football""","""d19"""
12715,"""football""","""d22"""
12716,"""football""","""d22"""
12717,"""football""","""d14"""
12718,"""football""","""d14"""
12735,"""volleyball""","""d10"""
12738,"""volleyball""","""d22"""
12739,"""basketball""","""d23"""
12739,"""football""","""d23"""
12742,"""football""","""d23"""
12762,"""football""","""d10"""
12767,"""football""","""d14"""
12771,"""volleyball""","""d19"""
12776,"""basketball""","""d07"""
12782,"""football""","""d23"""
12783,"""basketball""","""d14"""
12786,"""fitness""","""d07"""
12788,"""football""","""d19"""
12805,"""football""","""d21"""
12818,"""tennis""","""d04"""
12819,"""tennis""","""d05"""
12821,"""basketball""","""d05"""
12827,"""football""","""d11"""
12828,"""tennis""","""d11"""
12837,"""basketball""","""d03"""
12838,"""basketball""","""d03"""
12842,"""tennis""","""d23"""
12848,"""volleyball""","""d23"""
12850,"""tennis""","""d23"""
12862,"""basketball""","""d03"""
12863,"""football""","""d03"""
12870,"""basketball""","""d23"""
12871,"""basketball""","""d23"""
12873,"""swimming""","""d22"""
12874,"""swimming""","""d21"""
12877,"""tennis""","""d14"""
12882,"""football""","""d21"""
12886,"""basketball""","""d11"""
12901,"""basketball""","""d13"""
12902,"""tennis""","""d13"""
12904,"""basketball""","""d10"""
12904,"""football""","""d10"""
12904,"""volleyball""","""d10"""
12907,"""basketball""","""d12"""
12907,"""football""","""d12"""
12927,"""football""","""d21"""
12936,"""volleyball""","""d02"""
12939,"""basketball""","""d02"""
12940,"""basketball""","""d02"""
12947,"""basketball""","""d12"""
12963,"""tennis""","""d10"""
12965,"""basketball""","""d12"""
12968,"""volleyball""","""d02"""
12970,"""basketball""","""d02"""
12973,"""swimming""","""d22"""
12984,"""basketball""","""d11"""
12986,"""football""","""d22"""
12987,"""basketball""","""d22"""
12998,"""football""","""d22"""
13004,"""volleyball""","""d21"""
13005,"""football""","""d21"""
13009,"""swimming""","""d22"""
13012,"""football""","""d21"""
13015,"""football""","""d21"""
13025,"""fitness""","""d21"""
13028,"""football""","""d20"""
13057,"""tennis""","""d19"""
13058,"""football""","""d19"""
13059,"""football""","""d18"""
13064,"""basketball""","""d23"""
13068,"""tennis""","""d12"""
13074,"""football""","""d11"""
13075,"""football""","""d02"""
13086,"""fitness""","""d21"""
13090,"""volleyball""","""d21"""
13091,"""football""","""d21"""
13092,"""tennis""","""d22"""
13103,"""football""","""d21"""
13105,"""football""","""d22"""
13108,"""volleyball""","""d15"""
13110,"""basketball""","""d15"""
13113,"""fitness""","""d03"""
13115,"""volleyball""","""d21"""
13127,"""volleyball""","""d15"""
13138,"""volleyball""","""d23"""
13139,"""basketball""","""d23"""
13139,"""football""","""d23"""
13140,"""football""","""d22"""
13141,"""basketball""","""d22"""
13144,"""football""","""d22"""
13146,"""basketball""","""d16"""
13153,"""basketball""","""d22"""
13153,"""football""","""d22"""
13157,"""football""","""d22"""
13160,"""volleyball""","""d11"""
13161,"""basketball""","""d11"""
13163,"""football""","""d22"""
13166,"""volleyball""","""d22"""
13167,"""basketball""","""d12"""
13167,"""football""","""d12"""
13179,"""tennis""","""d23"""
13181,"""tennis""","""d23"""
13183,"""basketball""","""d08"""
13183,"""football""","""d08"""
13185,"""basketball""","""d12"""
13187,"""tennis""","""d12"""
13188,"""tennis""","""d02"""
13194,"""basketball""","""d10"""
13195,"""football""","""d04"""
13200,"""football""","""d11"""
13201,"""basketball""","""d11"""
13202,"""football""","""d11"""
13220,"""fitness""","""d16"""
13222,"""basketball""","""d10"""
13222,"""football""","""d10"""
13223,"""football""","""d03"""
13224,"""basketball""","""d03"""
13230,"""basketball""","""d21"""
13233,"""volleyball""","""d13"""
13234,"""basketball""","""d22"""
13234,"""football""","""d22"""
13235,"""tennis""","""d12"""
13236,"""basketball""","""d23"""
13236,"""football""","""d23"""
13240,"""volleyball""","""d10"""
13243,"""tennis""","""d21"""
13247,"""football""","""d10"""
13252,"""volleyball""","""d16"""
13253,"""football""","""d10"""
13254,"""fitness""","""d02"""
13259,"""tennis""","""d15"""
13262,"""tennis""","""d03"""
13263,"""volleyball""","""d23"""
13264,"""basketball""","""d14"""
13270,"""swimming""","""d21"""
13272,"""basketball""","""d21"""
13274,"""basketball""","""d19"""
13275,"""football""","""d02"""
13277,"""football""","""d22"""
13279,"""football""","""d22"""
13281,"""volleyball""","""d19"""
13283,"""volleyball""","""d17"""
13286,"""fitness""","""d11"""
13287,"""basketball""","""d09"""
13287,"""football""","""d09"""
13288,"""volleyball""","""d21"""
13290,"""football""","""d22"""
13291,"""football""","""d22"""
13301,"""football""","""d10"""
13309,"""football""","""d11"""
13313,"""tennis""","""d21"""
13327,"""basketball""","""d12"""
13327,"""football""","""d12"""
13343,"""basketball""","""d17"""
13343,"""football""","""d17"""
13348,"""tennis""","""d02"""
13357,"""volleyball""","""d15"""
13361,"""basketball""","""d10"""
13362,"""swimming""","""d22"""
13366,"""volleyball""","""d16"""
13367,"""football""","""d03"""
13368,"""basketball""","""d03"""
13369,"""tennis""","""d13"""
13373,"""basketball""","""d16"""
13375,"""basketball""","""d19"""
13380,"""basketball""","""d11"""
13380,"""football""","""d11"""
13381,"""basketball""","""d02"""
13382,"""volleyball""","""d12"""
13387,"""basketball""","""d20"""
13387,"""football""","""d20"""
13391,"""football""","""d16"""
13395,"""basketball""","""d22"""
13395,"""football""","""d22"""
13400,"""volleyball""","""d22"""
13420,"""basketball""","""d03"""
13424,"""fitness""","""d21"""
13426,"""volleyball""","""d22"""
13434,"""football""","""d19"""
13435,"""football""","""d02"""
13437,"""football""","""d15"""
13496,"""tennis""","""d21"""
13499,"""tennis""","""d21"""
13505,"""swimming""","""d05"""
13512,"""tennis""","""d23"""
13513,"""basketball""","""d21"""
13515,"""volleyball""","""d22"""
13521,"""football""","""d23"""
13538,"""football""","""d23"""
13540,"""tennis""","""d23"""
13551,"""volleyball""","""d20"""
13553,"""football""","""d23"""
13558,"""football""","""d23"""
13559,"""basketball""","""d10"""
13559,"""football""","""d10"""
13560,"""football""","""d02"""
13561,"""basketball""","""d23"""
13562,"""tennis""","""d03"""
13567,"""volleyball""","""d09"""
13571,"""volleyball""","""d13"""
13577,"""football""","""d10"""
13579,"""tennis""","""d10"""
13584,"""volleyball""","""d22"""
13585,"""swimming""","""d02"""
13591,"""volleyball""","""d22"""
13596,"""fitness""","""d18"""
13597,"""basketball""","""d11"""
13597,"""football""","""d11"""
13598,"""basketball""","""d21"""
13635,"""football""","""d21"""
13636,"""swimming""","""d13"""
13637,"""fitness""","""d02"""
13644,"""fitness""","""d03"""
13645,"""football""","""d22"""
13646,"""football""","""d10"""
13649,"""football""","""d13"""
13650,"""basketball""","""d13"""
13652,"""volleyball""","""d17"""
13657,"""football""","""d20"""
13658,"""football""","""d20"""
13667,"""football""","""d03"""
13670,"""football""","""d03"""
13673,"""football""","""d03"""
13688,"""fitness""","""d23"""
13690,"""swimming""","""d23"""
13695,"""volleyball""","""d12"""
13696,"""basketball""","""d12"""
13696,"""football""","""d12"""
13698,"""tennis""","""d13"""
13703,"""basketball""","""d21"""
13703,"""football""","""d21"""
13706,"""basketball""","""d21"""
13707,"""football""","""d21"""
13717,"""fitness""","""d22"""
13735,"""football""","""d21"""
13739,"""football""","""d21"""
13740,"""volleyball""","""d02"""
13745,"""basketball""","""d21"""
13745,"""football""","""d21"""
13747,"""football""","""d21"""
13749,"""volleyball""","""d02"""
13761,"""basketball""","""d02"""
13761,"""football""","""d02"""
13761,"""tennis""","""d02"""
13761,"""volleyball""","""d02"""
13768,"""volleyball""","""d23"""
13774,"""basketball""","""d02"""
13774,"""football""","""d02"""
13776,"""basketball""","""d21"""
13776,"""football""","""d21"""
13778,"""basketball""","""d22"""
13779,"""basketball""","""d22"""
13781,"""football""","""d22"""
13782,"""fitness""","""d22"""
13785,"""fitness""","""d07"""
13787,"""football""","""d22"""
13788,"""fitness""","""d08"""
13794,"""fitness""","""d21"""
13795,"""football""","""d22"""
13796,"""basketball""","""d22"""
13796,"""football""","""d22"""
13798,"""volleyball""","""d22"""
13800,"""football""","""d22"""
13802,"""fitness""","""d21"""
13805,"""basketball""","""d19"""
13819,"""basketball""","""d22"""
13819,"""football""","""d22"""
13820,"""football""","""d10"""
13822,"""fitness""","""d23"""
13823,"""fitness""","""d23"""
13824,"""football""","""d16"""
13827,"""tennis""","""d05"""
13828,"""basketball""","""d22"""
13829,"""basketball""","""d02"""
13830,"""football""","""d02"""
13831,"""football""","""d02"""
13836,"""tennis""","""d15"""
13837,"""tennis""","""d15"""
13853,"""basketball""","""d10"""
13853,"""football""","""d10"""
13854,"""tennis""","""d16"""
13860,"""tennis""","""d16"""
13874,"""tennis""","""d21"""
13880,"""basketball""","""d21"""
13881,"""tennis""","""d21"""
13885,"""tennis""","""d22"""
13915,"""tennis""","""d22"""
13922,"""volleyball""","""d22"""
13940,"""volleyball""","""d22"""
13944,"""tennis""","""d22"""
13949,"""volleyball""","""d22"""
13971,"""tennis""","""d13"""
13972,"""basketball""","""d21"""
13974,"""football""","""d21"""
13991,"""tennis""","""d02"""
14000,"""tennis""","""d02"""
14011,"""tennis""","""d02"""
14014,"""tennis""","""d02"""
14033,"""tennis""","""d02"""
14053,"""tennis""","""d02"""
14076,"""tennis""","""d09"""
14078,"""basketball""","""d09"""
14086,"""tennis""","""d22"""
14089,"""tennis""","""d03"""
14097,"""tennis""","""d22"""
14109,"""tennis""","""d22"""
14120,"""football""","""d14"""
14151,"""tennis""","""d19"""
14167,"""basketball""","""d03"""
14167,"""football""","""d03"""
14178,"""tennis""","""d19"""
14207,"""tennis""","""d23"""
14217,"""tennis""","""d10"""
14225,"""tennis""","""d03"""
14244,"""volleyball""","""d04"""
14245,"""volleyball""","""d04"""
14247,"""volleyball""","""d10"""
14249,"""fitness""","""d15"""
14250,"""basketball""","""d11"""
14254,"""football""","""d02"""
14258,"""football""","""d23"""
14259,"""volleyball""","""d23"""
14261,"""football""","""d07"""
14263,"""basketball""","""d21"""
14266,"""football""","""d21"""
14267,"""football""","""d21"""
14268,"""fitness""","""d22"""
14273,"""football""","""d21"""
14274,"""football""","""d03"""
14276,"""fitness""","""d10"""
14278,"""fitness""","""d10"""
14279,"""tennis""","""d10"""
14281,"""basketball""","""d10"""
14281,"""football""","""d10"""
14282,"""basketball""","""d13"""
14283,"""tennis""","""d16"""
14284,"""fitness""","""d16"""
14300,"""volleyball""","""d21"""
14303,"""basketball""","""d21"""
14309,"""volleyball""","""d02"""
14311,"""basketball""","""d10"""
14312,"""volleyball""","""d10"""
14313,"""tennis""","""d10"""
14336,"""tennis""","""d22"""
14337,"""basketball""","""d22"""
14337,"""football""","""d22"""
14339,"""basketball""","""d14"""
14339,"""football""","""d14"""
14343,"""basketball""","""d16"""
14354,"""football""","""d21"""
14355,"""basketball""","""d21"""
14356,"""volleyball""","""d21"""
14357,"""basketball""","""d21"""
14358,"""basketball""","""d21"""
14358,"""football""","""d21"""
14360,"""volleyball""","""d22"""
14361,"""football""","""d22"""
14367,"""basketball""","""d06"""
14367,"""football""","""d06"""
14368,"""football""","""d22"""
14378,"""basketball""","""d13"""
14379,"""tennis""","""d11"""
14382,"""football""","""d11"""
14383,"""football""","""d11"""
14388,"""fitness""","""d16"""
14389,"""basketball""","""d02"""
14390,"""basketball""","""d16"""
14391,"""volleyball""","""d02"""
14393,"""basketball""","""d20"""
14419,"""football""","""d10"""
14421,"""volleyball""","""d23"""
14423,"""basketball""","""d22"""
14425,"""football""","""d21"""
14426,"""tennis""","""d10"""
14434,"""football""","""d20"""
14498,"""football""","""d11"""
14501,"""basketball""","""d10"""
14502,"""football""","""d10"""
14503,"""football""","""d11"""
14512,"""tennis""","""d02"""
14524,"""fitness""","""d05"""
14531,"""football""","""d21"""
14536,"""tennis""","""d14"""
14544,"""basketball""","""d23"""
14544,"""football""","""d23"""
14550,"""basketball""","""d22"""
14551,"""football""","""d22"""
14552,"""volleyball""","""d22"""
14555,"""basketball""","""d11"""
14556,"""football""","""d11"""
14557,"""football""","""d10"""
14558,"""tennis""","""d21"""
14561,"""fitness""","""d22"""
14563,"""basketball""","""d22"""
14564,"""basketball""","""d10"""
14567,"""tennis""","""d18"""
14569,"""tennis""","""d05"""
14571,"""football""","""d06"""
14572,"""football""","""d10"""
14575,"""football""","""d10"""
14576,"""basketball""","""d10"""
14584,"""basketball""","""d11"""
14584,"""football""","""d11"""
14585,"""football""","""d22"""
14601,"""football""","""d22"""
14606,"""football""","""d22"""
14608,"""basketball""","""d10"""
14609,"""football""","""d11"""
14610,"""tennis""","""d11"""
14611,"""basketball""","""d11"""
14613,"""football""","""d11"""
14615,"""fitness""","""d23"""
14616,"""football""","""d23"""
14617,"""football""","""d22"""
14618,"""football""","""d22"""
14619,"""football""","""d22"""
14623,"""football""","""d17"""
14625,"""volleyball""","""d21"""
14627,"""basketball""","""d22"""
14628,"""fitness""","""d02"""
14636,"""football""","""d22"""
14639,"""fitness""","""d12"""
14642,"""football""","""d22"""
14643,"""basketball""","""d22"""
14648,"""basketball""","""d02"""
14651,"""football""","""d10"""
14652,"""tennis""","""d17"""
14654,"""football""","""d11"""
14656,"""fitness""","""d10"""
14657,"""fitness""","""d10"""
14658,"""fitness""","""d10"""
14667,"""football""","""d22"""
14668,"""volleyball""","""d22"""
14670,"""football""","""d22"""
14673,"""football""","""d23"""
14674,"""swimming""","""d22"""
14676,"""basketball""","""d18"""
14683,"""basketball""","""d22"""
14684,"""fitness""","""d18"""
14686,"""tennis""","""d23"""
14692,"""football""","""d13"""
14693,"""basketball""","""d10"""
14694,"""volleyball""","""d10"""
14696,"""tennis""","""d13"""
14697,"""football""","""d23"""
14701,"""tennis""","""d18"""
14702,"""basketball""","""d22"""
14705,"""volleyball""","""d21"""
14706,"""basketball""","""d21"""
