"""d01""","""basketball""",4
"""d01""","""fitness""",20
"""d01""","""football""",7
"""d01""","""swimming""",0
"""d01""","""tennis""",1
"""d01""","""volleyball""",1
"""d02""","""basketball""",38
"""d02""","""fitness""",38
"""d02""","""football""",71
"""d02""","""swimming""",11
"""d02""","""tennis""",41
"""d02""","""volleyball""",25
"""d03""","""basketball""",25
"""d03""","""fitness""",30
"""d03""","""football""",35
"""d03""","""swimming""",1
"""d03""","""tennis""",24
"""d03""","""volleyball""",4
"""d04""","""basketball""",8
"""d04""","""fitness""",13
"""d04""","""football""",13
"""d04""","""swimming""",1
"""d04""","""tennis""",9
"""d04""","""volleyball""",3
"""d06""","""basketball""",12
"""d06""","""fitness""",26
"""d06""","""football""",16
"""d06""","""swimming""",1
"""d06""","""tennis""",4
"""d06""","""volleyball""",4
"""d07""","""basketball""",10
"""d07""","""fitness""",23
"""d07""","""football""",14
"""d07""","""swimming""",0
"""d07""","""tennis""",3
"""d07""","""volleyball""",3
"""d08""","""basketball""",6
"""d08""","""fitness""",8
"""d08""","""football""",15
"""d08""","""swimming""",0
"""d08""","""tennis""",4
"""d08""","""volleyball""",1
"""d09""","""basketball""",11
"""d09""","""fitness""",23
"""d09""","""football""",17
"""d09""","""swimming""",0
"""d09""","""tennis""",8
"""d09""","""volleyball""",3
"""d11""","""basketball""",39
"""d11""","""fitness""",21
"""d11""","""football""",57
"""d11""","""swimming""",2
"""d11""","""tennis""",19
"""d11""","""volleyball""",12
"""d20""","""basketball""",23
"""d20""","""fitness""",11
"""d20""","""football""",38
"""d20""","""swimming""",2
"""d20""","""tennis""",10
"""d20""","""volleyball""",6
"""d22""","""basketball""",85
"""d22""","""fitness""",57
"""d22""","""football""",139
"""d22""","""swimming""",19
"""d22""","""tennis""",69
"""d22""","""volleyball""",49
"""d10""","""basketball""",68
"""d10""","""fitness""",45
"""d10""","""football""",130
"""d10""","""swimming""",6
"""d10""","""tennis""",30
"""d10""","""volleyball""",35
"""d05""","""basketball""",18
"""d05""","""fitness""",16
"""d05""","""football""",18
"""d05""","""swimming""",1
"""d05""","""tennis""",9
"""d05""","""volleyball""",2
"""d12""","""basketball""",26
"""d12""","""fitness""",24
"""d12""","""football""",28
"""d12""","""swimming""",1
"""d12""","""tennis""",12
"""d12""","""volleyball""",10
"""d15""","""basketball""",28
"""d15""","""fitness""",22
"""d15""","""football""",32
"""d15""","""swimming""",2
"""d15""","""tennis""",15
"""d15""","""volleyball""",12
"""d16""","""basketball""",23
"""d16""","""fitness""",16
"""d16""","""football""",37
"""d16""","""swimming""",6
"""d16""","""tennis""",14
"""d16""","""volleyball""",11
"""d17""","""basketball""",15
"""d17""","""fitness""",9
"""d17""","""football""",29
"""d17""","""swimming""",5
"""d17""","""tennis""",19
"""d17""","""volleyball""",7
"""d18""","""basketball""",15
"""d18""","""fitness""",18
"""d18""","""football""",16
"""d18""","""swimming""",2
"""d18""","""tennis""",15
"""d18""","""volleyball""",7
"""d19""","""basketball""",24
"""d19""","""fitness""",23
"""d19""","""football""",34
"""d19""","""swimming""",5
"""d19""","""tennis""",27
"""d19""","""volleyball""",10
"""d23""","""basketball""",47
"""d23""","""fitness""",37
"""d23""","""football""",82
"""d23""","""swimming""",4
"""d23""","""tennis""",32
"""d23""","""volleyball""",20
"""d13""","""basketball""",21
"""d13""","""fitness""",10
"""d13""","""football""",33
"""d13""","""swimming""",5
"""d13""","""tennis""",16
"""d13""","""volleyball""",9
"""d14""","""basketball""",24
"""d14""","""fitness""",20
"""d14""","""football""",39
"""d14""","""swimming""",5
"""d14""","""tennis""",18
"""d14""","""volleyball""",5
"""d21""","""basketball""",62
"""d21""","""fitness""",49
"""d21""","""football""",112
"""d21""","""swimming""",10
"""d21""","""tennis""",42
"""d21""","""volleyball""",31
