"""d01""","""U4"""
"""d01""","""U3"""
"""d01""","""U1"""
"""d01""","""U2"""
"""d02""","""U1"""
"""d02""","""U2"""
"""d03""","""U4"""
"""d03""","""U3"""
"""d04""","""U1"""
"""d06""","""U6"""
"""d06""","""U4"""
"""d06""","""U3"""
"""d07""","""U6"""
"""d07""","""U3"""
"""d07""","""U2"""
"""d08""","""U6"""
"""d08""","""U2"""
"""d09""","""U6"""
"""d09""","""U4"""
"""d11""","""U3"""
"""d20""","""U6"""
"""d22""","""U1"""
"""d22""","""U2"""
"""d10""","""U1"""
"""d05""","""U4"""
"""d12""","""U6"""
"""d12""","""U4"""
"""d15""","""U6"""
"""d15""","""U3"""
"""d16""","""U6"""
"""d16""","""U3"""
"""d18""","""U6"""
"""d19""","""U4"""
"""d23""","""U6"""
"""d13""","""U4"""
"""d14""","""U4"""
"""d14""","""U3"""
"""d21""","""U6"""
"""d21""","""U1"""
