"""d01""","""childcare""",18
"""d01""","""culture_venue""",55
"""d01""","""food_venue""",521
"""d01""","""nightlife_venue""",157
"""d01""","""park""",25
"""d01""","""playground""",5
"""d01""","""school""",15
"""d01""","""university""",26
"""d02""","""childcare""",107
"""d02""","""culture_venue""",8
"""d02""","""food_venue""",321
"""d02""","""nightlife_venue""",57
"""d02""","""park""",77
"""d02""","""playground""",54
"""d02""","""school""",53
"""d02""","""university""",14
"""d03""","""childcare""",90
"""d03""","""culture_venue""",8
"""d03""","""food_venue""",286
"""d03""","""nightlife_venue""",33
"""d03""","""park""",37
"""d03""","""playground""",31
"""d03""","""school""",41
"""d03""","""university""",15
"""d04""","""childcare""",42
"""d04""","""culture_venue""",5
"""d04""","""food_venue""",164
"""d04""","""nightlife_venue""",32
"""d04""","""park""",17
"""d04""","""playground""",14
"""d04""","""school""",17
"""d04""","""university""",25
"""d06""","""childcare""",29
"""d06""","""culture_venue""",4
"""d06""","""food_venue""",192
"""d06""","""nightlife_venue""",63
"""d06""","""park""",13
"""d06""","""playground""",11
"""d06""","""school""",18
"""d06""","""university""",5
"""d07""","""childcare""",28
"""d07""","""culture_venue""",9
"""d07""","""food_venue""",259
"""d07""","""nightlife_venue""",67
"""d07""","""park""",19
"""d07""","""playground""",15
"""d07""","""school""",20
"""d07""","""university""",2
"""d08""","""childcare""",25
"""d08""","""culture_venue""",3
"""d08""","""food_venue""",127
"""d08""","""nightlife_venue""",37
"""d08""","""park""",12
"""d08""","""playground""",5
"""d08""","""school""",13
"""d08""","""university""",0
"""d09""","""childcare""",50
"""d09""","""culture_venue""",6
"""d09""","""food_venue""",221
"""d09""","""nightlife_venue""",41
"""d09""","""park""",27
"""d09""","""playground""",16
"""d09""","""school""",21
"""d09""","""university""",25
"""d11""","""childcare""",81
"""d11""","""culture_venue""",2
"""d11""","""food_venue""",87
"""d11""","""nightlife_venue""",9
"""d11""","""park""",50
"""d11""","""playground""",44
"""d11""","""school""",35
"""d11""","""university""",0
"""d20""","""childcare""",57
"""d20""","""culture_venue""",0
"""d20""","""food_venue""",122
"""d20""","""nightlife_venue""",19
"""d20""","""park""",29
"""d20""","""playground""",24
"""d20""","""school""",29
"""d20""","""university""",2
"""d22""","""childcare""",180
"""d22""","""culture_venue""",4
"""d22""","""food_venue""",219
"""d22""","""nightlife_venue""",32
"""d22""","""park""",111
"""d22""","""playground""",117
"""d22""","""school""",76
"""d22""","""university""",2
"""d10""","""childcare""",183
"""d10""","""culture_venue""",1
"""d10""","""food_venue""",234
"""d10""","""nightlife_venue""",42
"""d10""","""park""",84
"""d10""","""playground""",78
"""d10""","""school""",69
"""d10""","""university""",6
"""d05""","""childcare""",49
"""d05""","""culture_venue""",6
"""d05""","""food_venue""",138
"""d05""","""nightlife_venue""",21
"""d05""","""park""",26
"""d05""","""playground""",19
"""d05""","""school""",14
"""d05""","""university""",0
"""d12""","""childcare""",81
"""d12""","""culture_venue""",4
"""d12""","""food_venue""",141
"""d12""","""nightlife_venue""",17
"""d12""","""park""",56
"""d12""","""playground""",33
"""d12""","""school""",32
"""d12""","""university""",0
"""d15""","""childcare""",62
"""d15""","""culture_venue""",3
"""d15""","""food_venue""",177
"""d15""","""nightlife_venue""",32
"""d15""","""park""",46
"""d15""","""playground""",35
"""d15""","""school""",41
"""d15""","""university""",3
"""d16""","""childcare""",88
"""d16""","""culture_venue""",0
"""d16""","""food_venue""",154
"""d16""","""nightlife_venue""",29
"""d16""","""park""",40
"""d16""","""playground""",34
"""d16""","""school""",24
"""d16""","""university""",1
"""d17""","""childcare""",47
"""d17""","""culture_venue""",1
"""d17""","""food_venue""",103
"""d17""","""nightlife_venue""",15
"""d17""","""park""",27
"""d17""","""playground""",19
"""d17""","""school""",21
"""d17""","""university""",0
"""d18""","""childcare""",57
"""d18""","""culture_venue""",2
"""d18""","""food_venue""",83
"""d18""","""nightlife_venue""",13
"""d18""","""park""",23
"""d18""","""playground""",23
"""d18""","""school""",35
"""d18""","""university""",8
"""d19""","""childcare""",56
"""d19""","""culture_venue""",3
"""d19""","""food_venue""",173
"""d19""","""nightlife_venue""",17
"""d19""","""park""",58
"""d19""","""playground""",36
"""d19""","""school""",35
"""d19""","""university""",17
"""d23""","""childcare""",97
"""d23""","""culture_venue""",2
"""d23""","""food_venue""",109
"""d23""","""nightlife_venue""",5
"""d23""","""park""",71
"""d23""","""playground""",32
"""d23""","""school""",52
"""d23""","""university""",0
"""d13""","""childcare""",44
"""d13""","""culture_venue""",3
"""d13""","""food_venue""",89
"""d13""","""nightlife_venue""",9
"""d13""","""park""",51
"""d13""","""playground""",27
"""d13""","""school""",36
"""d13""","""university""",2
"""d14""","""childcare""",75
"""d14""","""culture_venue""",6
"""d14""","""food_venue""",136
"""d14""","""nightlife_venue""",11
"""d14""","""park""",50
"""d14""","""playground""",29
"""d14""","""school""",36
"""d14""","""university""",2
"""d21""","""childcare""",131
"""d21""","""culture_venue""",2
"""d21""","""food_venue""",211
"""d21""","""nightlife_venue""",14
"""d21""","""park""",105
"""d21""","""playground""",72
"""d21""","""school""",73
"""d21""","""university""",6
