district,other,rank,similarity
d01,d09,1,0.5679930448532104
d01,d03,2,0.5044394731521606
d01,d08,3,0.4934847950935364
d01,d07,4,0.48219648003578186
d01,d02,5,0.45088106393814087
d01,d04,6,0.42706459760665894
d01,d06,7,0.3462245762348175
d01,d18,8,0.32875970005989075
d01,d15,9,0.27066028118133545
d01,d05,10,0.17958253622055054
d01,d19,11,0.15392035245895386
d01,d11,12,0.11597874015569687
d01,d20,13,0.11309076845645905
d01,d13,14,0.10600139945745468
d01,d14,15,0.104311004281044
d01,d16,16,0.08340758085250854
d01,d12,17,0.07897879928350449
d01,d17,18,0.07442944496870041
d01,d22,19,0.06762707233428955
d01,d10,20,0.046394750475883484
d01,d23,21,0.028028761968016624
d01,d21,22,-0.003312899963930249
d02,d22,1,0.5503323078155518
d02,d01,2,0.45088106393814087
d02,d03,3,0.4117225706577301
d02,d09,4,0.31353065371513367
d02,d11,5,0.30572086572647095
d02,d21,6,0.24958372116088867
d02,d07,7,0.2353324592113495
d02,d18,8,0.2273082733154297
d02,d20,9,0.20417217910289764
d02,d17,10,0.17661455273628235
d02,d13,11,0.173146590590477
d02,d23,12,0.15796390175819397
d02,d19,13,0.1492002010345459
d02,d04,14,0.14888492226600647
d02,d14,15,0.1469017118215561
d02,d15,16,0.14038893580436707
d02,d08,17,0.1351355016231537
d02,d16,18,0.090198814868927
d02,d12,19,0.07742367684841156
d02,d06,20,0.07269842177629471
d02,d10,21,0.06738202273845673
d02,d05,22,0.023965895175933838
d03,d01,1,0.5044394731521606
d03,d02,2,0.4117225706577301
d03,d11,3,0.3916906416416168
d03,d04,4,0.38827431201934814
d03,d05,5,0.31692075729370117
d03,d10,6,0.2871694564819336
d03,d07,7,0.27075591683387756
d03,d15,8,0.2255539447069168
d03,d23,9,0.1957087367773056
d03,d12,10,0.18081173300743103
d03,d09,11,0.17796549201011658
d03,d08,12,0.14800342917442322
d03,d14,13,0.12905025482177734
d03,d22,14,0.12453615665435791
d03,d18,15,0.11694885790348053
d03,d17,16,0.0631161704659462
d03,d21,17,0.039040707051754
d03,d20,18,0.03510712459683418
d03,d16,19,0.029680896550416946
d03,d06,20,0.026609957218170166
d03,d13,21,-0.002220381749793887
d03,d19,22,-0.014157812111079693
d04,d05,1,0.5043035745620728
d04,d06,2,0.43514615297317505
d04,d01,3,0.42706459760665894
d04,d03,4,0.38827431201934814
d04,d10,5,0.36082860827445984
d04,d08,6,0.3306756615638733
d04,d07,7,0.26523464918136597
d04,d15,8,0.2588499188423157
d04,d09,9,0.2358933389186859
d04,d18,10,0.19697177410125732
d04,d14,11,0.1896960437297821
d04,d12,12,0.15194633603096008
d04,d11,13,0.15076087415218353
d04,d02,14,0.14888492226600647
d04,d13,15,0.14418140053749084
d04,d23,16,0.13961182534694672
d04,d19,17,0.1180499941110611
d04,d20,18,0.09668295085430145
d04,d22,19,0.09424406290054321
d04,d17,20,0.06617435067892075
d04,d16,21,0.0612449124455452
d04,d21,22,-0.06853581964969635
d05,d06,1,0.512283980846405
d05,d04,2,0.5043035745620728
d05,d10,3,0.49253010749816895
d05,d12,4,0.37844374775886536
d05,d15,5,0.37521228194236755
d05,d03,6,0.31692075729370117
d05,d07,7,0.29653269052505493
d05,d08,8,0.24266143143177032
d05,d23,9,0.2424548864364624
d05,d14,10,0.2223469316959381
d05,d11,11,0.18523089587688446
d05,d13,12,0.18099404871463776
d05,d01,13,0.17958253622055054
d05,d16,14,0.1688007414340973
d05,d09,15,0.16034212708473206
d05,d17,16,0.15590205788612366
d05,d20,17,0.09043391048908234
d05,d18,18,0.044639937579631805
d05,d02,19,0.023965895175933838
d05,d22,20,0.020743411034345627
d05,d19,21,0.015151992440223694
d05,d21,22,-0.004141789861023426
d06,d05,1,0.512283980846405
d06,d07,2,0.4724670946598053
d06,d04,3,0.43514615297317505
d06,d15,4,0.38510656356811523
d06,d01,5,0.3462245762348175
d06,d08,6,0.32524868845939636
d06,d12,7,0.31527337431907654
d06,d13,8,0.28453898429870605
d06,d10,9,0.25993046164512634
d06,d09,10,0.21685905754566193
d06,d23,11,0.17939670383930206
d06,d16,12,0.1694210320711136
d06,d14,13,0.1591625213623047
d06,d18,14,0.13010422885417938
d06,d02,15,0.07269842177629471
d06,d11,16,0.04614090546965599
d06,d17,17,0.03917292505502701
d06,d22,18,0.027894431725144386
d06,d03,19,0.026609957218170166
d06,d19,20,0.009585825726389885
d06,d21,21,-0.07392805069684982
d06,d20,22,-0.09625925123691559
d07,d08,1,0.5677458047866821
d07,d15,2,0.5160152316093445
d07,d01,3,0.48219648003578186
d07,d06,4,0.4724670946598053
d07,d16,5,0.43128910660743713
d07,d14,6,0.30451780557632446
d07,d05,7,0.29653269052505493
d07,d03,8,0.27075591683387756
d07,d04,9,0.26523464918136597
d07,d09,10,0.25631651282310486
d07,d02,11,0.2353324592113495
d07,d17,12,0.16421496868133545
d07,d13,13,0.15984711050987244
d07,d12,14,0.11143002659082413
d07,d18,15,0.0647902712225914
d07,d11,16,0.06221027299761772
d07,d20,17,0.030304264277219772
d07,d22,18,2.4928896891651675e-05
d07,d10,19,-0.00012300573871470988
d07,d23,20,-0.00938763190060854
d07,d21,21,-0.03071119450032711
d07,d19,22,-0.03729972988367081
d08,d07,1,0.5677458047866821
d08,d09,2,0.5046849846839905
d08,d01,3,0.4934847950935364
d08,d15,4,0.3849940299987793
d08,d17,5,0.3703760504722595
d08,d16,6,0.35169345140457153
d08,d04,7,0.3306756615638733
d08,d06,8,0.32524868845939636
d08,d18,9,0.2728935480117798
d08,d20,10,0.25535720586776733
d08,d05,11,0.24266143143177032
d08,d14,12,0.22569486498832703
d08,d03,13,0.14800342917442322
d08,d13,14,0.1393369883298874
d08,d02,15,0.1351355016231537
d08,d19,16,0.11441145837306976
d08,d21,17,0.04210498183965683
d08,d12,18,0.03909231349825859
d08,d22,19,0.021512752398848534
d08,d11,20,-0.018203770741820335
d08,d23,21,-0.03235657140612602
d08,d10,22,-0.07713902741670609
d09,d01,1,0.5679930448532104
d09,d18,2,0.523738443851471
d09,d08,3,0.5046849846839905
d09,d20,4,0.4619762897491455
d09,d19,5,0.3695535659790039
d09,d02,6,0.31353065371513367
d09,d16,7,0.3081951141357422
d09,d07,8,0.25631651282310486
d09,d04,9,0.2358933389186859
d09,d17,10,0.22361955046653748
d09,d06,11,0.21685905754566193
d09,d21,12,0.19725504517555237
d09,d15,13,0.1929130256175995
d09,d03,14,0.17796549201011658
d09,d05,15,0.16034212708473206
d09,d22,16,0.09149281680583954
d09,d14,17,0.08464840799570084
d09,d13,18,0.039124954491853714
d09,d11,19,0.02447975054383278
d09,d12,20,0.01617143116891384
d09,d10,21,-0.010370108298957348
d09,d23,22,-0.02654578909277916
d10,d05,1,0.49253010749816895
d10,d12,2,0.4804394245147705
d10,d23,3,0.3911129832267761
d10,d11,4,0.3842090964317322
d10,d04,5,0.36082860827445984
d10,d03,6,0.2871694564819336
d10,d06,7,0.25993046164512634
d10,d21,8,0.20621764659881592
d10,d20,9,0.19848033785820007
d10,d13,10,0.19783946871757507
d10,d16,11,0.1886167824268341
d10,d15,12,0.17959801852703094
d10,d22,13,0.15536601841449738
d10,d14,14,0.1289074867963791
d10,d18,15,0.10627351701259613
d10,d17,16,0.10280865430831909
d10,d19,17,0.08960936218500137
d10,d02,18,0.06738202273845673
d10,d01,19,0.046394750475883484
d10,d07,20,-0.00012300573871470988
d10,d09,21,-0.010370108298957348
d10,d08,22,-0.07713902741670609
d11,d03,1,0.3916906416416168
d11,d10,2,0.3842090964317322
d11,d22,3,0.37859100103378296
d11,d23,4,0.338873028755188
d11,d21,5,0.32291179895401
d11,d02,6,0.30572086572647095
d11,d14,7,0.22529354691505432
d11,d20,8,0.2187274992465973
d11,d19,9,0.21469800174236298
d11,d13,10,0.21405665576457977
d11,d12,11,0.1980678290128708
d11,d05,12,0.18523089587688446
d11,d17,13,0.18194060027599335
d11,d04,14,0.15076087415218353
d11,d01,15,0.11597874015569687
d11,d16,16,0.10104024410247803
d11,d18,17,0.08652886003255844
d11,d07,18,0.06221027299761772
d11,d06,19,0.04614090546965599
d11,d15,20,0.03660129755735397
d11,d09,21,0.02447975054383278
d11,d08,22,-0.018203770741820335
d12,d10,1,0.4804394245147705
d12,d23,2,0.4624183177947998
d12,d13,3,0.43520817160606384
d12,d15,4,0.3813658356666565
d12,d05,5,0.37844374775886536
d12,d06,6,0.31527337431907654
d12,d16,7,0.2707790732383728
d12,d11,8,0.1980678290128708
d12,d03,9,0.18081173300743103
d12,d14,10,0.1609354168176651
d12,d21,11,0.152235209941864
d12,d04,12,0.15194633603096008
d12,d22,13,0.13084514439105988
d12,d17,14,0.128220796585083
d12,d07,15,0.11143002659082413
d12,d20,16,0.11111155897378922
d12,d19,17,0.10905252397060394
d12,d01,18,0.07897879928350449
d12,d02,19,0.07742367684841156
d12,d18,20,0.04377492144703865
d12,d08,21,0.03909231349825859
d12,d09,22,0.01617143116891384
d13,d23,1,0.436876118183136
d13,d12,2,0.43520817160606384
d13,d14,3,0.4087655544281006
d13,d22,4,0.33416548371315
d13,d15,5,0.3079807162284851
d13,d19,6,0.30233055353164673
d13,d06,7,0.28453898429870605
d13,d17,8,0.23406407237052917
d13,d11,9,0.21405665576457977
d13,d21,10,0.20440690219402313
d13,d10,11,0.19783946871757507
d13,d05,12,0.18099404871463776
d13,d02,13,0.173146590590477
d13,d18,14,0.1643759310245514
d13,d16,15,0.16115400195121765
d13,d07,16,0.15984711050987244
d13,d04,17,0.14418140053749084
d13,d08,18,0.1393369883298874
d13,d01,19,0.10600139945745468
d13,d20,20,0.053327541798353195
d13,d09,21,0.039124954491853714
d13,d03,22,-0.002220381749793887
d14,d17,1,0.42123866081237793
d14,d13,2,0.4087655544281006
d14,d16,3,0.4087235927581787
d14,d07,4,0.30451780557632446
d14,d23,5,0.22620435059070587
d14,d19,6,0.2261386662721634
d14,d08,7,0.22569486498832703
d14,d11,8,0.22529354691505432
d14,d05,9,0.2223469316959381
d14,d22,10,0.20677614212036133
d14,d04,11,0.1896960437297821
d14,d12,12,0.1609354168176651
d14,d06,13,0.1591625213623047
d14,d02,14,0.1469017118215561
d14,d03,15,0.12905025482177734
d14,d10,16,0.1289074867963791
d14,d21,17,0.1278264820575714
d14,d01,18,0.104311004281044
d14,d15,19,0.09427077323198318
d14,d09,20,0.08464840799570084
d14,d18,21,0.0693647488951683
d14,d20,22,0.045832280069589615
d15,d07,1,0.5160152316093445
d15,d06,2,0.38510656356811523
d15,d08,3,0.3849940299987793
d15,d12,4,0.3813658356666565
d15,d05,5,0.37521228194236755
d15,d13,6,0.3079807162284851
d15,d16,7,0.29318493604660034
d15,d01,8,0.27066028118133545
d15,d04,9,0.2588499188423157
d15,d03,10,0.2255539447069168
d15,d09,11,0.1929130256175995
d15,d10,12,0.17959801852703094
d15,d23,13,0.1753195822238922
d15,d17,14,0.15624523162841797
d15,d02,15,0.14038893580436707
d15,d19,16,0.1254921555519104
d15,d18,17,0.12547269463539124
d15,d20,18,0.09677624702453613
d15,d14,19,0.09427077323198318
d15,d22,20,0.08850757032632828
d15,d11,21,0.03660129755735397
d15,d21,22,0.010328099131584167
d16,d07,1,0.43128910660743713
d16,d14,2,0.4087235927581787
d16,d17,3,0.35980719327926636
d16,d08,4,0.35169345140457153
d16,d09,5,0.3081951141357422
d16,d15,6,0.29318493604660034
d16,d20,7,0.273274689912796
d16,d12,8,0.2707790732383728
d16,d18,9,0.2502124011516571
d16,d10,10,0.1886167824268341
d16,d21,11,0.17332246899604797
d16,d06,12,0.1694210320711136
d16,d05,13,0.1688007414340973
d16,d13,14,0.16115400195121765
d16,d19,15,0.155493825674057
d16,d23,16,0.15283100306987762
d16,d11,17,0.10104024410247803
d16,d02,18,0.090198814868927
d16,d01,19,0.08340758085250854
d16,d22,20,0.07681640982627869
d16,d04,21,0.0612449124455452
d16,d03,22,0.029680896550416946
d17,d19,1,0.43985384702682495
d17,d14,2,0.42123866081237793
d17,d08,3,0.3703760504722595
d17,d16,4,0.35980719327926636
d17,d18,5,0.33911746740341187
d17,d13,6,0.23406407237052917
d17,d20,7,0.23247914016246796
d17,d09,8,0.22361955046653748
d17,d11,9,0.18194060027599335
d17,d02,10,0.17661455273628235
d17,d07,11,0.16421496868133545
d17,d15,12,0.15624523162841797
d17,d05,13,0.15590205788612366
d17,d22,14,0.13027536869049072
d17,d12,15,0.128220796585083
d17,d21,16,0.12232396751642227
d17,d10,17,0.10280865430831909
d17,d23,18,0.09920980036258698
d17,d01,19,0.07442944496870041
d17,d04,20,0.06617435067892075
d17,d03,21,0.0631161704659462
d17,d06,22,0.03917292505502701
d18,d09,1,0.523738443851471
d18,d19,2,0.5128340721130371
d18,d17,3,0.33911746740341187
d18,d20,4,0.3360993564128876
d18,d01,5,0.32875970005989075
d18,d08,6,0.2728935480117798
d18,d16,7,0.2502124011516571
d18,d02,8,0.2273082733154297
d18,d21,9,0.2094026803970337
d18,d04,10,0.19697177410125732
d18,d13,11,0.1643759310245514
d18,d23,12,0.15491671860218048
d18,d06,13,0.13010422885417938
d18,d15,14,0.12547269463539124
d18,d03,15,0.11694885790348053
d18,d10,16,0.10627351701259613
d18,d11,17,0.08652886003255844
d18,d22,18,0.0837944746017456
d18,d14,19,0.0693647488951683
d18,d07,20,0.0647902712225914
d18,d05,21,0.044639937579631805
d18,d12,22,0.04377492144703865
d19,d18,1,0.5128340721130371
d19,d20,2,0.4901408553123474
d19,d17,3,0.43985384702682495
d19,d21,4,0.4032811224460602
d19,d09,5,0.3695535659790039
d19,d22,6,0.31408628821372986
d19,d13,7,0.30233055353164673
d19,d23,8,0.23263005912303925
d19,d14,9,0.2261386662721634
d19,d11,10,0.21469800174236298
d19,d16,11,0.155493825674057
d19,d01,12,0.15392035245895386
d19,d02,13,0.1492002010345459
d19,d15,14,0.1254921555519104
d19,d04,15,0.1180499941110611
d19,d08,16,0.11441145837306976
d19,d12,17,0.10905252397060394
d19,d10,18,0.08960936218500137
d19,d05,19,0.015151992440223694
d19,d06,20,0.009585825726389885
d19,d03,21,-0.014157812111079693
d19,d07,22,-0.03729972988367081
d20,d21,1,0.49149543046951294
d20,d19,2,0.4901408553123474
d20,d09,3,0.4619762897491455
d20,d18,4,0.3360993564128876
d20,d16,5,0.273274689912796
d20,d08,6,0.25535720586776733
d20,d22,7,0.25452330708503723
d20,d17,8,0.23247914016246796
d20,d11,9,0.2187274992465973
d20,d02,10,0.20417217910289764
d20,d10,11,0.19848033785820007
d20,d01,12,0.11309076845645905
d20,d12,13,0.11111155897378922
d20,d23,14,0.0973178967833519
d20,d15,15,0.09677624702453613
d20,d04,16,0.09668295085430145
d20,d05,17,0.09043391048908234
d20,d13,18,0.053327541798353195
d20,d14,19,0.045832280069589615
d20,d03,20,0.03510712459683418
d20,d07,21,0.030304264277219772
d20,d06,22,-0.09625925123691559
d21,d20,1,0.49149543046951294
d21,d22,2,0.4868772625923157
d21,d19,3,0.4032811224460602
d21,d23,4,0.3644217848777771
d21,d11,5,0.32291179895401
d21,d02,6,0.24958372116088867
d21,d18,7,0.2094026803970337
d21,d10,8,0.20621764659881592
d21,d13,9,0.20440690219402313
d21,d09,10,0.19725504517555237
d21,d16,11,0.17332246899604797
d21,d12,12,0.152235209941864
d21,d14,13,0.1278264820575714
d21,d17,14,0.12232396751642227
d21,d08,15,0.04210498183965683
d21,d03,16,0.039040707051754
d21,d15,17,0.010328099131584167
d21,d01,18,-0.003312899963930249
d21,d05,19,-0.004141789861023426
d21,d07,20,-0.03071119450032711
d21,d04,21,-0.06853581964969635
d21,d06,22,-0.07392805069684982
d22,d02,1,0.5503323078155518
d22,d21,2,0.4868772625923157
d22,d11,3,0.37859100103378296
d22,d23,4,0.34077563881874084
d22,d13,5,0.33416548371315
d22,d19,6,0.31408628821372986
d22,d20,7,0.25452330708503723
d22,d14,8,0.20677614212036133
d22,d10,9,0.15536601841449738
d22,d12,10,0.13084514439105988
d22,d17,11,0.13027536869049072
d22,d03,12,0.12453615665435791
d22,d04,13,0.09424406290054321
d22,d09,14,0.09149281680583954
d22,d15,15,0.08850757032632828
d22,d18,16,0.0837944746017456
d22,d16,17,0.07681640982627869
d22,d01,18,0.06762707233428955
d22,d06,19,0.027894431725144386
d22,d08,20,0.021512752398848534
d22,d05,21,0.020743411034345627
d22,d07,22,2.4928896891651675e-05
d23,d12,1,0.4624183177947998
d23,d13,2,0.436876118183136
d23,d10,3,0.3911129832267761
d23,d21,4,0.3644217848777771
d23,d22,5,0.34077563881874084
d23,d11,6,0.338873028755188
d23,d05,7,0.2424548864364624
d23,d19,8,0.23263005912303925
d23,d14,9,0.22620435059070587
d23,d03,10,0.1957087367773056
d23,d06,11,0.17939670383930206
d23,d15,12,0.1753195822238922
d23,d02,13,0.15796390175819397
d23,d18,14,0.15491671860218048
d23,d16,15,0.15283100306987762
d23,d04,16,0.13961182534694672
d23,d17,17,0.09920980036258698
d23,d20,18,0.0973178967833519
d23,d01,19,0.028028761968016624
d23,d07,20,-0.00938763190060854
d23,d09,21,-0.02654578909277916
d23,d08,22,-0.03235657140612602
