d01,d02
d01,d03
d01,d04
d01,d06
d01,d07
d01,d08
d01,d09
d02,d03
d02,d09
d02,d11
d02,d20
d02,d22
d03,d04
d03,d10
d03,d11
d04,d05
d04,d06
d04,d10
d05,d06
d05,d10
d05,d12
d06,d07
d06,d12
d06,d15
d07,d08
d07,d15
d07,d16
d08,d09
d08,d16
d08,d17
d09,d17
d09,d18
d09,d19
d09,d20
d10,d11
d10,d12
d10,d23
d11,d22
d12,d13
d12,d15
d12,d23
d13,d14
d13,d15
d13,d23
d14,d15
d14,d16
d14,d17
d15,d16
d16,d17
d17,d18
d17,d19
d18,d19
d19,d20
d19,d21
d20,d21
d21,d22
d02,d01
d03,d01
d04,d01
d06,d01
d07,d01
d08,d01
d09,d01
d03,d02
d09,d02
d11,d02
d20,d02
d22,d02
d04,d03
d10,d03
d11,d03
d05,d04
d06,d04
d10,d04
d06,d05
d10,d05
d12,d05
d07,d06
d12,d06
d15,d06
d08,d07
d15,d07
d16,d07
d09,d08
d16,d08
d17,d08
d17,d09
d18,d09
d19,d09
d20,d09
d11,d10
d12,d10
d23,d10
d22,d11
d13,d12
d15,d12
d23,d12
d14,d13
d15,d13
d23,d13
d15,d14
d16,d14
d17,d14
d16,d15
d17,d16
d18,d17
d19,d17
d19,d18
d20,d19
d21,d19
d21,d20
d22,d21
