d01,area_km2,2.87,2025,density
d02,area_km2,19.24,2025,density
d03,area_km2,7.4,2025,density
d04,area_km2,1.78,2025,density
d05,area_km2,2.01,2025,density
d06,area_km2,1.46,2025,density
d07,area_km2,1.61,2025,density
d08,area_km2,1.09,2025,density
d09,area_km2,2.97,2025,density
d10,area_km2,31.83,2025,density
d11,area_km2,23.26,2025,density
d12,area_km2,8.1,2025,density
d13,area_km2,37.71,2025,density
d14,area_km2,33.76,2025,density
d15,area_km2,3.92,2025,density
d16,area_km2,8.67,2025,density
d17,area_km2,11.39,2025,density
d18,area_km2,6.35,2025,density
d19,area_km2,24.94,2025,density
d20,area_km2,5.71,2025,density
d21,area_km2,44.44,2025,density
d22,area_km2,102.3,2025,density
d23,area_km2,32.06,2025,density
d01,avg_age,47.44,2025,age
d02,avg_age,40.0,2025,age
d03,avg_age,41.39,2025,age
d04,avg_age,42.56,2025,age
d05,avg_age,40.72,2025,age
d06,avg_age,42.28,2025,age
d07,avg_age,41.92,2025,age
d08,avg_age,42.22,2025,age
d09,avg_age,41.15,2025,age
d10,avg_age,39.6,2025,age
d11,avg_age,39.45,2025,age
d12,avg_age,40.62,2025,age
d13,avg_age,45.22,2025,age
d14,avg_age,42.8,2025,age
d15,avg_age,40.57,2025,age
d16,avg_age,41.25,2025,age
d17,avg_age,41.57,2025,age
d18,avg_age,42.18,2025,age
d19,avg_age,44.15,2025,age
d20,avg_age,40.46,2025,age
d21,avg_age,40.62,2025,age
d22,avg_age,40.17,2025,age
d23,avg_age,42.01,2025,age
d01,cars_per_1000,988.33,2024,car_density
d02,cars_per_1000,300.4,2024,car_density
d03,cars_per_1000,365.23,2024,car_density
d04,cars_per_1000,343.74,2024,car_density
d05,cars_per_1000,257.87,2024,car_density
d06,cars_per_1000,306.41,2024,car_density
d07,cars_per_1000,287.93,2024,car_density
d08,cars_per_1000,288.84,2024,car_density
d09,cars_per_1000,307.58,2024,car_density
d10,cars_per_1000,320.18,2024,car_density
d11,cars_per_1000,359.69,2024,car_density
d12,cars_per_1000,360.37,2024,car_density
d13,cars_per_1000,433.7,2024,car_density
d14,cars_per_1000,355.83,2024,car_density
d15,cars_per_1000,267.78,2024,car_density
d16,cars_per_1000,314.79,2024,car_density
d17,cars_per_1000,305.62,2024,car_density
d18,cars_per_1000,340.9,2024,car_density
d19,cars_per_1000,407.94,2024,car_density
d20,cars_per_1000,270.35,2024,car_density
d21,cars_per_1000,372.46,2024,car_density
d22,cars_per_1000,397.99,2024,car_density
d23,cars_per_1000,525.03,2024,car_density
d01,cycle_path_km,40.97,2024,traffic_area
d02,cycle_path_km,116.74,2024,traffic_area
d03,cycle_path_km,68.8,2024,traffic_area
d04,cycle_path_km,16.84,2024,traffic_area
d05,cycle_path_km,26.85,2024,traffic_area
d06,cycle_path_km,19.12,2024,traffic_area
d07,cycle_path_km,18.69,2024,traffic_area
d08,cycle_path_km,11.17,2024,traffic_area
d09,cycle_path_km,41.98,2024,traffic_area
d10,cycle_path_km,149.89,2024,traffic_area
d11,cycle_path_km,80.18,2024,traffic_area
d12,cycle_path_km,64.9,2024,traffic_area
d13,cycle_path_km,73.08,2024,traffic_area
d14,cycle_path_km,102.98,2024,traffic_area
d15,cycle_path_km,42.4,2024,traffic_area
d16,cycle_path_km,46.87,2024,traffic_area
d17,cycle_path_km,48.09,2024,traffic_area
d18,cycle_path_km,39.05,2024,traffic_area
d19,cycle_path_km,72.9,2024,traffic_area
d20,cycle_path_km,39.05,2024,traffic_area
d21,cycle_path_km,218.35,2024,traffic_area
d22,cycle_path_km,346.94,2024,traffic_area
d23,cycle_path_km,103.47,2024,traffic_area
d01,families_cohabiting_children,185.0,2024,families
d02,families_cohabiting_children,1976.0,2024,families
d03,families_cohabiting_children,1484.0,2024,families
d04,families_cohabiting_children,530.0,2024,families
d05,families_cohabiting_children,792.0,2024,families
d06,families_cohabiting_children,458.0,2024,families
d07,families_cohabiting_children,567.0,2024,families
d08,families_cohabiting_children,349.0,2024,families
d09,families_cohabiting_children,575.0,2024,families
d10,families_cohabiting_children,3368.0,2024,families
d11,families_cohabiting_children,1932.0,2024,families
d12,families_cohabiting_children,1610.0,2024,families
d13,families_cohabiting_children,935.0,2024,families
d14,families_cohabiting_children,1848.0,2024,families
d15,families_cohabiting_children,1137.0,2024,families
d16,families_cohabiting_children,1647.0,2024,families
d17,families_cohabiting_children,1006.0,2024,families
d18,families_cohabiting_children,917.0,2024,families
d19,families_cohabiting_children,1186.0,2024,families
d20,families_cohabiting_children,1175.0,2024,families
d21,families_cohabiting_children,3588.0,2024,families
d22,families_cohabiting_children,4417.0,2024,families
d23,families_cohabiting_children,2279.0,2024,families
d01,families_cohabiting_no_children,461.0,2024,families
d02,families_cohabiting_no_children,4246.0,2024,families
d03,families_cohabiting_no_children,3937.0,2024,families
d04,families_cohabiting_no_children,1355.0,2024,families
d05,families_cohabiting_no_children,2401.0,2024,families
d06,families_cohabiting_no_children,1515.0,2024,families
d07,families_cohabiting_no_children,1654.0,2024,families
d08,families_cohabiting_no_children,1084.0,2024,families
d09,families_cohabiting_no_children,2087.0,2024,families
d10,families_cohabiting_no_children,5551.0,2024,families
d11,families_cohabiting_no_children,2855.0,2024,families
d12,families_cohabiting_no_children,3311.0,2024,families
d13,families_cohabiting_no_children,1476.0,2024,families
d14,families_cohabiting_no_children,3165.0,2024,families
d15,families_cohabiting_no_children,2827.0,2024,families
d16,families_cohabiting_no_children,3388.0,2024,families
d17,families_cohabiting_no_children,1994.0,2024,families
d18,families_cohabiting_no_children,1896.0,2024,families
d19,families_cohabiting_no_children,2084.0,2024,families
d20,families_cohabiting_no_children,2754.0,2024,families
d21,families_cohabiting_no_children,5048.0,2024,families
d22,families_cohabiting_no_children,6463.0,2024,families
d23,families_cohabiting_no_children,3208.0,2024,families
d01,families_married_children,1036.0,2024,families
d02,families_married_children,8275.0,2024,families
d03,families_married_children,6820.0,2024,families
d04,families_married_children,2235.0,2024,families
d05,families_married_children,3341.0,2024,families
d06,families_married_children,1706.0,2024,families
d07,families_married_children,1728.0,2024,families
d08,families_married_children,1400.0,2024,families
d09,families_married_children,2507.0,2024,families
d10,families_married_children,19653.0,2024,families
d11,families_married_children,10452.0,2024,families
d12,families_married_children,8221.0,2024,families
d13,families_married_children,4754.0,2024,families
d14,families_married_children,7766.0,2024,families
d15,families_married_children,5142.0,2024,families
d16,families_married_children,7497.0,2024,families
d17,families_married_children,4222.0,2024,families
d18,families_married_children,3837.0,2024,families
d19,families_married_children,5873.0,2024,families
d20,families_married_children,6457.0,2024,families
d21,families_married_children,16861.0,2024,families
d22,families_married_children,21502.0,2024,families
d23,families_married_children,11582.0,2024,families
d01,families_married_no_children,1118.0,2024,families
d02,families_married_no_children,6486.0,2024,families
d03,families_married_no_children,6168.0,2024,families
d04,families_married_no_children,1998.0,2024,families
d05,families_married_no_children,3157.0,2024,families
d06,families_married_no_children,1839.0,2024,families
d07,families_married_no_children,1879.0,2024,families
d08,families_married_no_children,1419.0,2024,families
d09,families_married_no_children,2334.0,2024,families
d10,families_married_no_children,14822.0,2024,families
d11,families_married_no_children,7894.0,2024,families
d12,families_married_no_children,6488.0,2024,families
d13,families_married_no_children,4269.0,2024,families
d14,families_married_no_children,7520.0,2024,families
d15,families_married_no_children,4421.0,2024,families
d16,families_married_no_children,6732.0,2024,families
d17,families_married_no_children,3759.0,2024,families
d18,families_married_no_children,3140.0,2024,families
d19,families_married_no_children,5148.0,2024,families
d20,families_married_no_children,5423.0,2024,families
d21,families_married_no_children,13946.0,2024,families
d22,families_married_no_children,17403.0,2024,families
d23,families_married_no_children,9888.0,2024,families
d01,families_single_father,224.0,2024,families
d02,families_single_father,881.0,2024,families
d03,families_single_father,849.0,2024,families
d04,families_single_father,278.0,2024,families
d05,families_single_father,450.0,2024,families
d06,families_single_father,281.0,2024,families
d07,families_single_father,251.0,2024,families
d08,families_single_father,205.0,2024,families
d09,families_single_father,361.0,2024,families
d10,families_single_father,1896.0,2024,families
d11,families_single_father,846.0,2024,families
d12,families_single_father,832.0,2024,families
d13,families_single_father,443.0,2024,families
d14,families_single_father,816.0,2024,families
d15,families_single_father,661.0,2024,families
d16,families_single_father,914.0,2024,families
d17,families_single_father,474.0,2024,families
d18,families_single_father,404.0,2024,families
d19,families_single_father,647.0,2024,families
d20,families_single_father,733.0,2024,families
d21,families_single_father,1324.0,2024,families
d22,families_single_father,1569.0,2024,families
d23,families_single_father,900.0,2024,families
d01,families_single_mother,784.0,2024,families
d02,families_single_mother,4386.0,2024,families
d03,families_single_mother,4007.0,2024,families
d04,families_single_mother,1268.0,2024,families
d05,families_single_mother,1951.0,2024,families
d06,families_single_mother,1127.0,2024,families
d07,families_single_mother,1084.0,2024,families
d08,families_single_mother,886.0,2024,families
d09,families_single_mother,1556.0,2024,families
d10,families_single_mother,8294.0,2024,families
d11,families_single_mother,4497.0,2024,families
d12,families_single_mother,4015.0,2024,families
d13,families_single_mother,2277.0,2024,families
d14,families_single_mother,3812.0,2024,families
d15,families_single_mother,2729.0,2024,families
d16,families_single_mother,3860.0,2024,families
d17,families_single_mother,2165.0,2024,families
d18,families_single_mother,2145.0,2024,families
d19,families_single_mother,3325.0,2024,families
d20,families_single_mother,3431.0,2024,families
d21,families_single_mother,7875.0,2024,families
d22,families_single_mother,9360.0,2024,families
d23,families_single_mother,4868.0,2024,families
d01,gps_per_1000,6.17,2024,medical
d02,gps_per_1000,0.79,2024,medical
d03,gps_per_1000,0.79,2024,medical
d04,gps_per_1000,1.06,2024,medical
d05,gps_per_1000,0.72,2024,medical
d06,gps_per_1000,1.34,2024,medical
d07,gps_per_1000,1.62,2024,medical
d08,gps_per_1000,2.16,2024,medical
d09,gps_per_1000,1.44,2024,medical
d10,gps_per_1000,0.43,2024,medical
d11,gps_per_1000,0.4,2024,medical
d12,gps_per_1000,0.66,2024,medical
d13,gps_per_1000,1.5,2024,medical
d14,gps_per_1000,0.61,2024,medical
d15,gps_per_1000,0.58,2024,medical
d16,gps_per_1000,0.55,2024,medical
d17,gps_per_1000,0.65,2024,medical
d18,gps_per_1000,1.32,2024,medical
d19,gps_per_1000,1.07,2024,medical
d20,gps_per_1000,0.45,2024,medical
d21,gps_per_1000,0.42,2024,medical
d22,gps_per_1000,0.43,2024,medical
d23,gps_per_1000,0.59,2024,medical
d01,net_income,37250.0,2021,income
d02,net_income,24930.0,2021,income
d03,net_income,27450.0,2021,income
d04,net_income,29010.0,2021,income
d05,net_income,23096.0,2021,income
d06,net_income,26528.0,2021,income
d07,net_income,27866.0,2021,income
d08,net_income,28488.0,2021,income
d09,net_income,27518.0,2021,income
d10,net_income,21487.0,2021,income
d11,net_income,22629.0,2021,income
d12,net_income,22485.0,2021,income
d13,net_income,31719.0,2021,income
d14,net_income,26571.0,2021,income
d15,net_income,20866.0,2021,income
d16,net_income,22345.0,2021,income
d17,net_income,23891.0,2021,income
d18,net_income,28751.0,2021,income
d19,net_income,29903.0,2021,income
d20,net_income,21201.0,2021,income
d21,net_income,24381.0,2021,income
d22,net_income,26722.0,2021,income
d23,net_income,27268.0,2021,income
d01,overnight_stays_per_1000,161680.37,2024,tourism
d02,overnight_stays_per_1000,21887.02,2024,tourism
d03,overnight_stays_per_1000,21864.35,2024,tourism
d04,overnight_stays_per_1000,16314.13,2024,tourism
d05,overnight_stays_per_1000,11389.54,2024,tourism
d06,overnight_stays_per_1000,24346.4,2024,tourism
d07,overnight_stays_per_1000,34190.59,2024,tourism
d08,overnight_stays_per_1000,21136.41,2024,tourism
d09,overnight_stays_per_1000,15452.72,2024,tourism
d10,overnight_stays_per_1000,11058.55,2024,tourism
d11,overnight_stays_per_1000,2469.39,2024,tourism
d12,overnight_stays_per_1000,5249.39,2024,tourism
d13,overnight_stays_per_1000,3921.34,2024,tourism
d14,overnight_stays_per_1000,3246.61,2024,tourism
d15,overnight_stays_per_1000,17706.39,2024,tourism
d16,overnight_stays_per_1000,2601.62,2024,tourism
d17,overnight_stays_per_1000,6058.04,2024,tourism
d18,overnight_stays_per_1000,1156.81,2024,tourism
d19,overnight_stays_per_1000,2618.67,2024,tourism
d20,overnight_stays_per_1000,5107.64,2024,tourism
d21,overnight_stays_per_1000,804.79,2024,tourism
d22,overnight_stays_per_1000,3628.36,2024,tourism
d23,overnight_stays_per_1000,593.09,2024,tourism
d01,pct_tertiary_education,53.42,2023,education
d02,pct_tertiary_education,40.55,2023,education
d03,pct_tertiary_education,42.99,2023,education
d04,pct_tertiary_education,50.77,2023,education
d05,pct_tertiary_education,38.19,2023,education
d06,pct_tertiary_education,49.65,2023,education
d07,pct_tertiary_education,55.62,2023,education
d08,pct_tertiary_education,54.39,2023,education
d09,pct_tertiary_education,54.21,2023,education
d10,pct_tertiary_education,17.78,2023,education
d11,pct_tertiary_education,15.6,2023,education
d12,pct_tertiary_education,25.4,2023,education
d13,pct_tertiary_education,44.9,2023,education
d14,pct_tertiary_education,33.14,2023,education
d15,pct_tertiary_education,29.75,2023,education
d16,pct_tertiary_education,28.39,2023,education
d17,pct_tertiary_education,35.92,2023,education
d18,pct_tertiary_education,51.81,2023,education
d19,pct_tertiary_education,43.21,2023,education
d20,pct_tertiary_education,26.06,2023,education
d21,pct_tertiary_education,19.71,2023,education
d22,pct_tertiary_education,24.84,2023,education
d23,pct_tertiary_education,25.6,2023,education
d01,pedestrian_zone_m2,95101.0,2024,traffic_area
d02,pedestrian_zone_m2,34365.0,2024,traffic_area
d03,pedestrian_zone_m2,6300.0,2024,traffic_area
d04,pedestrian_zone_m2,0.0,2024,traffic_area
d05,pedestrian_zone_m2,7497.0,2024,traffic_area
d06,pedestrian_zone_m2,13661.0,2024,traffic_area
d07,pedestrian_zone_m2,13073.0,2024,traffic_area
d08,pedestrian_zone_m2,3885.0,2024,traffic_area
d09,pedestrian_zone_m2,7868.0,2024,traffic_area
d10,pedestrian_zone_m2,61166.0,2024,traffic_area
d11,pedestrian_zone_m2,2419.0,2024,traffic_area
d12,pedestrian_zone_m2,21029.0,2024,traffic_area
d13,pedestrian_zone_m2,0.0,2024,traffic_area
d14,pedestrian_zone_m2,4595.0,2024,traffic_area
d15,pedestrian_zone_m2,20372.0,2024,traffic_area
d16,pedestrian_zone_m2,11359.0,2024,traffic_area
d17,pedestrian_zone_m2,4512.0,2024,traffic_area
d18,pedestrian_zone_m2,8929.0,2024,traffic_area
d19,pedestrian_zone_m2,394.0,2024,traffic_area
d20,pedestrian_zone_m2,14088.0,2024,traffic_area
d21,pedestrian_zone_m2,11911.0,2024,traffic_area
d22,pedestrian_zone_m2,47663.0,2024,traffic_area
d23,pedestrian_zone_m2,6160.0,2024,traffic_area
d01,people_cohabiting_household,1717.0,2024,households
d02,people_cohabiting_household,16192.0,2024,households
d03,people_cohabiting_household,13876.0,2024,households
d04,people_cohabiting_household,4878.0,2024,households
d05,people_cohabiting_household,8131.0,2024,households
d06,people_cohabiting_household,4988.0,2024,households
d07,people_cohabiting_household,5804.0,2024,households
d08,people_cohabiting_household,3692.0,2024,households
d09,people_cohabiting_household,6685.0,2024,households
d10,people_cohabiting_household,24398.0,2024,households
d11,people_cohabiting_household,13062.0,2024,households
d12,people_cohabiting_household,12891.0,2024,households
d13,people_cohabiting_household,6535.0,2024,households
d14,people_cohabiting_household,13277.0,2024,households
d15,people_cohabiting_household,10321.0,2024,households
d16,people_cohabiting_household,13312.0,2024,households
d17,people_cohabiting_household,7989.0,2024,households
d18,people_cohabiting_household,7450.0,2024,households
d19,people_cohabiting_household,8771.0,2024,households
d20,people_cohabiting_household,10239.0,2024,households
d21,people_cohabiting_household,23723.0,2024,households
d22,people_cohabiting_household,29306.0,2024,households
d23,people_cohabiting_household,14844.0,2024,households
d01,people_married_household,6179.0,2024,households
d02,people_married_household,45191.0,2024,households
d03,people_married_household,38155.0,2024,households
d04,people_married_household,12374.0,2024,households
d05,people_married_household,19055.0,2024,households
d06,people_married_household,10040.0,2024,households
d07,people_married_household,10174.0,2024,households
d08,people_married_household,7880.0,2024,households
d09,people_married_household,14027.0,2024,households
d10,people_married_household,106707.0,2024,households
d11,people_married_household,55943.0,2024,households
d12,people_married_household,44818.0,2024,households
d13,people_married_household,26299.0,2024,households
d14,people_married_household,44051.0,2024,households
d15,people_married_household,28481.0,2024,households
d16,people_married_household,42130.0,2024,households
d17,people_married_household,23483.0,2024,households
d18,people_married_household,20703.0,2024,households
d19,people_married_household,32530.0,2024,households
d20,people_married_household,36316.0,2024,households
d21,people_married_household,92841.0,2024,households
d22,people_married_household,115999.0,2024,households
d23,people_married_household,63200.0,2024,households
d01,people_shared_household,895.0,2024,households
d02,people_shared_household,6015.0,2024,households
d03,people_shared_household,5596.0,2024,households
d04,people_shared_household,1949.0,2024,households
d05,people_shared_household,4271.0,2024,households
d06,people_shared_household,2252.0,2024,households
d07,people_shared_household,2310.0,2024,households
d08,people_shared_household,1563.0,2024,households
d09,people_shared_household,2977.0,2024,households
d10,people_shared_household,11298.0,2024,households
d11,people_shared_household,4034.0,2024,households
d12,people_shared_household,5328.0,2024,households
d13,people_shared_household,1630.0,2024,households
d14,people_shared_household,3979.0,2024,households
d15,people_shared_household,5807.0,2024,households
d16,people_shared_household,6337.0,2024,households
d17,people_shared_household,3317.0,2024,households
d18,people_shared_household,2492.0,2024,households
d19,people_shared_household,2856.0,2024,households
d20,people_shared_household,5175.0,2024,households
d21,people_shared_household,6130.0,2024,households
d22,people_shared_household,6155.0,2024,households
d23,people_shared_household,3105.0,2024,households
d01,people_single_father_household,543.0,2024,households
d02,people_single_father_household,2235.0,2024,households
d03,people_single_father_household,2097.0,2024,households
d04,people_single_father_household,714.0,2024,households
d05,people_single_father_household,1187.0,2024,households
d06,people_single_father_household,662.0,2024,households
d07,people_single_father_household,587.0,2024,households
d08,people_single_father_household,475.0,2024,households
d09,people_single_father_household,854.0,2024,households
d10,people_single_father_household,5234.0,2024,households
d11,people_single_father_household,2067.0,2024,households
d12,people_single_father_household,2203.0,2024,households
d13,people_single_father_household,1019.0,2024,households
d14,people_single_father_household,2063.0,2024,households
d15,people_single_father_household,1857.0,2024,households
d16,people_single_father_household,2384.0,2024,households
d17,people_single_father_household,1189.0,2024,households
d18,people_single_father_household,991.0,2024,households
d19,people_single_father_household,1572.0,2024,households
d20,people_single_father_household,1953.0,2024,households
d21,people_single_father_household,3180.0,2024,households
d22,people_single_father_household,3654.0,2024,households
d23,people_single_father_household,2103.0,2024,households
d01,people_single_household,4249.0,2024,households
d02,people_single_household,25322.0,2024,households
d03,people_single_household,25555.0,2024,households
d04,people_single_household,8116.0,2024,households
d05,people_single_household,14762.0,2024,households
d06,people_single_household,8219.0,2024,households
d07,people_single_household,8705.0,2024,households
d08,people_single_household,6212.0,2024,households
d09,people_single_household,11160.0,2024,households
d10,people_single_household,42611.0,2024,households
d11,people_single_household,20303.0,2024,households
d12,people_single_household,22910.0,2024,households
d13,people_single_household,11965.0,2024,households
d14,people_single_household,22362.0,2024,households
d15,people_single_household,18774.0,2024,households
d16,people_single_household,24547.0,2024,households
d17,people_single_household,13027.0,2024,households
d18,people_single_household,12550.0,2024,households
d19,people_single_household,17287.0,2024,households
d20,people_single_household,19910.0,2024,households
d21,people_single_household,36469.0,2024,households
d22,people_single_household,39932.0,2024,households
d23,people_single_household,22850.0,2024,households
d01,people_single_mother_household,1884.0,2024,households
d02,people_single_mother_household,10593.0,2024,households
d03,people_single_mother_household,9611.0,2024,households
d04,people_single_mother_household,3088.0,2024,households
d05,people_single_mother_household,4772.0,2024,households
d06,people_single_mother_household,2708.0,2024,households
d07,people_single_mother_household,2541.0,2024,households
d08,people_single_mother_household,2117.0,2024,households
d09,people_single_mother_household,3754.0,2024,households
d10,people_single_mother_household,20704.0,2024,households
d11,people_single_mother_household,11149.0,2024,households
d12,people_single_mother_household,9859.0,2024,households
d13,people_single_mother_household,5522.0,2024,households
d14,people_single_mother_household,9084.0,2024,households
d15,people_single_mother_household,6664.0,2024,households
d16,people_single_mother_household,9301.0,2024,households
d17,people_single_mother_household,5259.0,2024,households
d18,people_single_mother_household,5224.0,2024,households
d19,people_single_mother_household,8159.0,2024,households
d20,people_single_mother_household,8458.0,2024,households
d21,people_single_mother_household,19747.0,2024,households
d22,people_single_mother_household,22884.0,2024,households
d23,people_single_mother_household,11776.0,2024,households
d01,pharmacies_per_1000,1.27,2024,medical
d02,pharmacies_per_1000,0.21,2024,medical
d03,pharmacies_per_1000,0.17,2024,medical
d04,pharmacies_per_1000,0.21,2024,medical
d05,pharmacies_per_1000,0.17,2024,medical
d06,pharmacies_per_1000,0.22,2024,medical
d07,pharmacies_per_1000,0.29,2024,medical
d08,pharmacies_per_1000,0.2,2024,medical
d09,pharmacies_per_1000,0.31,2024,medical
d10,pharmacies_per_1000,0.14,2024,medical
d11,pharmacies_per_1000,0.11,2024,medical
d12,pharmacies_per_1000,0.16,2024,medical
d13,pharmacies_per_1000,0.14,2024,medical
d14,pharmacies_per_1000,0.15,2024,medical
d15,pharmacies_per_1000,0.18,2024,medical
d16,pharmacies_per_1000,0.15,2024,medical
d17,pharmacies_per_1000,0.19,2024,medical
d18,pharmacies_per_1000,0.21,2024,medical
d19,pharmacies_per_1000,0.16,2024,medical
d20,pharmacies_per_1000,0.15,2024,medical
d21,pharmacies_per_1000,0.14,2024,medical
d22,pharmacies_per_1000,0.12,2024,medical
d23,pharmacies_per_1000,0.17,2024,medical
d01,population,16281.0,2025,density
d02,population,112675.0,2025,density
d03,population,98881.0,2025,density
d04,population,33444.0,2025,density
d05,population,54581.0,2025,density
d06,population,31083.0,2025,density
d07,population,31330.0,2025,density
d08,population,24242.0,2025,density
d09,population,41664.0,2025,density
d10,population,223190.0,2025,density
d11,population,112149.0,2025,density
d12,population,102393.0,2025,density
d13,population,56108.0,2025,density
d14,population,99049.0,2025,density
d15,population,75902.0,2025,density
d16,population,102727.0,2025,density
d17,population,56767.0,2025,density
d18,population,51376.0,2025,density
d19,population,76074.0,2025,density
d20,population,86950.0,2025,density
d21,population,189551.0,2025,density
d22,population,228158.0,2025,density
d23,population,123714.0,2025,density
d01,population_density,5675.25,2025,density
d02,population_density,5855.68,2025,density
d03,population_density,13366.38,2025,density
d04,population_density,18839.48,2025,density
d05,population_density,27132.61,2025,density
d06,population_density,21362.25,2025,density
d07,population_density,19480.82,2025,density
d08,population_density,22241.48,2025,density
d09,population_density,14040.65,2025,density
d10,population_density,7012.26,2025,density
d11,population_density,4822.3,2025,density
d12,population_density,12636.04,2025,density
d13,population_density,1487.69,2025,density
d14,population_density,2933.63,2025,density
d15,population_density,19370.35,2025,density
d16,population_density,11844.39,2025,density
d17,population_density,4983.41,2025,density
d18,population_density,8094.27,2025,density
d19,population_density,3049.81,2025,density
d20,population_density,15226.41,2025,density
d21,population_density,4265.01,2025,density
d22,population_density,2230.29,2025,density
d23,population_density,3858.62,2025,density
d01,road_area_m2,497188.0,2024,traffic_area
d02,road_area_m2,1081759.0,2024,traffic_area
d03,road_area_m2,928618.0,2024,traffic_area
d04,road_area_m2,267773.0,2024,traffic_area
d05,road_area_m2,379649.0,2024,traffic_area
d06,road_area_m2,232112.0,2024,traffic_area
d07,road_area_m2,206972.0,2024,traffic_area
d08,road_area_m2,168414.0,2024,traffic_area
d09,road_area_m2,478310.0,2024,traffic_area
d10,road_area_m2,1944527.0,2024,traffic_area
d11,road_area_m2,1264676.0,2024,traffic_area
d12,road_area_m2,922621.0,2024,traffic_area
d13,road_area_m2,1106986.0,2024,traffic_area
d14,road_area_m2,1382893.0,2024,traffic_area
d15,road_area_m2,599583.0,2024,traffic_area
d16,road_area_m2,815135.0,2024,traffic_area
d17,road_area_m2,645002.0,2024,traffic_area
d18,road_area_m2,566897.0,2024,traffic_area
d19,road_area_m2,1328497.0,2024,traffic_area
d20,road_area_m2,673293.0,2024,traffic_area
d21,road_area_m2,2477151.0,2024,traffic_area
d22,road_area_m2,3545902.0,2024,traffic_area
d23,road_area_m2,2085792.0,2024,traffic_area
d01,specialists_per_1000,25.76,2024,medical
d02,specialists_per_1000,1.69,2024,medical
d03,specialists_per_1000,2.25,2024,medical
d04,specialists_per_1000,3.89,2024,medical
d05,specialists_per_1000,1.84,2024,medical
d06,specialists_per_1000,4.87,2024,medical
d07,specialists_per_1000,4.44,2024,medical
d08,specialists_per_1000,11.76,2024,medical
d09,specialists_per_1000,11.94,2024,medical
d10,specialists_per_1000,0.56,2024,medical
d11,specialists_per_1000,0.52,2024,medical
d12,specialists_per_1000,1.05,2024,medical
d13,specialists_per_1000,5.12,2024,medical
d14,specialists_per_1000,1.52,2024,medical
d15,specialists_per_1000,1.03,2024,medical
d16,specialists_per_1000,1.01,2024,medical
d17,specialists_per_1000,2.7,2024,medical
d18,specialists_per_1000,5.64,2024,medical
d19,specialists_per_1000,5.72,2024,medical
d20,specialists_per_1000,0.87,2024,medical
d21,specialists_per_1000,0.77,2024,medical
d22,specialists_per_1000,0.98,2024,medical
d23,specialists_per_1000,1.08,2024,medical
d01,unemployed_per_1000,35.05,2023,unemployment
d02,unemployed_per_1000,96.55,2023,unemployment
d03,unemployed_per_1000,80.61,2023,unemployment
d04,unemployed_per_1000,78.41,2023,unemployment
d05,unemployed_per_1000,107.32,2023,unemployment
d06,unemployed_per_1000,74.36,2023,unemployment
d07,unemployed_per_1000,59.43,2023,unemployment
d08,unemployed_per_1000,53.03,2023,unemployment
d09,unemployed_per_1000,58.13,2023,unemployment
d10,unemployed_per_1000,142.87,2023,unemployment
d11,unemployed_per_1000,128.31,2023,unemployment
d12,unemployed_per_1000,131.65,2023,unemployment
d13,unemployed_per_1000,70.53,2023,unemployment
d14,unemployed_per_1000,95.85,2023,unemployment
d15,unemployed_per_1000,132.97,2023,unemployment
d16,unemployed_per_1000,117.49,2023,unemployment
d17,unemployed_per_1000,101.06,2023,unemployment
d18,unemployed_per_1000,66.28,2023,unemployment
d19,unemployed_per_1000,74.97,2023,unemployment
d20,unemployed_per_1000,137.44,2023,unemployment
d21,unemployed_per_1000,112.1,2023,unemployment
d22,unemployed_per_1000,83.14,2023,unemployment
d23,unemployed_per_1000,90.18,2023,unemployment
