wfs:PARKINFOOGD.3855694,4965.0
wfs:PARKINFOOGD.3855695,878.0
wfs:PARKINFOOGD.3855696,3256.0
wfs:PARKINFOOGD.3855697,2598.0
wfs:PARKINFOOGD.3855698,7157.0
wfs:PARKINFOOGD.3855699,12248.0
wfs:PARKINFOOGD.3855700,19604.0
wfs:PARKINFOOGD.3855701,924.0
wfs:PARKINFOOGD.3855702,27361.0
wfs:PARKINFOOGD.3855703,1057.0
wfs:PARKINFOOGD.3855704,4751.0
wfs:PARKINFOOGD.3855705,10199.0
wfs:PARKINFOOGD.3855706,104139.0
wfs:PARKINFOOGD.3855707,456.0
wfs:PARKINFOOGD.3855708,1066.0
wfs:PARKINFOOGD.3855709,603.0
wfs:PARKINFOOGD.3855710,3438.0
wfs:PARKINFOOGD.3855711,2206.0
wfs:PARKINFOOGD.3855712,1736.0
wfs:PARKINFOOGD.3855713,12207.0
wfs:PARKINFOOGD.3855714,1346.0
wfs:PARKINFOOGD.3855715,9708.0
wfs:PARKINFOOGD.3855716,4558.0
wfs:PARKINFOOGD.3855717,4485.0
wfs:PARKINFOOGD.3855718,2661.0
wfs:PARKINFOOGD.3855719,7360.0
wfs:PARKINFOOGD.3855720,5335.0
wfs:PARKINFOOGD.3855721,1127.0
wfs:PARKINFOOGD.3855722,4695.0
wfs:PARKINFOOGD.3855723,4994.0
wfs:PARKINFOOGD.3855724,10789.0
wfs:PARKINFOOGD.3855725,24759.0
wfs:PARKINFOOGD.3855726,38846.0
wfs:PARKINFOOGD.3855727,10360.0
wfs:PARKINFOOGD.3855728,7440.0
wfs:PARKINFOOGD.3855729,7495.0
wfs:PARKINFOOGD.3855730,440.0
wfs:PARKINFOOGD.3855731,3596.0
wfs:PARKINFOOGD.3855732,9127.0
wfs:PARKINFOOGD.3855733,5099.0
wfs:PARKINFOOGD.3855734,2623.0
wfs:PARKINFOOGD.3855735,662.0
wfs:PARKINFOOGD.3855736,1051.0
wfs:PARKINFOOGD.3855737,19516.0
wfs:PARKINFOOGD.3855738,4822.0
wfs:PARKINFOOGD.3855739,547.0
wfs:PARKINFOOGD.3855740,1233.0
wfs:PARKINFOOGD.3855741,2253.0
wfs:PARKINFOOGD.3855742,1418.0
wfs:PARKINFOOGD.3855743,845.0
wfs:PARKINFOOGD.3855744,1049.0
wfs:PARKINFOOGD.3855745,571.0
wfs:PARKINFOOGD.3855746,410.0
wfs:PARKINFOOGD.3855747,9333.0
wfs:PARKINFOOGD.3855748,945.0
wfs:PARKINFOOGD.3855749,1044.0
wfs:PARKINFOOGD.3855750,769.0
wfs:PARKINFOOGD.3855751,3440.0
wfs:PARKINFOOGD.3855752,743.0
wfs:PARKINFOOGD.3855753,615.0
wfs:PARKINFOOGD.3855754,1050.0
wfs:PARKINFOOGD.3855755,464.0
wfs:PARKINFOOGD.3855756,549.0
wfs:PARKINFOOGD.3855757,1221.0
wfs:PARKINFOOGD.3855758,4734.0
wfs:PARKINFOOGD.3855759,2462.0
wfs:PARKINFOOGD.3855794,3673.0
wfs:PARKINFOOGD.3855795,846.0
wfs:PARKINFOOGD.3855796,1122.0
wfs:PARKINFOOGD.3855797,1765.0
wfs:PARKINFOOGD.3855798,1024.0
wfs:PARKINFOOGD.3855799,1042.0
wfs:PARKINFOOGD.3855800,3191.0
wfs:PARKINFOOGD.3855801,43241.0
wfs:PARKINFOOGD.3855802,94692.0
wfs:PARKINFOOGD.3855803,82121.0
wfs:PARKINFOOGD.3855804,19004.0
wfs:PARKINFOOGD.3855805,171720.0
wfs:PARKINFOOGD.3855806,5128.0
wfs:PARKINFOOGD.3855807,4149.0
wfs:PARKINFOOGD.3855808,532.0
wfs:PARKINFOOGD.3855809,260.0
wfs:PARKINFOOGD.3855810,214030.0
wfs:PARKINFOOGD.3855811,6616.0
wfs:PARKINFOOGD.3855812,30337.0
wfs:PARKINFOOGD.3855813,4447.0
wfs:PARKINFOOGD.3855814,83323.0
wfs:PARKINFOOGD.3855815,14016.0
wfs:PARKINFOOGD.3855816,7179.0
wfs:PARKINFOOGD.3855817,3447.0
wfs:PARKINFOOGD.3855818,13363.0
wfs:PARKINFOOGD.3855819,491.0
wfs:PARKINFOOGD.3855820,7730.0
wfs:PARKINFOOGD.3855821,1984.0
wfs:PARKINFOOGD.3855822,11490.0
wfs:PARKINFOOGD.3855823,5804.0
wfs:PARKINFOOGD.3855824,5612.0
wfs:PARKINFOOGD.3855825,3846.0
wfs:PARKINFOOGD.3855826,11336.0
wfs:PARKINFOOGD.3855827,2984.0
wfs:PARKINFOOGD.3855828,2333.0
wfs:PARKINFOOGD.3855829,541.0
wfs:PARKINFOOGD.3855830,963.0
wfs:PARKINFOOGD.3855831,451.0
wfs:PARKINFOOGD.3855832,1017.0
wfs:PARKINFOOGD.3855833,6067.0
wfs:PARKINFOOGD.3855834,1527.0
wfs:PARKINFOOGD.3855835,5574.0
wfs:PARKINFOOGD.3855836,5572.0
wfs:PARKINFOOGD.3855837,2709.0
wfs:PARKINFOOGD.3855838,134338.0
wfs:PARKINFOOGD.3855839,5484.0
wfs:PARKINFOOGD.3855840,5142.0
wfs:PARKINFOOGD.3855841,31793.0
wfs:PARKINFOOGD.3855842,26072.0
wfs:PARKINFOOGD.3855843,1454.0
wfs:PARKINFOOGD.3855844,2138.0
wfs:PARKINFOOGD.3855845,20269.0
wfs:PARKINFOOGD.3855846,4486.0
wfs:PARKINFOOGD.3855847,6097.0
wfs:PARKINFOOGD.3855848,2875.0
wfs:PARKINFOOGD.3855849,1736.0
wfs:PARKINFOOGD.3855850,5050.0
wfs:PARKINFOOGD.3855851,12515.0
wfs:PARKINFOOGD.3855852,1142.0
wfs:PARKINFOOGD.3855853,1527.0
wfs:PARKINFOOGD.3855854,5685.0
wfs:PARKINFOOGD.3855855,10395.0
wfs:PARKINFOOGD.3855856,6169.0
wfs:PARKINFOOGD.3855857,110517.0
wfs:PARKINFOOGD.3855858,3760.0
wfs:PARKINFOOGD.3855859,5042.0
wfs:PARKINFOOGD.3855860,1685.0
wfs:PARKINFOOGD.3855861,5422.0
wfs:PARKINFOOGD.3855862,3240.0
wfs:PARKINFOOGD.3855863,62551.0
wfs:PARKINFOOGD.3855864,989.0
wfs:PARKINFOOGD.3855865,708.0
wfs:PARKINFOOGD.3855866,20463.0
wfs:PARKINFOOGD.3855867,987.0
wfs:PARKINFOOGD.3855868,4899.0
wfs:PARKINFOOGD.3855869,1623.0
wfs:PARKINFOOGD.3855870,12891.0
wfs:PARKINFOOGD.3855871,844.0
wfs:PARKINFOOGD.3855872,4530.0
wfs:PARKINFOOGD.3855873,11238.0
wfs:PARKINFOOGD.3855874,1605.0
wfs:PARKINFOOGD.3855875,2819.0
wfs:PARKINFOOGD.3855876,2754.0
wfs:PARKINFOOGD.3855877,4094.0
wfs:PARKINFOOGD.3855878,1348.0
wfs:PARKINFOOGD.3855879,1472.0
wfs:PARKINFOOGD.3855880,6372.0
wfs:PARKINFOOGD.3855881,4855.0
wfs:PARKINFOOGD.3855882,51679.0
wfs:PARKINFOOGD.3855883,2411.0
wfs:PARKINFOOGD.3855884,1740.0
wfs:PARKINFOOGD.3855885,3616.0
wfs:PARKINFOOGD.3855886,3048.0
wfs:PARKINFOOGD.3855887,215206.0
wfs:PARKINFOOGD.3855888,6386.0
wfs:PARKINFOOGD.3855889,5297.0
wfs:PARKINFOOGD.3855890,3502.0
wfs:PARKINFOOGD.3855891,2594.0
wfs:PARKINFOOGD.3855892,4737.0
wfs:PARKINFOOGD.3855893,10845.0
wfs:PARKINFOOGD.3855894,5785.0
wfs:PARKINFOOGD.3855895,872.0
wfs:PARKINFOOGD.3855896,5264.0
wfs:PARKINFOOGD.3855897,4817.0
wfs:PARKINFOOGD.3855898,2115.0
wfs:PARKINFOOGD.3855899,4836.0
wfs:PARKINFOOGD.3855900,8346.0
wfs:PARKINFOOGD.3855901,2436.0
wfs:PARKINFOOGD.3855902,1451.0
wfs:PARKINFOOGD.3855903,2433.0
wfs:PARKINFOOGD.3855904,1273.0
wfs:PARKINFOOGD.3855905,6546.0
wfs:PARKINFOOGD.3855906,21510.0
wfs:PARKINFOOGD.3855907,14714.0
wfs:PARKINFOOGD.3855908,6222.0
wfs:PARKINFOOGD.3855909,10294.0
wfs:PARKINFOOGD.3855910,4395.0
wfs:PARKINFOOGD.3855911,4689.0
wfs:PARKINFOOGD.3855912,34047.0
wfs:PARKINFOOGD.3855913,4523.0
wfs:PARKINFOOGD.3855914,5287.0
wfs:PARKINFOOGD.3855915,1387.0
wfs:PARKINFOOGD.3855916,8749.0
wfs:PARKINFOOGD.3855917,6634.0
wfs:PARKINFOOGD.3855918,1453.0
wfs:PARKINFOOGD.3855919,841.0
wfs:PARKINFOOGD.3855920,993.0
wfs:PARKINFOOGD.3855921,4265.0
wfs:PARKINFOOGD.3855922,17656.0
wfs:PARKINFOOGD.3855923,12148.0
wfs:PARKINFOOGD.3855924,1403.0
wfs:PARKINFOOGD.3855925,56607.0
wfs:PARKINFOOGD.3855926,2529.0
wfs:PARKINFOOGD.3855761,1458.0
wfs:PARKINFOOGD.3855762,1283.0
wfs:PARKINFOOGD.3855763,1655.0
wfs:PARKINFOOGD.3855764,3161.0
wfs:PARKINFOOGD.3855765,609.0
wfs:PARKINFOOGD.3855766,909.0
wfs:PARKINFOOGD.3855767,95.0
wfs:PARKINFOOGD.3855768,5655.0
wfs:PARKINFOOGD.3855769,5286.0
wfs:PARKINFOOGD.3855770,5987.0
wfs:PARKINFOOGD.3855771,3391.0
wfs:PARKINFOOGD.3855772,4097.0
wfs:PARKINFOOGD.3855773,1018.0
wfs:PARKINFOOGD.3855774,14106.0
wfs:PARKINFOOGD.3855775,1367.0
wfs:PARKINFOOGD.3855776,6993.0
wfs:PARKINFOOGD.3855777,417.0
wfs:PARKINFOOGD.3855778,1716.0
wfs:PARKINFOOGD.3855779,12235.0
wfs:PARKINFOOGD.3855780,1074.0
wfs:PARKINFOOGD.3855781,1891.0
wfs:PARKINFOOGD.3855782,2186.0
wfs:PARKINFOOGD.3855783,26980.0
wfs:PARKINFOOGD.3855784,928.0
wfs:PARKINFOOGD.3855785,17172.0
wfs:PARKINFOOGD.3855786,3931.0
wfs:PARKINFOOGD.3855787,6212.0
wfs:PARKINFOOGD.3855788,2476.0
wfs:PARKINFOOGD.3855789,3540.0
wfs:PARKINFOOGD.3855790,693.0
wfs:PARKINFOOGD.3855760,706.0
wfs:PARKINFOOGD.3855791,5130.0
wfs:PARKINFOOGD.3855792,1499.0
wfs:PARKINFOOGD.3855793,3428.0
wfs:PARKINFOOGD.3853743,7307.0
wfs:PARKINFOOGD.3853744,1099.0
wfs:PARKINFOOGD.3855505,5843.0
wfs:PARKINFOOGD.3855506,0.0
wfs:PARKINFOOGD.3855507,904.0
wfs:PARKINFOOGD.3855508,360.0
wfs:PARKINFOOGD.3855509,1954.0
wfs:PARKINFOOGD.3855510,5288.0
wfs:PARKINFOOGD.3855511,3387.0
wfs:PARKINFOOGD.3855512,21477.0
wfs:PARKINFOOGD.3855513,4276.0
wfs:PARKINFOOGD.3855514,6261.0
wfs:PARKINFOOGD.3855515,1576.0
wfs:PARKINFOOGD.3855516,2353.0
wfs:PARKINFOOGD.3855517,563.0
wfs:PARKINFOOGD.3855518,6459.0
wfs:PARKINFOOGD.3855519,2015.0
wfs:PARKINFOOGD.3855520,3084.0
wfs:PARKINFOOGD.3855521,258.0
wfs:PARKINFOOGD.3855522,5975.0
wfs:PARKINFOOGD.3855523,4789.0
wfs:PARKINFOOGD.3855524,6839.0
wfs:PARKINFOOGD.3855525,38509.0
wfs:PARKINFOOGD.3855526,4003.0
wfs:PARKINFOOGD.3855527,331.0
wfs:PARKINFOOGD.3855528,529.0
wfs:PARKINFOOGD.3855529,15875.0
wfs:PARKINFOOGD.3855530,1763.0
wfs:PARKINFOOGD.3855531,5270.0
wfs:PARKINFOOGD.3855532,906.0
wfs:PARKINFOOGD.3855533,2070.0
wfs:PARKINFOOGD.3855534,14396.0
wfs:PARKINFOOGD.3855535,3665.0
wfs:PARKINFOOGD.3855536,625.0
wfs:PARKINFOOGD.3855537,2111.0
wfs:PARKINFOOGD.3855538,4701.0
wfs:PARKINFOOGD.3855539,21450.0
wfs:PARKINFOOGD.3855540,30200.0
wfs:PARKINFOOGD.3855541,1169.0
wfs:PARKINFOOGD.3855542,4412.0
wfs:PARKINFOOGD.3855543,4329.0
wfs:PARKINFOOGD.3855544,11248.0
wfs:PARKINFOOGD.3855545,2342.0
wfs:PARKINFOOGD.3855546,1608.0
wfs:PARKINFOOGD.3855547,12988.0
wfs:PARKINFOOGD.3855548,1127.0
wfs:PARKINFOOGD.3855549,4586.0
wfs:PARKINFOOGD.3855550,2453.0
wfs:PARKINFOOGD.3855551,2016.0
wfs:PARKINFOOGD.3855552,4665.0
wfs:PARKINFOOGD.3855553,1439.0
wfs:PARKINFOOGD.3855554,3611.0
wfs:PARKINFOOGD.3855555,2489.0
wfs:PARKINFOOGD.3855556,2556.0
wfs:PARKINFOOGD.3855557,370.0
wfs:PARKINFOOGD.3855558,9731.0
wfs:PARKINFOOGD.3855559,14499.0
wfs:PARKINFOOGD.3855560,757.0
wfs:PARKINFOOGD.3855561,7145.0
wfs:PARKINFOOGD.3855562,879.0
wfs:PARKINFOOGD.3855563,1837.0
wfs:PARKINFOOGD.3855564,911.0
wfs:PARKINFOOGD.3855565,3771.0
wfs:PARKINFOOGD.3855566,2500.0
wfs:PARKINFOOGD.3855567,4337.0
wfs:PARKINFOOGD.3855568,10653.0
wfs:PARKINFOOGD.3855569,1887.0
wfs:PARKINFOOGD.3855570,3507.0
wfs:PARKINFOOGD.3855571,1785.0
wfs:PARKINFOOGD.3855572,6644.0
wfs:PARKINFOOGD.3855573,157886.0
wfs:PARKINFOOGD.3855574,972.0
wfs:PARKINFOOGD.3855575,1269.0
wfs:PARKINFOOGD.3855576,3422.0
wfs:PARKINFOOGD.3855577,320.0
wfs:PARKINFOOGD.3855578,4341.0
wfs:PARKINFOOGD.3855579,1375.0
wfs:PARKINFOOGD.3855580,545.0
wfs:PARKINFOOGD.3855581,945.0
wfs:PARKINFOOGD.3855582,1450.0
wfs:PARKINFOOGD.3855583,6356.0
wfs:PARKINFOOGD.3855584,5006.0
wfs:PARKINFOOGD.3855585,1089.0
wfs:PARKINFOOGD.3855586,718.0
wfs:PARKINFOOGD.3855587,2655.0
wfs:PARKINFOOGD.3855588,3630.0
wfs:PARKINFOOGD.3855589,2461.0
wfs:PARKINFOOGD.3855590,7669.0
wfs:PARKINFOOGD.3855591,743.0
wfs:PARKINFOOGD.3855592,173.0
wfs:PARKINFOOGD.3855593,2189.0
wfs:PARKINFOOGD.3855594,3009.0
wfs:PARKINFOOGD.3855595,2555.0
wfs:PARKINFOOGD.3855596,2947.0
wfs:PARKINFOOGD.3855597,23.0
wfs:PARKINFOOGD.3855598,6771.0
wfs:PARKINFOOGD.3855599,282.0
wfs:PARKINFOOGD.3855600,2194.0
wfs:PARKINFOOGD.3855601,2862.0
wfs:PARKINFOOGD.3855602,1011.0
wfs:PARKINFOOGD.3855603,1799.0
wfs:PARKINFOOGD.3855604,3547.0
wfs:PARKINFOOGD.3855605,760.0
wfs:PARKINFOOGD.3855606,5956.0
wfs:PARKINFOOGD.3855607,5367.0
wfs:PARKINFOOGD.3855608,658.0
wfs:PARKINFOOGD.3855609,725.0
wfs:PARKINFOOGD.3855610,2427.0
wfs:PARKINFOOGD.3855611,13660.0
wfs:PARKINFOOGD.3855612,7163.0
wfs:PARKINFOOGD.3855613,391.0
wfs:PARKINFOOGD.3855614,3891.0
wfs:PARKINFOOGD.3855615,10010.0
wfs:PARKINFOOGD.3855616,9879.0
wfs:PARKINFOOGD.3855617,7596.0
wfs:PARKINFOOGD.3855618,13458.0
wfs:PARKINFOOGD.3855619,2609.0
wfs:PARKINFOOGD.3855620,48190.0
wfs:PARKINFOOGD.3855621,51908.0
wfs:PARKINFOOGD.3855622,1469.0
wfs:PARKINFOOGD.3855623,2928.0
wfs:PARKINFOOGD.3855624,7769.0
wfs:PARKINFOOGD.3855625,10417.0
wfs:PARKINFOOGD.3855626,972.0
wfs:PARKINFOOGD.3855627,1225.0
wfs:PARKINFOOGD.3855628,5934.0
wfs:PARKINFOOGD.3855629,3317.0
wfs:PARKINFOOGD.3855630,90051.0
wfs:PARKINFOOGD.3855631,1865.0
wfs:PARKINFOOGD.3855632,2377.0
wfs:PARKINFOOGD.3855633,26170.0
wfs:PARKINFOOGD.3855634,295.0
wfs:PARKINFOOGD.3855635,15971.0
wfs:PARKINFOOGD.3855636,141396.0
wfs:PARKINFOOGD.3855637,4184.0
wfs:PARKINFOOGD.3855638,1417.0
wfs:PARKINFOOGD.3855639,1843.0
wfs:PARKINFOOGD.3855640,681.0
wfs:PARKINFOOGD.3855641,7134.0
wfs:PARKINFOOGD.3855642,6037.0
wfs:PARKINFOOGD.3855643,31319.0
wfs:PARKINFOOGD.3855644,9383.0
wfs:PARKINFOOGD.3855645,9852.0
wfs:PARKINFOOGD.3855646,1699.0
wfs:PARKINFOOGD.3855647,3132.0
wfs:PARKINFOOGD.3855648,4919.0
wfs:PARKINFOOGD.3855649,4748.0
wfs:PARKINFOOGD.3855650,2438.0
wfs:PARKINFOOGD.3855651,6359.0
wfs:PARKINFOOGD.3855652,6120.0
wfs:PARKINFOOGD.3855653,4077.0
wfs:PARKINFOOGD.3855654,2871.0
wfs:PARKINFOOGD.3855655,33768.0
wfs:PARKINFOOGD.3855656,395.0
wfs:PARKINFOOGD.3855657,2004.0
wfs:PARKINFOOGD.3855658,9650.0
wfs:PARKINFOOGD.3855659,126.0
wfs:PARKINFOOGD.3855660,369.0
wfs:PARKINFOOGD.3855661,1838.0
wfs:PARKINFOOGD.3855662,5132.0
wfs:PARKINFOOGD.3855663,5658.0
wfs:PARKINFOOGD.3855664,52838.0
wfs:PARKINFOOGD.3855665,2073.0
wfs:PARKINFOOGD.3855666,32352.0
wfs:PARKINFOOGD.3855667,7428.0
wfs:PARKINFOOGD.3855668,4467.0
wfs:PARKINFOOGD.3855669,3855.0
wfs:PARKINFOOGD.3855670,771.0
wfs:PARKINFOOGD.3855671,799.0
wfs:PARKINFOOGD.3855672,4862.0
wfs:PARKINFOOGD.3855673,6311.0
wfs:PARKINFOOGD.3855674,3229.0
wfs:PARKINFOOGD.3855675,1936.0
wfs:PARKINFOOGD.3855676,2801.0
wfs:PARKINFOOGD.3855677,16179.0
wfs:PARKINFOOGD.3855678,4413.0
wfs:PARKINFOOGD.3855679,847.0
wfs:PARKINFOOGD.3855680,908.0
wfs:PARKINFOOGD.3855681,22087.0
wfs:PARKINFOOGD.3855682,3301.0
wfs:PARKINFOOGD.3855683,5704.0
wfs:PARKINFOOGD.3855684,554.0
wfs:PARKINFOOGD.3855685,14552.0
wfs:PARKINFOOGD.3855686,228478.0
wfs:PARKINFOOGD.3855687,2172.0
wfs:PARKINFOOGD.3855688,2560.0
wfs:PARKINFOOGD.3855689,901.0
wfs:PARKINFOOGD.3855690,8807.0
wfs:PARKINFOOGD.3855691,844.0
wfs:PARKINFOOGD.3855692,1776.0
wfs:PARKINFOOGD.3855693,3887.0
wfs:PARKINFOOGD.3856158,2970.0
wfs:PARKINFOOGD.3856159,10577.0
wfs:PARKINFOOGD.3856160,1514.0
wfs:PARKINFOOGD.3856161,3841.0
wfs:PARKINFOOGD.3856162,7034.0
wfs:PARKINFOOGD.3856163,21705.0
wfs:PARKINFOOGD.3856164,18986.0
wfs:PARKINFOOGD.3856165,581.0
wfs:PARKINFOOGD.3856166,743.0
wfs:PARKINFOOGD.3856167,13156.0
wfs:PARKINFOOGD.3856168,10576.0
wfs:PARKINFOOGD.3856169,15883.0
wfs:PARKINFOOGD.3856170,7907.0
wfs:PARKINFOOGD.3856171,1597.0
wfs:PARKINFOOGD.3856172,1517.0
wfs:PARKINFOOGD.3856173,1766.0
wfs:PARKINFOOGD.3856174,3497.0
wfs:PARKINFOOGD.3856175,17219.0
wfs:PARKINFOOGD.3856176,6503.0
wfs:PARKINFOOGD.3856177,10809.0
wfs:PARKINFOOGD.3856178,3159.0
wfs:PARKINFOOGD.3856179,34840.0
wfs:PARKINFOOGD.3856180,7935.0
wfs:PARKINFOOGD.3856181,1179.0
wfs:PARKINFOOGD.3856182,10112.0
wfs:PARKINFOOGD.3856183,12603.0
wfs:PARKINFOOGD.3856184,1267.0
wfs:PARKINFOOGD.3856185,2627.0
wfs:PARKINFOOGD.3856186,1299.0
wfs:PARKINFOOGD.3856187,27206.0
wfs:PARKINFOOGD.3856188,34761.0
wfs:PARKINFOOGD.3856189,161703.0
wfs:PARKINFOOGD.3856190,2551.0
wfs:PARKINFOOGD.3856355,199919.0
wfs:PARKINFOOGD.3856356,6655.0
wfs:PARKINFOOGD.3856357,15385.0
wfs:PARKINFOOGD.3856358,25130.0
wfs:PARKINFOOGD.3856359,73764.0
wfs:PARKINFOOGD.3856360,13681.0
wfs:PARKINFOOGD.3856361,19150.0
wfs:PARKINFOOGD.3856362,1055.0
wfs:PARKINFOOGD.3856363,448.0
wfs:PARKINFOOGD.3856364,651.0
wfs:PARKINFOOGD.3856365,2483.0
wfs:PARKINFOOGD.3856366,3293.0
wfs:PARKINFOOGD.3856367,5066.0
wfs:PARKINFOOGD.3856368,7969.0
wfs:PARKINFOOGD.3856369,7734.0
wfs:PARKINFOOGD.3856370,328.0
wfs:PARKINFOOGD.3856371,3128.0
wfs:PARKINFOOGD.3856372,8161.0
wfs:PARKINFOOGD.3856373,22365.0
wfs:PARKINFOOGD.3856374,2127.0
wfs:PARKINFOOGD.3856375,35781.0
wfs:PARKINFOOGD.3856376,3479.0
wfs:PARKINFOOGD.3856377,18373.0
wfs:PARKINFOOGD.3856378,7940.0
wfs:PARKINFOOGD.3856379,8055.0
wfs:PARKINFOOGD.3856380,5392.0
wfs:PARKINFOOGD.3856381,839.0
wfs:PARKINFOOGD.3856382,2176.0
wfs:PARKINFOOGD.3856383,3755.0
wfs:PARKINFOOGD.3856384,4082.0
wfs:PARKINFOOGD.3856385,1667.0
wfs:PARKINFOOGD.3856418,151547.0
wfs:PARKINFOOGD.3856419,672.0
wfs:PARKINFOOGD.3856420,88.0
wfs:PARKINFOOGD.3856421,34.0
wfs:PARKINFOOGD.3856422,282.0
wfs:PARKINFOOGD.3856423,3554.0
wfs:PARKINFOOGD.3856424,115236.0
wfs:PARKINFOOGD.3856425,2220.0
wfs:PARKINFOOGD.3856426,14459.0
wfs:PARKINFOOGD.3856427,857.0
wfs:PARKINFOOGD.3856428,3143.0
wfs:PARKINFOOGD.3856429,2714.0
wfs:PARKINFOOGD.3856430,1508.0
wfs:PARKINFOOGD.3856431,2390.0
wfs:PARKINFOOGD.3856432,1859.0
wfs:PARKINFOOGD.3856433,36304.0
wfs:PARKINFOOGD.3856434,5764.0
wfs:PARKINFOOGD.3856435,1226.0
wfs:PARKINFOOGD.3856436,6787.0
wfs:PARKINFOOGD.3856437,6486.0
wfs:PARKINFOOGD.3856438,578.0
wfs:PARKINFOOGD.3856439,749.0
wfs:PARKINFOOGD.3856440,965.0
wfs:PARKINFOOGD.3856441,1012.0
wfs:PARKINFOOGD.3856442,1228.0
wfs:PARKINFOOGD.3856443,3074.0
wfs:PARKINFOOGD.3856444,23677.0
wfs:PARKINFOOGD.3856445,645.0
wfs:PARKINFOOGD.3856446,4383.0
wfs:PARKINFOOGD.3856447,1190.0
wfs:PARKINFOOGD.3856448,4462.0
wfs:PARKINFOOGD.3856449,17456.0
wfs:PARKINFOOGD.3856450,739.0
wfs:PARKINFOOGD.3856451,451.0
wfs:PARKINFOOGD.3856452,5812.0
wfs:PARKINFOOGD.3856453,13828.0
wfs:PARKINFOOGD.3856454,26027.0
wfs:PARKINFOOGD.3856455,8926.0
wfs:PARKINFOOGD.3856456,1242.0
wfs:PARKINFOOGD.3856457,3534.0
wfs:PARKINFOOGD.3856458,11891.0
wfs:PARKINFOOGD.3856459,3335.0
wfs:PARKINFOOGD.3856460,606203.0
wfs:PARKINFOOGD.3856461,7911.0
wfs:PARKINFOOGD.3856462,6175.0
wfs:PARKINFOOGD.3856463,21757.0
wfs:PARKINFOOGD.3856464,3645.0
wfs:PARKINFOOGD.3856465,350088.0
wfs:PARKINFOOGD.3856466,2688.0
wfs:PARKINFOOGD.3856467,6069.0
wfs:PARKINFOOGD.3856468,59431.0
wfs:PARKINFOOGD.3856469,4788.0
wfs:PARKINFOOGD.3856470,3828.0
wfs:PARKINFOOGD.3856471,3352.0
wfs:PARKINFOOGD.3856472,7099.0
wfs:PARKINFOOGD.3856473,9166.0
wfs:PARKINFOOGD.3856474,1317.0
wfs:PARKINFOOGD.3856475,1691.0
wfs:PARKINFOOGD.3856476,7515.0
wfs:PARKINFOOGD.3856477,41531.0
wfs:PARKINFOOGD.3856478,192.0
wfs:PARKINFOOGD.3856479,3237.0
wfs:PARKINFOOGD.3856480,677.0
wfs:PARKINFOOGD.3856481,4526.0
wfs:PARKINFOOGD.3856482,6314.0
wfs:PARKINFOOGD.3856515,3887.0
wfs:PARKINFOOGD.3856516,4166.0
wfs:PARKINFOOGD.3856517,749.0
wfs:PARKINFOOGD.3856518,59.0
wfs:PARKINFOOGD.3856519,383.0
wfs:PARKINFOOGD.3856520,309.0
wfs:PARKINFOOGD.3856521,359.0
wfs:PARKINFOOGD.3856522,290.0
wfs:PARKINFOOGD.3856523,386.0
wfs:PARKINFOOGD.3856524,266.0
wfs:PARKINFOOGD.3856525,762.0
wfs:PARKINFOOGD.3856526,2302.0
wfs:PARKINFOOGD.3856527,667.0
wfs:PARKINFOOGD.3856528,178.0
wfs:PARKINFOOGD.3856529,87.0
wfs:PARKINFOOGD.3856530,146.0
wfs:PARKINFOOGD.3856531,631.0
wfs:PARKINFOOGD.3856532,434.0
wfs:PARKINFOOGD.3856533,818.0
wfs:PARKINFOOGD.3856534,663.0
wfs:PARKINFOOGD.3856535,50.0
wfs:PARKINFOOGD.3856536,616.0
wfs:PARKINFOOGD.3856537,253.0
wfs:PARKINFOOGD.3856538,1466.0
wfs:PARKINFOOGD.3856539,907.0
wfs:PARKINFOOGD.3856540,163.0
wfs:PARKINFOOGD.3856541,187.0
wfs:PARKINFOOGD.3856542,405.0
wfs:PARKINFOOGD.3856543,105.0
wfs:PARKINFOOGD.3856544,524.0
wfs:PARKINFOOGD.3856545,772.0
wfs:PARKINFOOGD.3856546,594.0
wfs:PARKINFOOGD.3856547,518.0
wfs:PARKINFOOGD.3856548,23409.0
wfs:PARKINFOOGD.3856549,226.0
wfs:PARKINFOOGD.3856550,2705.0
wfs:PARKINFOOGD.3856551,82.0
wfs:PARKINFOOGD.3856552,350.0
wfs:PARKINFOOGD.3856553,1075.0
wfs:PARKINFOOGD.3856554,1696.0
wfs:PARKINFOOGD.3856555,609.0
wfs:PARKINFOOGD.3856556,1492.0
wfs:PARKINFOOGD.3856483,751.0
wfs:PARKINFOOGD.3856484,5026.0
wfs:PARKINFOOGD.3856485,1072.0
wfs:PARKINFOOGD.3856486,35826.0
wfs:PARKINFOOGD.3856487,1271.0
wfs:PARKINFOOGD.3856488,15311.0
wfs:PARKINFOOGD.3856489,564.0
wfs:PARKINFOOGD.3856490,51939.0
wfs:PARKINFOOGD.3856491,3371.0
wfs:PARKINFOOGD.3856492,956.0
wfs:PARKINFOOGD.3856493,16452.0
wfs:PARKINFOOGD.3856494,2960.0
wfs:PARKINFOOGD.3856495,6494.0
wfs:PARKINFOOGD.3856496,40495.0
wfs:PARKINFOOGD.3856497,6106.0
wfs:PARKINFOOGD.3856498,5651.0
wfs:PARKINFOOGD.3856499,8985.0
wfs:PARKINFOOGD.3856500,16100.0
wfs:PARKINFOOGD.3856501,5664.0
wfs:PARKINFOOGD.3856502,10983.0
wfs:PARKINFOOGD.3856503,1202.0
wfs:PARKINFOOGD.3856504,3813.0
wfs:PARKINFOOGD.3856505,9417.0
wfs:PARKINFOOGD.3856506,14314.0
wfs:PARKINFOOGD.3856507,7764.0
wfs:PARKINFOOGD.3856508,5221.0
wfs:PARKINFOOGD.3856509,6318.0
wfs:PARKINFOOGD.3856510,82799.0
wfs:PARKINFOOGD.3856511,1327.0
wfs:PARKINFOOGD.3856512,57561.0
wfs:PARKINFOOGD.3856513,247.0
wfs:PARKINFOOGD.3856514,1308.0
wfs:PARKINFOOGD.3856386,2842.0
wfs:PARKINFOOGD.3856387,675.0
wfs:PARKINFOOGD.3856388,4958.0
wfs:PARKINFOOGD.3856389,4018.0
wfs:PARKINFOOGD.3856390,2224.0
wfs:PARKINFOOGD.3856391,113485.0
wfs:PARKINFOOGD.3856392,16630.0
wfs:PARKINFOOGD.3856393,28414.0
wfs:PARKINFOOGD.3856394,57193.0
wfs:PARKINFOOGD.3856395,1393.0
wfs:PARKINFOOGD.3856396,4304.0
wfs:PARKINFOOGD.3856397,2625.0
wfs:PARKINFOOGD.3856398,2141.0
wfs:PARKINFOOGD.3856399,9759.0
wfs:PARKINFOOGD.3856400,9435.0
wfs:PARKINFOOGD.3856401,5226.0
wfs:PARKINFOOGD.3856402,3020.0
wfs:PARKINFOOGD.3856403,3194.0
wfs:PARKINFOOGD.3856404,5091.0
wfs:PARKINFOOGD.3856405,2092.0
wfs:PARKINFOOGD.3856406,10118.0
wfs:PARKINFOOGD.3856407,6151.0
wfs:PARKINFOOGD.3856408,7605.0
wfs:PARKINFOOGD.3856409,1003.0
wfs:PARKINFOOGD.3856410,144498.0
wfs:PARKINFOOGD.3856411,1509.0
wfs:PARKINFOOGD.3856412,3433.0
wfs:PARKINFOOGD.3856413,21844.0
wfs:PARKINFOOGD.3856414,8745.0
wfs:PARKINFOOGD.3856415,124081.0
wfs:PARKINFOOGD.3856416,8126.0
wfs:PARKINFOOGD.3856417,634043.0
wfs:PARKINFOOGD.3856191,4747.0
wfs:PARKINFOOGD.3856192,1184.0
wfs:PARKINFOOGD.3856193,1536.0
wfs:PARKINFOOGD.3856194,436814.0
wfs:PARKINFOOGD.3856195,25794.0
wfs:PARKINFOOGD.3856196,68003.0
wfs:PARKINFOOGD.3856197,13313.0
wfs:PARKINFOOGD.3856198,27734.0
wfs:PARKINFOOGD.3856199,7381.0
wfs:PARKINFOOGD.3856200,359.0
wfs:PARKINFOOGD.3856201,298.0
wfs:PARKINFOOGD.3856202,1132.0
wfs:PARKINFOOGD.3856203,1145.0
wfs:PARKINFOOGD.3856204,3643.0
wfs:PARKINFOOGD.3856205,358.0
wfs:PARKINFOOGD.3856206,11727.0
wfs:PARKINFOOGD.3856207,1108.0
wfs:PARKINFOOGD.3856208,11523.0
wfs:PARKINFOOGD.3856209,225426.0
wfs:PARKINFOOGD.3856210,7207.0
wfs:PARKINFOOGD.3856211,10569.0
wfs:PARKINFOOGD.3856212,11084.0
wfs:PARKINFOOGD.3856213,2896.0
wfs:PARKINFOOGD.3856214,11659.0
wfs:PARKINFOOGD.3856215,2404.0
wfs:PARKINFOOGD.3856216,39190.0
wfs:PARKINFOOGD.3856217,593.0
wfs:PARKINFOOGD.3856218,6853.0
wfs:PARKINFOOGD.3856219,7506.0
wfs:PARKINFOOGD.3856220,828.0
wfs:PARKINFOOGD.3856221,1560.0
wfs:PARKINFOOGD.3856222,1534.0
wfs:PARKINFOOGD.3856223,538.0
wfs:PARKINFOOGD.3856224,9004.0
wfs:PARKINFOOGD.3856225,597.0
wfs:PARKINFOOGD.3856226,29172.0
wfs:PARKINFOOGD.3856227,350.0
wfs:PARKINFOOGD.3856228,262.0
wfs:PARKINFOOGD.3856229,165.0
wfs:PARKINFOOGD.3856230,690.0
wfs:PARKINFOOGD.3856231,63.0
wfs:PARKINFOOGD.3856232,22.0
wfs:PARKINFOOGD.3856233,28.0
wfs:PARKINFOOGD.3856234,2845.0
wfs:PARKINFOOGD.3856235,897.0
wfs:PARKINFOOGD.3856236,10079.0
wfs:PARKINFOOGD.3856237,10930.0
wfs:PARKINFOOGD.3856238,993.0
wfs:PARKINFOOGD.3856239,1700.0
wfs:PARKINFOOGD.3856240,5964.0
wfs:PARKINFOOGD.3856241,534.0
wfs:PARKINFOOGD.3856242,2429.0
wfs:PARKINFOOGD.3856243,1086.0
wfs:PARKINFOOGD.3856244,1859.0
wfs:PARKINFOOGD.3856245,899.0
wfs:PARKINFOOGD.3856246,4054.0
wfs:PARKINFOOGD.3856247,15991.0
wfs:PARKINFOOGD.3856248,207.0
wfs:PARKINFOOGD.3856249,1041.0
wfs:PARKINFOOGD.3856250,1352.0
wfs:PARKINFOOGD.3856251,5640.0
wfs:PARKINFOOGD.3856252,1933.0
wfs:PARKINFOOGD.3856253,1906.0
wfs:PARKINFOOGD.3856254,19853.0
wfs:PARKINFOOGD.3856255,5355.0
wfs:PARKINFOOGD.3856256,5796.0
wfs:PARKINFOOGD.3856257,2463.0
wfs:PARKINFOOGD.3856258,5077.0
wfs:PARKINFOOGD.3856259,7176.0
wfs:PARKINFOOGD.3856260,2036.0
wfs:PARKINFOOGD.3856261,2451.0
wfs:PARKINFOOGD.3856262,10599.0
wfs:PARKINFOOGD.3856263,4044.0
wfs:PARKINFOOGD.3856264,15945.0
wfs:PARKINFOOGD.3856265,4989.0
wfs:PARKINFOOGD.3856266,7408.0
wfs:PARKINFOOGD.3856267,16449.0
wfs:PARKINFOOGD.3856268,24919.0
wfs:PARKINFOOGD.3856269,4965.0
wfs:PARKINFOOGD.3856270,14844.0
wfs:PARKINFOOGD.3856271,17619.0
wfs:PARKINFOOGD.3856272,39431.0
wfs:PARKINFOOGD.3856273,37031.0
wfs:PARKINFOOGD.3856274,11591.0
wfs:PARKINFOOGD.3856275,10747.0
wfs:PARKINFOOGD.3856276,83495.0
wfs:PARKINFOOGD.3856277,29157.0
wfs:PARKINFOOGD.3856278,13986.0
wfs:PARKINFOOGD.3856279,9462.0
wfs:PARKINFOOGD.3856280,15192.0
wfs:PARKINFOOGD.3856281,42300.0
wfs:PARKINFOOGD.3856282,32015.0
wfs:PARKINFOOGD.3856283,15186.0
wfs:PARKINFOOGD.3856284,1431.0
wfs:PARKINFOOGD.3856285,1217.0
wfs:PARKINFOOGD.3856286,875.0
wfs:PARKINFOOGD.3856287,8181.0
wfs:PARKINFOOGD.3856288,3127.0
wfs:PARKINFOOGD.3856315,16795.0
wfs:PARKINFOOGD.3856316,22500.0
wfs:PARKINFOOGD.3856317,5007.0
wfs:PARKINFOOGD.3856318,10004.0
wfs:PARKINFOOGD.3856319,5756.0
wfs:PARKINFOOGD.3856320,791.0
wfs:PARKINFOOGD.3856321,33244.0
wfs:PARKINFOOGD.3856289,29198.0
wfs:PARKINFOOGD.3856290,2962.0
wfs:PARKINFOOGD.3856291,1911.0
wfs:PARKINFOOGD.3856292,501.0
wfs:PARKINFOOGD.3856293,1776.0
wfs:PARKINFOOGD.3856294,7776.0
wfs:PARKINFOOGD.3856295,10366.0
wfs:PARKINFOOGD.3856296,4196.0
wfs:PARKINFOOGD.3856297,269.0
wfs:PARKINFOOGD.3856298,573.0
wfs:PARKINFOOGD.3856299,1949.0
wfs:PARKINFOOGD.3856300,4209.0
wfs:PARKINFOOGD.3856301,26.0
wfs:PARKINFOOGD.3856302,51.0
wfs:PARKINFOOGD.3856303,104.0
wfs:PARKINFOOGD.3856304,220.0
wfs:PARKINFOOGD.3856305,87.0
wfs:PARKINFOOGD.3856306,1428.0
wfs:PARKINFOOGD.3856307,9801.0
wfs:PARKINFOOGD.3856308,15838.0
wfs:PARKINFOOGD.3856309,4254.0
wfs:PARKINFOOGD.3856310,9740.0
wfs:PARKINFOOGD.3856311,13739.0
wfs:PARKINFOOGD.3856312,598.0
wfs:PARKINFOOGD.3856313,2548.0
wfs:PARKINFOOGD.3856314,14641.0
wfs:PARKINFOOGD.3856322,5081.0
wfs:PARKINFOOGD.3856323,8891.0
wfs:PARKINFOOGD.3856324,4228.0
wfs:PARKINFOOGD.3856325,892.0
wfs:PARKINFOOGD.3856326,3416.0
wfs:PARKINFOOGD.3856327,943.0
wfs:PARKINFOOGD.3856328,29245.0
wfs:PARKINFOOGD.3856329,3089.0
wfs:PARKINFOOGD.3856330,2183.0
wfs:PARKINFOOGD.3856331,1229.0
wfs:PARKINFOOGD.3856332,3598.0
wfs:PARKINFOOGD.3856333,11728.0
wfs:PARKINFOOGD.3856334,8020.0
wfs:PARKINFOOGD.3856335,1412.0
wfs:PARKINFOOGD.3856336,11944.0
wfs:PARKINFOOGD.3856337,2152.0
wfs:PARKINFOOGD.3856338,6133.0
wfs:PARKINFOOGD.3856339,18228.0
wfs:PARKINFOOGD.3856340,2255.0
wfs:PARKINFOOGD.3856341,529.0
wfs:PARKINFOOGD.3856342,5848.0
wfs:PARKINFOOGD.3856343,10531.0
wfs:PARKINFOOGD.3856344,1216.0
wfs:PARKINFOOGD.3856345,9646.0
wfs:PARKINFOOGD.3856346,8973.0
wfs:PARKINFOOGD.3856347,14275.0
wfs:PARKINFOOGD.3856348,2997.0
wfs:PARKINFOOGD.3856349,1073.0
wfs:PARKINFOOGD.3856350,8391.0
wfs:PARKINFOOGD.3856351,1081.0
wfs:PARKINFOOGD.3856352,546.0
wfs:PARKINFOOGD.3856353,4358.0
wfs:PARKINFOOGD.3856354,273.0
wfs:PARKINFOOGD.3856092,7550.0
wfs:PARKINFOOGD.3856093,11267.0
wfs:PARKINFOOGD.3856094,8183.0
wfs:PARKINFOOGD.3856095,4557.0
wfs:PARKINFOOGD.3856096,8179.0
wfs:PARKINFOOGD.3856097,1327.0
wfs:PARKINFOOGD.3856098,5115.0
wfs:PARKINFOOGD.3856099,824.0
wfs:PARKINFOOGD.3856100,1446.0
wfs:PARKINFOOGD.3856101,1456.0
wfs:PARKINFOOGD.3856102,429.0
wfs:PARKINFOOGD.3856103,10145.0
wfs:PARKINFOOGD.3856104,327507.0
wfs:PARKINFOOGD.3856105,13891.0
wfs:PARKINFOOGD.3856106,4095.0
wfs:PARKINFOOGD.3856107,1191.0
wfs:PARKINFOOGD.3856108,4713.0
wfs:PARKINFOOGD.3856109,8055.0
wfs:PARKINFOOGD.3856110,6797.0
wfs:PARKINFOOGD.3856111,8966.0
wfs:PARKINFOOGD.3856112,4278.0
wfs:PARKINFOOGD.3856113,342.0
wfs:PARKINFOOGD.3856114,9852.0
wfs:PARKINFOOGD.3856115,2913.0
wfs:PARKINFOOGD.3856116,6116.0
wfs:PARKINFOOGD.3856117,12193.0
wfs:PARKINFOOGD.3856118,5712.0
wfs:PARKINFOOGD.3856119,2471.0
wfs:PARKINFOOGD.3856120,1528.0
wfs:PARKINFOOGD.3856121,586.0
wfs:PARKINFOOGD.3856122,1043.0
wfs:PARKINFOOGD.3856123,1183.0
wfs:PARKINFOOGD.3856124,11216.0
wfs:PARKINFOOGD.3856125,926.0
wfs:PARKINFOOGD.3856126,1858.0
wfs:PARKINFOOGD.3856127,17557.0
wfs:PARKINFOOGD.3856128,5897.0
wfs:PARKINFOOGD.3856129,1572.0
wfs:PARKINFOOGD.3856130,293.0
wfs:PARKINFOOGD.3856131,410.0
wfs:PARKINFOOGD.3856132,568.0
wfs:PARKINFOOGD.3856133,1366.0
wfs:PARKINFOOGD.3856134,108.0
wfs:PARKINFOOGD.3856135,246.0
wfs:PARKINFOOGD.3856136,882.0
wfs:PARKINFOOGD.3856137,780.0
wfs:PARKINFOOGD.3856138,739.0
wfs:PARKINFOOGD.3856139,31288.0
wfs:PARKINFOOGD.3856140,41.0
wfs:PARKINFOOGD.3856141,1328.0
wfs:PARKINFOOGD.3856142,7224.0
wfs:PARKINFOOGD.3856143,2467.0
wfs:PARKINFOOGD.3856144,65030.0
wfs:PARKINFOOGD.3856145,2434.0
wfs:PARKINFOOGD.3856146,5752.0
wfs:PARKINFOOGD.3856147,7006.0
wfs:PARKINFOOGD.3856148,966.0
wfs:PARKINFOOGD.3856149,2647.0
wfs:PARKINFOOGD.3856150,119.0
wfs:PARKINFOOGD.3856151,43450.0
wfs:PARKINFOOGD.3856152,116634.0
wfs:PARKINFOOGD.3856153,475754.0
wfs:PARKINFOOGD.3856154,3379.0
wfs:PARKINFOOGD.3856155,3305.0
wfs:PARKINFOOGD.3856156,2067.0
wfs:PARKINFOOGD.3856157,2917.0
wfs:PARKINFOOGD.3855927,3029.0
wfs:PARKINFOOGD.3855928,14528.0
wfs:PARKINFOOGD.3855929,4449.0
wfs:PARKINFOOGD.3855930,13493.0
wfs:PARKINFOOGD.3855931,4462.0
wfs:PARKINFOOGD.3855932,3247.0
wfs:PARKINFOOGD.3855933,5474.0
wfs:PARKINFOOGD.3855934,3373.0
wfs:PARKINFOOGD.3855935,22158.0
wfs:PARKINFOOGD.3855936,1311.0
wfs:PARKINFOOGD.3855937,5173.0
wfs:PARKINFOOGD.3855938,245.0
wfs:PARKINFOOGD.3855939,1175.0
wfs:PARKINFOOGD.3855940,830.0
wfs:PARKINFOOGD.3855941,5276.0
wfs:PARKINFOOGD.3855942,5228.0
wfs:PARKINFOOGD.3855943,2377.0
wfs:PARKINFOOGD.3855944,1390.0
wfs:PARKINFOOGD.3855945,9446.0
wfs:PARKINFOOGD.3855946,16175.0
wfs:PARKINFOOGD.3855947,1019.0
wfs:PARKINFOOGD.3855948,4706.0
wfs:PARKINFOOGD.3855949,310.0
wfs:PARKINFOOGD.3855950,2993.0
wfs:PARKINFOOGD.3855951,1262.0
wfs:PARKINFOOGD.3855952,237.0
wfs:PARKINFOOGD.3855953,3567.0
wfs:PARKINFOOGD.3855954,490.0
wfs:PARKINFOOGD.3855955,3721.0
wfs:PARKINFOOGD.3855956,900.0
wfs:PARKINFOOGD.3855957,2924.0
wfs:PARKINFOOGD.3855958,258.0
wfs:PARKINFOOGD.3855959,58590.0
wfs:PARKINFOOGD.3855961,689.0
wfs:PARKINFOOGD.3855962,667.0
wfs:PARKINFOOGD.3855963,379.0
wfs:PARKINFOOGD.3855964,54192.0
wfs:PARKINFOOGD.3855965,1128.0
wfs:PARKINFOOGD.3855966,3678.0
wfs:PARKINFOOGD.3855967,1079.0
wfs:PARKINFOOGD.3855968,2048.0
wfs:PARKINFOOGD.3855969,1898.0
wfs:PARKINFOOGD.3855970,1254.0
wfs:PARKINFOOGD.3855971,20260.0
wfs:PARKINFOOGD.3855972,801.0
wfs:PARKINFOOGD.3855973,189820.0
wfs:PARKINFOOGD.3855974,3534.0
wfs:PARKINFOOGD.3855975,2516.0
wfs:PARKINFOOGD.3855976,649.0
wfs:PARKINFOOGD.3855977,1026.0
wfs:PARKINFOOGD.3855978,3673.0
wfs:PARKINFOOGD.3855979,3125.0
wfs:PARKINFOOGD.3855980,421.0
wfs:PARKINFOOGD.3855981,8206.0
wfs:PARKINFOOGD.3855982,1243.0
wfs:PARKINFOOGD.3855983,1807.0
wfs:PARKINFOOGD.3855984,10470.0
wfs:PARKINFOOGD.3855985,4024.0
wfs:PARKINFOOGD.3855986,3882.0
wfs:PARKINFOOGD.3855987,4900.0
wfs:PARKINFOOGD.3855988,41305.0
wfs:PARKINFOOGD.3855989,2214.0
wfs:PARKINFOOGD.3855990,6903.0
wfs:PARKINFOOGD.3855991,1798.0
wfs:PARKINFOOGD.3855992,5180.0
wfs:PARKINFOOGD.3855993,1677.0
wfs:PARKINFOOGD.3855960,657.0
wfs:PARKINFOOGD.3855994,12233.0
wfs:PARKINFOOGD.3855995,8041.0
wfs:PARKINFOOGD.3855996,38927.0
wfs:PARKINFOOGD.3855997,19595.0
wfs:PARKINFOOGD.3855998,12140.0
wfs:PARKINFOOGD.3855999,605.0
wfs:PARKINFOOGD.3856000,545.0
wfs:PARKINFOOGD.3856001,389.0
wfs:PARKINFOOGD.3856002,1521.0
wfs:PARKINFOOGD.3856003,461.0
wfs:PARKINFOOGD.3856004,767.0
wfs:PARKINFOOGD.3856005,419.0
wfs:PARKINFOOGD.3856006,1780.0
wfs:PARKINFOOGD.3856007,171.0
wfs:PARKINFOOGD.3856008,47391.0
wfs:PARKINFOOGD.3856009,6599.0
wfs:PARKINFOOGD.3856010,846.0
wfs:PARKINFOOGD.3856011,7432.0
wfs:PARKINFOOGD.3856012,7405.0
wfs:PARKINFOOGD.3856013,3549.0
wfs:PARKINFOOGD.3856014,824.0
wfs:PARKINFOOGD.3856015,13358.0
wfs:PARKINFOOGD.3856016,4588.0
wfs:PARKINFOOGD.3856017,2787.0
wfs:PARKINFOOGD.3856018,1786.0
wfs:PARKINFOOGD.3856019,887.0
wfs:PARKINFOOGD.3856020,1253.0
wfs:PARKINFOOGD.3856021,4881.0
wfs:PARKINFOOGD.3856022,6266.0
wfs:PARKINFOOGD.3856023,523.0
wfs:PARKINFOOGD.3856024,8279.0
wfs:PARKINFOOGD.3856025,7847.0
wfs:PARKINFOOGD.3856026,20230.0
wfs:PARKINFOOGD.3856027,62020.0
wfs:PARKINFOOGD.3856028,8547.0
wfs:PARKINFOOGD.3856029,3419.0
wfs:PARKINFOOGD.3856030,17297.0
wfs:PARKINFOOGD.3856031,4817.0
wfs:PARKINFOOGD.3856032,4822.0
wfs:PARKINFOOGD.3856033,775.0
wfs:PARKINFOOGD.3856034,1720.0
wfs:PARKINFOOGD.3856035,3668.0
wfs:PARKINFOOGD.3856036,5870.0
wfs:PARKINFOOGD.3856037,4548.0
wfs:PARKINFOOGD.3856038,5883.0
wfs:PARKINFOOGD.3856039,450.0
wfs:PARKINFOOGD.3856040,2880.0
wfs:PARKINFOOGD.3856041,3614.0
wfs:PARKINFOOGD.3856042,7323.0
wfs:PARKINFOOGD.3856043,6437.0
wfs:PARKINFOOGD.3856044,4355.0
wfs:PARKINFOOGD.3856045,2330.0
wfs:PARKINFOOGD.3856046,2578.0
wfs:PARKINFOOGD.3856047,2147.0
wfs:PARKINFOOGD.3856048,1468.0
wfs:PARKINFOOGD.3856049,5876.0
wfs:PARKINFOOGD.3856050,1477.0
wfs:PARKINFOOGD.3856051,261.0
wfs:PARKINFOOGD.3856052,2085.0
wfs:PARKINFOOGD.3856053,6064.0
wfs:PARKINFOOGD.3856054,4204.0
wfs:PARKINFOOGD.3856055,18907.0
wfs:PARKINFOOGD.3856056,4191.0
wfs:PARKINFOOGD.3856057,2834.0
wfs:PARKINFOOGD.3856058,4305.0
wfs:PARKINFOOGD.3856059,9230.0
wfs:PARKINFOOGD.3856060,2559.0
wfs:PARKINFOOGD.3856061,2148.0
wfs:PARKINFOOGD.3856062,439.0
wfs:PARKINFOOGD.3856063,16925.0
wfs:PARKINFOOGD.3856064,8279.0
wfs:PARKINFOOGD.3856065,28845.0
wfs:PARKINFOOGD.3856066,3173.0
wfs:PARKINFOOGD.3856067,3102.0
wfs:PARKINFOOGD.3856068,3873.0
wfs:PARKINFOOGD.3856069,1289.0
wfs:PARKINFOOGD.3856070,15890.0
wfs:PARKINFOOGD.3856071,1639.0
wfs:PARKINFOOGD.3856072,3985.0
wfs:PARKINFOOGD.3856073,3181.0
wfs:PARKINFOOGD.3856074,3828.0
wfs:PARKINFOOGD.3856075,15560.0
wfs:PARKINFOOGD.3856076,4697.0
wfs:PARKINFOOGD.3856077,1174.0
wfs:PARKINFOOGD.3856078,1980.0
wfs:PARKINFOOGD.3856079,500.0
wfs:PARKINFOOGD.3856080,5356.0
wfs:PARKINFOOGD.3856081,3709.0
wfs:PARKINFOOGD.3856082,2323.0
wfs:PARKINFOOGD.3856083,543.0
wfs:PARKINFOOGD.3856084,293.0
wfs:PARKINFOOGD.3856085,843.0
wfs:PARKINFOOGD.3856086,2488.0
wfs:PARKINFOOGD.3856087,317.0
wfs:PARKINFOOGD.3856088,7044.0
wfs:PARKINFOOGD.3856089,3163.0
wfs:PARKINFOOGD.3856090,10286.0
wfs:PARKINFOOGD.3856091,10700.0
wfs:SPORTSTAETTENOGD.16353,2163.0
wfs:SPORTSTAETTENOGD.16354,995.0
wfs:SPORTSTAETTENOGD.16355,21260.0
wfs:SPORTSTAETTENOGD.16356,1200.0
wfs:SPORTSTAETTENOGD.16357,7600.0
wfs:SPORTSTAETTENOGD.16358,2200.0
wfs:SPORTSTAETTENOGD.16359,61778.0
wfs:SPORTSTAETTENOGD.16360,27010.0
wfs:SPORTSTAETTENOGD.16361,2605.0
wfs:SPORTSTAETTENOGD.16362,18480.0
wfs:SPORTSTAETTENOGD.16363,1800.0
wfs:SPORTSTAETTENOGD.16365,575.0
wfs:SPORTSTAETTENOGD.16366,1285.0
wfs:SPORTSTAETTENOGD.16367,1715.0
wfs:SPORTSTAETTENOGD.16368,755.0
wfs:SPORTSTAETTENOGD.16369,805.0
wfs:SPORTSTAETTENOGD.16370,6570.0
wfs:SPORTSTAETTENOGD.16371,32020.0
wfs:SPORTSTAETTENOGD.16372,3620.0
wfs:SPORTSTAETTENOGD.16373,700.0
wfs:SPORTSTAETTENOGD.16374,1200.0
wfs:SPORTSTAETTENOGD.16375,16914.0
wfs:SPORTSTAETTENOGD.16376,27600.0
wfs:SPORTSTAETTENOGD.16377,30.0
wfs:SPORTSTAETTENOGD.16378,3060.0
wfs:SPORTSTAETTENOGD.16379,6900.0
wfs:SPORTSTAETTENOGD.16380,21160.0
wfs:SPORTSTAETTENOGD.16381,1015.0
wfs:SPORTSTAETTENOGD.11144,1050.0
wfs:SPORTSTAETTENOGD.11145,71400.0
wfs:SPORTSTAETTENOGD.11146,585.0
wfs:SPORTSTAETTENOGD.11147,10000.0
wfs:SPORTSTAETTENOGD.11148,6420.0
wfs:SPORTSTAETTENOGD.11149,43200.0
wfs:SPORTSTAETTENOGD.11150,640.0
wfs:SPORTSTAETTENOGD.11151,7610.0
wfs:SPORTSTAETTENOGD.11152,210.0
wfs:SPORTSTAETTENOGD.11153,575.0
wfs:SPORTSTAETTENOGD.11154,18560.0
wfs:SPORTSTAETTENOGD.11155,780.0
wfs:SPORTSTAETTENOGD.11156,830.0
wfs:SPORTSTAETTENOGD.11157,520.0
wfs:SPORTSTAETTENOGD.11158,1350.0
wfs:SPORTSTAETTENOGD.11159,15400.0
wfs:SPORTSTAETTENOGD.11160,9180.0
wfs:SPORTSTAETTENOGD.11161,7130.0
wfs:SPORTSTAETTENOGD.11162,20952.0
wfs:SPORTSTAETTENOGD.11163,1488.0
wfs:SPORTSTAETTENOGD.11164,845.0
wfs:SPORTSTAETTENOGD.11165,720.0
wfs:SPORTSTAETTENOGD.11166,185.0
wfs:SPORTSTAETTENOGD.11167,6385.0
wfs:SPORTSTAETTENOGD.11168,850.0
wfs:SPORTSTAETTENOGD.11169,230.0
wfs:SPORTSTAETTENOGD.11170,210.0
wfs:SPORTSTAETTENOGD.11171,220.0
wfs:SPORTSTAETTENOGD.11172,355.0
wfs:SPORTSTAETTENOGD.11173,320.0
wfs:SPORTSTAETTENOGD.11174,135.0
wfs:SPORTSTAETTENOGD.11175,465.0
wfs:SPORTSTAETTENOGD.11176,300.0
wfs:SPORTSTAETTENOGD.11177,170.0
wfs:SPORTSTAETTENOGD.11178,100.0
wfs:SPORTSTAETTENOGD.11179,665.0
wfs:SPORTSTAETTENOGD.11180,230.0
wfs:SPORTSTAETTENOGD.11181,200.0
wfs:SPORTSTAETTENOGD.11182,115.0
wfs:SPORTSTAETTENOGD.11183,530.0
wfs:SPORTSTAETTENOGD.11184,11063.0
wfs:SPORTSTAETTENOGD.11185,100.0
wfs:SPORTSTAETTENOGD.11186,10200.0
wfs:SPORTSTAETTENOGD.11187,23164.0
wfs:SPORTSTAETTENOGD.11188,4780.0
wfs:SPORTSTAETTENOGD.11189,395.0
wfs:SPORTSTAETTENOGD.11190,120.0
wfs:SPORTSTAETTENOGD.11191,310.0
wfs:SPORTSTAETTENOGD.11192,9550.0
wfs:SPORTSTAETTENOGD.11193,1160.0
wfs:SPORTSTAETTENOGD.11194,3750.0
wfs:SPORTSTAETTENOGD.11195,2000.0
wfs:SPORTSTAETTENOGD.11196,690.0
wfs:SPORTSTAETTENOGD.11197,245.0
wfs:SPORTSTAETTENOGD.11198,470.0
wfs:SPORTSTAETTENOGD.11199,925.0
wfs:SPORTSTAETTENOGD.11200,80.0
wfs:SPORTSTAETTENOGD.16001,500.0
wfs:SPORTSTAETTENOGD.16002,136.0
wfs:SPORTSTAETTENOGD.16003,300.0
wfs:SPORTSTAETTENOGD.16004,300.0
wfs:SPORTSTAETTENOGD.16005,1000.0
wfs:SPORTSTAETTENOGD.16006,105170.0
wfs:SPORTSTAETTENOGD.16007,10630.0
wfs:SPORTSTAETTENOGD.16008,38580.0
wfs:SPORTSTAETTENOGD.16009,13137.0
wfs:SPORTSTAETTENOGD.16010,485.0
wfs:SPORTSTAETTENOGD.16011,2040.0
wfs:SPORTSTAETTENOGD.16012,65540.0
wfs:SPORTSTAETTENOGD.16013,42097.0
wfs:SPORTSTAETTENOGD.16014,3150.0
wfs:SPORTSTAETTENOGD.16015,3500.0
wfs:SPORTSTAETTENOGD.16016,34650.0
wfs:SPORTSTAETTENOGD.16017,520.0
wfs:SPORTSTAETTENOGD.16018,29380.0
wfs:SPORTSTAETTENOGD.16019,3400.0
wfs:SPORTSTAETTENOGD.16020,650.0
wfs:SPORTSTAETTENOGD.16021,12000.0
wfs:SPORTSTAETTENOGD.16022,780.0
wfs:SPORTSTAETTENOGD.16023,30000.0
wfs:SPORTSTAETTENOGD.16024,129702.0
wfs:SPORTSTAETTENOGD.16025,200.0
wfs:SPORTSTAETTENOGD.16026,560.0
wfs:SPORTSTAETTENOGD.16027,135.0
wfs:SPORTSTAETTENOGD.16028,945.0
wfs:SPORTSTAETTENOGD.16029,36970.0
wfs:SPORTSTAETTENOGD.16030,18400.0
wfs:SPORTSTAETTENOGD.16031,286340.0
wfs:SPORTSTAETTENOGD.16032,265.0
wfs:SPORTSTAETTENOGD.16033,815.0
wfs:SPORTSTAETTENOGD.16034,255.0
wfs:SPORTSTAETTENOGD.16035,17225.0
wfs:SPORTSTAETTENOGD.16036,1300.0
wfs:SPORTSTAETTENOGD.16037,40000.0
wfs:SPORTSTAETTENOGD.16038,4700.0
wfs:SPORTSTAETTENOGD.16039,240.0
wfs:SPORTSTAETTENOGD.16040,3622.0
wfs:SPORTSTAETTENOGD.16041,17680.0
wfs:SPORTSTAETTENOGD.16042,14810.0
wfs:SPORTSTAETTENOGD.16043,800.0
wfs:SPORTSTAETTENOGD.16044,33420.0
wfs:SPORTSTAETTENOGD.16045,3280.0
wfs:SPORTSTAETTENOGD.16046,5200.0
wfs:SPORTSTAETTENOGD.16047,3380.0
wfs:SPORTSTAETTENOGD.16048,645.0
wfs:SPORTSTAETTENOGD.16049,835.0
wfs:SPORTSTAETTENOGD.16050,28.0
wfs:SPORTSTAETTENOGD.16051,300.0
wfs:SPORTSTAETTENOGD.16052,1360.0
wfs:SPORTSTAETTENOGD.16053,250.0
wfs:SPORTSTAETTENOGD.16054,30861.0
wfs:SPORTSTAETTENOGD.16055,495.0
wfs:SPORTSTAETTENOGD.16056,50.0
wfs:SPORTSTAETTENOGD.16057,635.0
wfs:SPORTSTAETTENOGD.16058,30.0
wfs:SPORTSTAETTENOGD.16059,30.0
wfs:SPORTSTAETTENOGD.16060,2000.0
wfs:SPORTSTAETTENOGD.16061,27810.0
wfs:SPORTSTAETTENOGD.16062,370.0
wfs:SPORTSTAETTENOGD.16063,1150.0
wfs:SPORTSTAETTENOGD.16064,330.0
wfs:SPORTSTAETTENOGD.16065,270.0
wfs:SPORTSTAETTENOGD.16066,70.0
wfs:SPORTSTAETTENOGD.16067,3575.0
wfs:SPORTSTAETTENOGD.16068,1095.0
wfs:SPORTSTAETTENOGD.16069,24000.0
wfs:SPORTSTAETTENOGD.16070,40235.0
wfs:SPORTSTAETTENOGD.16071,135.0
wfs:SPORTSTAETTENOGD.16072,7334.0
wfs:SPORTSTAETTENOGD.16073,395.0
wfs:SPORTSTAETTENOGD.16074,1355.0
wfs:SPORTSTAETTENOGD.16075,9850.0
wfs:SPORTSTAETTENOGD.16076,13811.0
wfs:SPORTSTAETTENOGD.16077,14269.0
wfs:SPORTSTAETTENOGD.16078,1490.0
wfs:SPORTSTAETTENOGD.16079,1040.0
wfs:SPORTSTAETTENOGD.16080,590.0
wfs:SPORTSTAETTENOGD.16081,6240.0
wfs:SPORTSTAETTENOGD.16082,500.0
wfs:SPORTSTAETTENOGD.16083,11570.0
wfs:SPORTSTAETTENOGD.16084,25400.0
wfs:SPORTSTAETTENOGD.16085,2870.0
wfs:SPORTSTAETTENOGD.16086,1080.0
wfs:SPORTSTAETTENOGD.16087,22844.0
wfs:SPORTSTAETTENOGD.16088,1830.0
wfs:SPORTSTAETTENOGD.16089,33494.0
wfs:SPORTSTAETTENOGD.16090,10900.0
wfs:SPORTSTAETTENOGD.16091,430.0
wfs:SPORTSTAETTENOGD.16092,1340.0
wfs:SPORTSTAETTENOGD.16093,450.0
wfs:SPORTSTAETTENOGD.16094,110.0
wfs:SPORTSTAETTENOGD.16095,1344.0
wfs:SPORTSTAETTENOGD.16096,1015.0
wfs:SPORTSTAETTENOGD.16097,7564.0
wfs:SPORTSTAETTENOGD.16098,450.0
wfs:SPORTSTAETTENOGD.16099,13454.0
wfs:SPORTSTAETTENOGD.16100,405.0
wfs:SPORTSTAETTENOGD.16101,800.0
wfs:SPORTSTAETTENOGD.16102,14362.0
wfs:SPORTSTAETTENOGD.16103,1240.0
wfs:SPORTSTAETTENOGD.16104,225.0
wfs:SPORTSTAETTENOGD.16105,2770.0
wfs:SPORTSTAETTENOGD.16106,1800.0
wfs:SPORTSTAETTENOGD.16107,775.0
wfs:SPORTSTAETTENOGD.16108,11335.0
wfs:SPORTSTAETTENOGD.16109,4695.0
wfs:SPORTSTAETTENOGD.16110,1700.0
wfs:SPORTSTAETTENOGD.16111,2055.0
wfs:SPORTSTAETTENOGD.16112,385.0
wfs:SPORTSTAETTENOGD.16113,430.0
wfs:SPORTSTAETTENOGD.16114,270.0
wfs:SPORTSTAETTENOGD.16115,1470.0
wfs:SPORTSTAETTENOGD.16116,1235.0
wfs:SPORTSTAETTENOGD.16117,1346.0
wfs:SPORTSTAETTENOGD.16118,1418.0
wfs:SPORTSTAETTENOGD.16119,1170.0
wfs:SPORTSTAETTENOGD.16120,3000.0
wfs:SPORTSTAETTENOGD.16121,48250.0
wfs:SPORTSTAETTENOGD.16122,7080.0
wfs:SPORTSTAETTENOGD.16123,6470.0
wfs:SPORTSTAETTENOGD.16124,5400.0
wfs:SPORTSTAETTENOGD.16125,3960.0
wfs:SPORTSTAETTENOGD.16126,1910.0
wfs:SPORTSTAETTENOGD.16127,875.0
wfs:SPORTSTAETTENOGD.16128,9900.0
wfs:SPORTSTAETTENOGD.16129,12000.0
wfs:SPORTSTAETTENOGD.16130,36363.0
wfs:SPORTSTAETTENOGD.16131,3570.0
wfs:SPORTSTAETTENOGD.16132,370.0
wfs:SPORTSTAETTENOGD.16133,500.0
wfs:SPORTSTAETTENOGD.16134,560.0
wfs:SPORTSTAETTENOGD.16135,1165.0
wfs:SPORTSTAETTENOGD.16136,590.0
wfs:SPORTSTAETTENOGD.16137,65.0
wfs:SPORTSTAETTENOGD.16138,335.0
wfs:SPORTSTAETTENOGD.16139,290.0
wfs:SPORTSTAETTENOGD.16140,1268.0
wfs:SPORTSTAETTENOGD.16141,995.0
wfs:SPORTSTAETTENOGD.16142,300.0
wfs:SPORTSTAETTENOGD.16143,680.0
wfs:SPORTSTAETTENOGD.16144,320.0
wfs:SPORTSTAETTENOGD.16145,30.0
wfs:SPORTSTAETTENOGD.16146,800.0
wfs:SPORTSTAETTENOGD.16147,645.0
wfs:SPORTSTAETTENOGD.16148,350.0
wfs:SPORTSTAETTENOGD.16149,380.0
wfs:SPORTSTAETTENOGD.16150,455.0
wfs:SPORTSTAETTENOGD.16151,1380.0
wfs:SPORTSTAETTENOGD.16152,1015.0
wfs:SPORTSTAETTENOGD.16153,3965.0
wfs:SPORTSTAETTENOGD.16154,615.0
wfs:SPORTSTAETTENOGD.16155,480.0
wfs:SPORTSTAETTENOGD.16156,1145.0
wfs:SPORTSTAETTENOGD.16157,285.0
wfs:SPORTSTAETTENOGD.16158,10057.0
wfs:SPORTSTAETTENOGD.16159,5903.0
wfs:SPORTSTAETTENOGD.16160,46812.0
wfs:SPORTSTAETTENOGD.16161,2670.0
wfs:SPORTSTAETTENOGD.16162,2074.0
wfs:SPORTSTAETTENOGD.16163,57460.0
wfs:SPORTSTAETTENOGD.16164,10174.0
wfs:SPORTSTAETTENOGD.16165,605.0
wfs:SPORTSTAETTENOGD.16166,815.0
wfs:SPORTSTAETTENOGD.16167,425.0
wfs:SPORTSTAETTENOGD.16168,515.0
wfs:SPORTSTAETTENOGD.16169,1500.0
wfs:SPORTSTAETTENOGD.16170,1260.0
wfs:SPORTSTAETTENOGD.16171,92500.0
wfs:SPORTSTAETTENOGD.16172,23408.0
wfs:SPORTSTAETTENOGD.16173,37180.0
wfs:SPORTSTAETTENOGD.16174,3670.0
wfs:SPORTSTAETTENOGD.16175,5160.0
wfs:SPORTSTAETTENOGD.16176,1635.0
wfs:SPORTSTAETTENOGD.16177,13110.0
wfs:SPORTSTAETTENOGD.16178,215.0
wfs:SPORTSTAETTENOGD.16179,9920.0
wfs:SPORTSTAETTENOGD.16180,220.0
wfs:SPORTSTAETTENOGD.16181,490.0
wfs:SPORTSTAETTENOGD.16182,21663.0
wfs:SPORTSTAETTENOGD.16183,236360.0
wfs:SPORTSTAETTENOGD.16184,240.0
wfs:SPORTSTAETTENOGD.16185,43516.0
wfs:SPORTSTAETTENOGD.16186,18570.0
wfs:SPORTSTAETTENOGD.16187,350.0
wfs:SPORTSTAETTENOGD.16188,1805.0
wfs:SPORTSTAETTENOGD.16189,2965.0
wfs:SPORTSTAETTENOGD.16190,22788.0
wfs:SPORTSTAETTENOGD.16191,200.0
wfs:SPORTSTAETTENOGD.16192,36670.0
wfs:SPORTSTAETTENOGD.16193,1500.0
wfs:SPORTSTAETTENOGD.16194,620.0
wfs:SPORTSTAETTENOGD.16195,325.0
wfs:SPORTSTAETTENOGD.16196,325.0
wfs:SPORTSTAETTENOGD.16197,445.0
wfs:SPORTSTAETTENOGD.16198,65.0
wfs:SPORTSTAETTENOGD.16199,480.0
wfs:SPORTSTAETTENOGD.16200,795.0
wfs:SPORTSTAETTENOGD.16201,395.0
wfs:SPORTSTAETTENOGD.16202,780.0
wfs:SPORTSTAETTENOGD.16203,100.0
wfs:SPORTSTAETTENOGD.16204,3368.0
wfs:SPORTSTAETTENOGD.16205,23050.0
wfs:SPORTSTAETTENOGD.16206,575.0
wfs:SPORTSTAETTENOGD.16207,770.0
wfs:SPORTSTAETTENOGD.16208,929.0
wfs:SPORTSTAETTENOGD.16209,535.0
wfs:SPORTSTAETTENOGD.16210,245.0
wfs:SPORTSTAETTENOGD.16211,3735.0
wfs:SPORTSTAETTENOGD.16212,625.0
wfs:SPORTSTAETTENOGD.16213,320.0
wfs:SPORTSTAETTENOGD.16214,615.0
wfs:SPORTSTAETTENOGD.16215,275.0
wfs:SPORTSTAETTENOGD.16216,530.0
wfs:SPORTSTAETTENOGD.16217,580.0
wfs:SPORTSTAETTENOGD.16218,4312.0
wfs:SPORTSTAETTENOGD.16219,1500.0
wfs:SPORTSTAETTENOGD.16220,790.0
wfs:SPORTSTAETTENOGD.16221,100.0
wfs:SPORTSTAETTENOGD.16222,520.0
wfs:SPORTSTAETTENOGD.16223,13182.0
wfs:SPORTSTAETTENOGD.16224,21930.0
wfs:SPORTSTAETTENOGD.16225,2010.0
wfs:SPORTSTAETTENOGD.16226,350.0
wfs:SPORTSTAETTENOGD.16227,250.0
wfs:SPORTSTAETTENOGD.16228,1270.0
wfs:SPORTSTAETTENOGD.16229,615.0
wfs:SPORTSTAETTENOGD.16230,43540.0
wfs:SPORTSTAETTENOGD.16231,2100.0
wfs:SPORTSTAETTENOGD.16232,100.0
wfs:SPORTSTAETTENOGD.16233,113130.0
wfs:SPORTSTAETTENOGD.16234,455.0
wfs:SPORTSTAETTENOGD.16235,7400.0
wfs:SPORTSTAETTENOGD.16236,3000.0
wfs:SPORTSTAETTENOGD.16237,205.0
wfs:SPORTSTAETTENOGD.16238,400.0
wfs:SPORTSTAETTENOGD.16239,2975.0
wfs:SPORTSTAETTENOGD.16240,1580.0
wfs:SPORTSTAETTENOGD.16241,380.0
wfs:SPORTSTAETTENOGD.16242,1250.0
wfs:SPORTSTAETTENOGD.16243,305.0
wfs:SPORTSTAETTENOGD.16244,6403.0
wfs:SPORTSTAETTENOGD.16245,2070.0
wfs:SPORTSTAETTENOGD.16246,15496.0
wfs:SPORTSTAETTENOGD.16247,570.0
wfs:SPORTSTAETTENOGD.16248,495.0
wfs:SPORTSTAETTENOGD.16249,250.0
wfs:SPORTSTAETTENOGD.16250,640.0
wfs:SPORTSTAETTENOGD.16251,6735.0
wfs:SPORTSTAETTENOGD.16252,820.0
wfs:SPORTSTAETTENOGD.16253,20478.0
wfs:SPORTSTAETTENOGD.16254,30.0
wfs:SPORTSTAETTENOGD.16255,1800.0
wfs:SPORTSTAETTENOGD.16256,1825.0
wfs:SPORTSTAETTENOGD.16257,205.0
wfs:SPORTSTAETTENOGD.16258,500.0
wfs:SPORTSTAETTENOGD.16259,140.0
wfs:SPORTSTAETTENOGD.16260,4141.0
wfs:SPORTSTAETTENOGD.16261,675.0
wfs:SPORTSTAETTENOGD.16262,991.0
wfs:SPORTSTAETTENOGD.16263,975.0
wfs:SPORTSTAETTENOGD.16287,4688.0
wfs:SPORTSTAETTENOGD.16288,1220.0
wfs:SPORTSTAETTENOGD.16289,7901.0
wfs:SPORTSTAETTENOGD.16290,210.0
wfs:SPORTSTAETTENOGD.16291,4410.0
wfs:SPORTSTAETTENOGD.16292,250.0
wfs:SPORTSTAETTENOGD.16293,1315.0
wfs:SPORTSTAETTENOGD.16264,5000.0
wfs:SPORTSTAETTENOGD.16265,485.0
wfs:SPORTSTAETTENOGD.16266,1220.0
wfs:SPORTSTAETTENOGD.16267,5000.0
wfs:SPORTSTAETTENOGD.16268,1100.0
wfs:SPORTSTAETTENOGD.16269,32928.0
wfs:SPORTSTAETTENOGD.16270,225.0
wfs:SPORTSTAETTENOGD.16271,530.0
wfs:SPORTSTAETTENOGD.16272,425.0
wfs:SPORTSTAETTENOGD.16273,470.0
wfs:SPORTSTAETTENOGD.16274,410.0
wfs:SPORTSTAETTENOGD.16275,23797.0
wfs:SPORTSTAETTENOGD.16276,2000.0
wfs:SPORTSTAETTENOGD.16277,10270.0
wfs:SPORTSTAETTENOGD.16278,10637.0
wfs:SPORTSTAETTENOGD.16279,7930.0
wfs:SPORTSTAETTENOGD.16280,500.0
wfs:SPORTSTAETTENOGD.16281,335.0
wfs:SPORTSTAETTENOGD.16282,8393.0
wfs:SPORTSTAETTENOGD.16283,10930.0
wfs:SPORTSTAETTENOGD.16284,125.0
wfs:SPORTSTAETTENOGD.16285,7000.0
wfs:SPORTSTAETTENOGD.16286,5542.0
wfs:SPORTSTAETTENOGD.16294,480.0
wfs:SPORTSTAETTENOGD.16295,10492.0
wfs:SPORTSTAETTENOGD.16296,1210.0
wfs:SPORTSTAETTENOGD.16297,3710.0
wfs:SPORTSTAETTENOGD.16298,69699.0
wfs:SPORTSTAETTENOGD.16299,440.0
wfs:SPORTSTAETTENOGD.16300,18389.0
wfs:SPORTSTAETTENOGD.16301,505.0
wfs:SPORTSTAETTENOGD.16302,2340.0
wfs:SPORTSTAETTENOGD.16303,150.0
wfs:SPORTSTAETTENOGD.16304,2054.0
wfs:SPORTSTAETTENOGD.16305,78600.0
wfs:SPORTSTAETTENOGD.16306,2730.0
wfs:SPORTSTAETTENOGD.16307,8380.0
wfs:SPORTSTAETTENOGD.16308,1200.0
wfs:SPORTSTAETTENOGD.16309,1310.0
wfs:SPORTSTAETTENOGD.16310,50.0
wfs:SPORTSTAETTENOGD.16311,405.0
wfs:SPORTSTAETTENOGD.16312,315.0
wfs:SPORTSTAETTENOGD.16313,415.0
wfs:SPORTSTAETTENOGD.16314,370.0
wfs:SPORTSTAETTENOGD.16315,13759.0
wfs:SPORTSTAETTENOGD.16316,800.0
wfs:SPORTSTAETTENOGD.16317,495.0
wfs:SPORTSTAETTENOGD.16318,58800.0
wfs:SPORTSTAETTENOGD.16319,20300.0
wfs:SPORTSTAETTENOGD.16320,1890.0
wfs:SPORTSTAETTENOGD.16321,17540.0
wfs:SPORTSTAETTENOGD.16322,885.0
wfs:SPORTSTAETTENOGD.16323,540.0
wfs:SPORTSTAETTENOGD.16324,3375.0
wfs:SPORTSTAETTENOGD.16325,3000.0
wfs:SPORTSTAETTENOGD.16326,3150.0
wfs:SPORTSTAETTENOGD.16327,37240.0
wfs:SPORTSTAETTENOGD.16328,2500.0
wfs:SPORTSTAETTENOGD.16329,3555.0
wfs:SPORTSTAETTENOGD.16330,8400.0
wfs:SPORTSTAETTENOGD.16331,5000.0
wfs:SPORTSTAETTENOGD.16332,28960.0
wfs:SPORTSTAETTENOGD.16333,30.0
wfs:SPORTSTAETTENOGD.16334,2915.0
wfs:SPORTSTAETTENOGD.16335,22400.0
wfs:SPORTSTAETTENOGD.16336,18892.0
wfs:SPORTSTAETTENOGD.16337,5000.0
wfs:SPORTSTAETTENOGD.16338,2000.0
wfs:SPORTSTAETTENOGD.16339,50.0
wfs:SPORTSTAETTENOGD.16340,25100.0
wfs:SPORTSTAETTENOGD.16341,55.0
wfs:SPORTSTAETTENOGD.16342,15510.0
wfs:SPORTSTAETTENOGD.16343,4860.0
wfs:SPORTSTAETTENOGD.16344,465.0
wfs:SPORTSTAETTENOGD.16345,1311.0
wfs:SPORTSTAETTENOGD.16346,1365.0
wfs:SPORTSTAETTENOGD.16347,9900.0
wfs:SPORTSTAETTENOGD.16348,28180.0
wfs:SPORTSTAETTENOGD.16349,7360.0
wfs:SPORTSTAETTENOGD.16350,3540.0
wfs:SPORTSTAETTENOGD.16351,549.0
wfs:SPORTSTAETTENOGD.16352,3020.0
wfs:SPORTSTAETTENOGD.16836,56.0
wfs:SPORTSTAETTENOGD.16837,157.0
wfs:SPORTSTAETTENOGD.16838,750.0
wfs:SPORTSTAETTENOGD.16839,500.0
wfs:SPORTSTAETTENOGD.16840,754.0
wfs:SPORTSTAETTENOGD.16841,3428.0
wfs:SPORTSTAETTENOGD.16842,519.0
wfs:SPORTSTAETTENOGD.16843,1513.0
wfs:SPORTSTAETTENOGD.16844,121.0
wfs:SPORTSTAETTENOGD.16845,570.0
wfs:SPORTSTAETTENOGD.16846,1700.0
wfs:SPORTSTAETTENOGD.16847,816.0
wfs:SPORTSTAETTENOGD.16848,450.0
wfs:SPORTSTAETTENOGD.16849,830.0
wfs:SPORTSTAETTENOGD.16850,1436.0
wfs:SPORTSTAETTENOGD.16851,4325.0
wfs:SPORTSTAETTENOGD.16852,269.0
wfs:SPORTSTAETTENOGD.16853,288.0
wfs:SPORTSTAETTENOGD.16854,316.0
wfs:SPORTSTAETTENOGD.16855,182.0
wfs:SPORTSTAETTENOGD.16856,318.0
wfs:SPORTSTAETTENOGD.16857,817.0
wfs:SPORTSTAETTENOGD.16858,452.0
wfs:SPORTSTAETTENOGD.16859,362.0
wfs:SPORTSTAETTENOGD.16860,563.0
wfs:SPORTSTAETTENOGD.16861,2828.0
wfs:SPORTSTAETTENOGD.16862,288.0
wfs:SPORTSTAETTENOGD.16863,60.0
wfs:SPORTSTAETTENOGD.16864,847.0
wfs:SPORTSTAETTENOGD.16865,1395.0
wfs:SPORTSTAETTENOGD.16866,945.0
wfs:SPORTSTAETTENOGD.16867,330.0
wfs:SPORTSTAETTENOGD.16868,137.0
wfs:SPORTSTAETTENOGD.16869,151.0
wfs:SPORTSTAETTENOGD.16382,2500.0
wfs:SPORTSTAETTENOGD.16383,820.0
wfs:SPORTSTAETTENOGD.16384,810.0
wfs:SPORTSTAETTENOGD.16385,1280.0
wfs:SPORTSTAETTENOGD.16386,1200.0
wfs:SPORTSTAETTENOGD.16387,700.0
wfs:SPORTSTAETTENOGD.16388,1000.0
wfs:SPORTSTAETTENOGD.16389,5110.0
wfs:SPORTSTAETTENOGD.16390,8660.0
wfs:SPORTSTAETTENOGD.16391,128865.0
wfs:SPORTSTAETTENOGD.16392,135000.0
wfs:SPORTSTAETTENOGD.16393,23810.0
wfs:SPORTSTAETTENOGD.16394,10950.0
wfs:SPORTSTAETTENOGD.16395,12210.0
wfs:SPORTSTAETTENOGD.16396,18440.0
wfs:SPORTSTAETTENOGD.16397,60800.0
wfs:SPORTSTAETTENOGD.16398,535.0
wfs:SPORTSTAETTENOGD.16399,1000.0
wfs:SPORTSTAETTENOGD.16400,34450.0
wfs:SPORTSTAETTENOGD.16401,4440.0
wfs:SPORTSTAETTENOGD.16402,3190.0
wfs:SPORTSTAETTENOGD.16403,5170.0
wfs:SPORTSTAETTENOGD.16404,2600.0
wfs:SPORTSTAETTENOGD.16405,1380.0
wfs:SPORTSTAETTENOGD.16406,15000.0
wfs:SPORTSTAETTENOGD.16407,5620.0
wfs:SPORTSTAETTENOGD.16408,1500.0
wfs:SPORTSTAETTENOGD.16409,85252.0
wfs:SPORTSTAETTENOGD.16410,280.0
wfs:SPORTSTAETTENOGD.16411,765.0
wfs:SPORTSTAETTENOGD.16412,13660.0
wfs:SPORTSTAETTENOGD.16413,185.0
wfs:SPORTSTAETTENOGD.16414,978.0
wfs:SPORTSTAETTENOGD.16415,6562.0
wfs:SPORTSTAETTENOGD.16416,1940.0
wfs:SPORTSTAETTENOGD.16417,473.0
wfs:SPORTSTAETTENOGD.16418,517.0
wfs:SPORTSTAETTENOGD.16419,2023.0
wfs:SPORTSTAETTENOGD.16420,1343.0
wfs:SPORTSTAETTENOGD.16421,1250.0
wfs:SPORTSTAETTENOGD.16422,1300.0
wfs:SPORTSTAETTENOGD.16423,1740.0
wfs:SPORTSTAETTENOGD.16424,4130.0
wfs:SPORTSTAETTENOGD.16425,1940.0
wfs:SPORTSTAETTENOGD.16426,880.0
wfs:SPORTSTAETTENOGD.16427,10540.0
wfs:SPORTSTAETTENOGD.16428,340.0
wfs:SPORTSTAETTENOGD.16429,590.0
wfs:SPORTSTAETTENOGD.16430,660.0
wfs:SPORTSTAETTENOGD.16431,2420.0
wfs:SPORTSTAETTENOGD.16432,3150.0
wfs:SPORTSTAETTENOGD.16433,675.0
wfs:SPORTSTAETTENOGD.16434,100.0
wfs:SPORTSTAETTENOGD.16435,2070.0
wfs:SPORTSTAETTENOGD.16436,280.0
wfs:SPORTSTAETTENOGD.16437,160.0
wfs:SPORTSTAETTENOGD.16438,2550.0
wfs:SPORTSTAETTENOGD.16439,30000.0
wfs:SPORTSTAETTENOGD.16440,6990.0
wfs:SPORTSTAETTENOGD.16441,260.0
wfs:SPORTSTAETTENOGD.16442,275.0
wfs:SPORTSTAETTENOGD.16443,915.0
wfs:SPORTSTAETTENOGD.16444,540.0
wfs:SPORTSTAETTENOGD.16445,11400.0
wfs:SPORTSTAETTENOGD.16446,840.0
wfs:SPORTSTAETTENOGD.16447,285.0
wfs:SPORTSTAETTENOGD.16448,500.0
wfs:SPORTSTAETTENOGD.16449,36770.0
wfs:SPORTSTAETTENOGD.16450,885.0
wfs:SPORTSTAETTENOGD.16451,17963.0
wfs:SPORTSTAETTENOGD.16452,350.0
wfs:SPORTSTAETTENOGD.16453,350.0
wfs:SPORTSTAETTENOGD.16454,16885.0
wfs:SPORTSTAETTENOGD.16455,1300.0
wfs:SPORTSTAETTENOGD.16456,1800.0
wfs:SPORTSTAETTENOGD.16457,18800.0
wfs:SPORTSTAETTENOGD.16458,71285.0
wfs:SPORTSTAETTENOGD.16459,1200.0
wfs:SPORTSTAETTENOGD.16460,7400.0
wfs:SPORTSTAETTENOGD.16461,1010.0
wfs:SPORTSTAETTENOGD.16462,415.0
wfs:SPORTSTAETTENOGD.16463,17000.0
wfs:SPORTSTAETTENOGD.16464,3830.0
wfs:SPORTSTAETTENOGD.16465,1180.0
wfs:SPORTSTAETTENOGD.16466,5719.0
wfs:SPORTSTAETTENOGD.16467,3020.0
wfs:SPORTSTAETTENOGD.16468,10028.0
wfs:SPORTSTAETTENOGD.16469,3808.0
wfs:SPORTSTAETTENOGD.16470,2670.0
wfs:SPORTSTAETTENOGD.16471,910.0
wfs:SPORTSTAETTENOGD.16472,2015.0
wfs:SPORTSTAETTENOGD.16473,36290.0
wfs:SPORTSTAETTENOGD.16474,180.0
wfs:SPORTSTAETTENOGD.16475,5190.0
wfs:SPORTSTAETTENOGD.16476,8660.0
wfs:SPORTSTAETTENOGD.16477,480.0
wfs:SPORTSTAETTENOGD.16478,2870.0
wfs:SPORTSTAETTENOGD.16479,2517.0
wfs:SPORTSTAETTENOGD.16480,13650.0
wfs:SPORTSTAETTENOGD.16481,615.0
wfs:SPORTSTAETTENOGD.16482,50.0
wfs:SPORTSTAETTENOGD.16483,2420.0
wfs:SPORTSTAETTENOGD.16484,290.0
wfs:SPORTSTAETTENOGD.16485,44503.0
wfs:SPORTSTAETTENOGD.16486,12915.0
wfs:SPORTSTAETTENOGD.16487,2500.0
wfs:SPORTSTAETTENOGD.16488,350.0
wfs:SPORTSTAETTENOGD.16489,8650.0
wfs:SPORTSTAETTENOGD.16490,425.0
wfs:SPORTSTAETTENOGD.16491,660.0
wfs:SPORTSTAETTENOGD.16492,10000.0
wfs:SPORTSTAETTENOGD.16493,2960.0
wfs:SPORTSTAETTENOGD.16494,6800.0
wfs:SPORTSTAETTENOGD.16495,21530.0
wfs:SPORTSTAETTENOGD.16496,150.0
wfs:SPORTSTAETTENOGD.16497,3705.0
wfs:SPORTSTAETTENOGD.16498,31203.0
wfs:SPORTSTAETTENOGD.16499,735.0
wfs:SPORTSTAETTENOGD.16500,235.0
wfs:SPORTSTAETTENOGD.16501,1500.0
wfs:SPORTSTAETTENOGD.16502,500.0
wfs:SPORTSTAETTENOGD.16503,1630.0
wfs:SPORTSTAETTENOGD.16504,270.0
wfs:SPORTSTAETTENOGD.16505,1295.0
wfs:SPORTSTAETTENOGD.16506,1495.0
wfs:SPORTSTAETTENOGD.16507,10153.0
wfs:SPORTSTAETTENOGD.16508,400.0
wfs:SPORTSTAETTENOGD.16509,2810.0
wfs:SPORTSTAETTENOGD.16510,490.0
wfs:SPORTSTAETTENOGD.16511,20812.0
wfs:SPORTSTAETTENOGD.16512,23241.0
wfs:SPORTSTAETTENOGD.16513,5980.0
wfs:SPORTSTAETTENOGD.16514,705.0
wfs:SPORTSTAETTENOGD.16515,3445.0
wfs:SPORTSTAETTENOGD.16516,21006.0
wfs:SPORTSTAETTENOGD.16517,11860.0
wfs:SPORTSTAETTENOGD.16518,3036.0
wfs:SPORTSTAETTENOGD.16519,244.0
wfs:SPORTSTAETTENOGD.16520,235.0
wfs:SPORTSTAETTENOGD.16521,157.0
wfs:SPORTSTAETTENOGD.16522,455.0
wfs:SPORTSTAETTENOGD.16523,458.0
wfs:SPORTSTAETTENOGD.16524,342.0
wfs:SPORTSTAETTENOGD.16525,153.0
wfs:SPORTSTAETTENOGD.16526,162.0
wfs:SPORTSTAETTENOGD.16527,78.0
wfs:SPORTSTAETTENOGD.16528,145.0
wfs:SPORTSTAETTENOGD.16529,182.0
wfs:SPORTSTAETTENOGD.16530,104.0
wfs:SPORTSTAETTENOGD.16531,664.0
wfs:SPORTSTAETTENOGD.16532,374.0
wfs:SPORTSTAETTENOGD.16533,562.0
wfs:SPORTSTAETTENOGD.16534,264.0
wfs:SPORTSTAETTENOGD.16535,1362.0
wfs:SPORTSTAETTENOGD.16536,390.0
wfs:SPORTSTAETTENOGD.16537,195.0
wfs:SPORTSTAETTENOGD.16538,91.0
wfs:SPORTSTAETTENOGD.16539,130.0
wfs:SPORTSTAETTENOGD.16540,130.0
wfs:SPORTSTAETTENOGD.16541,165010.0
wfs:SPORTSTAETTENOGD.16542,136.0
wfs:SPORTSTAETTENOGD.16543,475900.0
wfs:SPORTSTAETTENOGD.16544,2500.0
wfs:SPORTSTAETTENOGD.16545,70000.0
wfs:SPORTSTAETTENOGD.16546,21407.0
wfs:SPORTSTAETTENOGD.16547,3685.0
wfs:SPORTSTAETTENOGD.16548,25000.0
wfs:SPORTSTAETTENOGD.16549,510.0
wfs:SPORTSTAETTENOGD.16550,890.0
wfs:SPORTSTAETTENOGD.16551,12850.0
wfs:SPORTSTAETTENOGD.16552,10451.0
wfs:SPORTSTAETTENOGD.16553,11400.0
wfs:SPORTSTAETTENOGD.16554,5260.0
wfs:SPORTSTAETTENOGD.16555,8500.0
wfs:SPORTSTAETTENOGD.16556,2695.0
wfs:SPORTSTAETTENOGD.16557,22088.0
wfs:SPORTSTAETTENOGD.16558,1495.0
wfs:SPORTSTAETTENOGD.16559,445.0
wfs:SPORTSTAETTENOGD.16560,9765.0
wfs:SPORTSTAETTENOGD.16561,5560.0
wfs:SPORTSTAETTENOGD.16562,30.0
wfs:SPORTSTAETTENOGD.16563,18610.0
wfs:SPORTSTAETTENOGD.16564,2662.0
wfs:SPORTSTAETTENOGD.16565,1145.0
wfs:SPORTSTAETTENOGD.16566,61630.0
wfs:SPORTSTAETTENOGD.16567,8524.0
wfs:SPORTSTAETTENOGD.16568,9390.0
wfs:SPORTSTAETTENOGD.16569,5720.0
wfs:SPORTSTAETTENOGD.16570,11080.0
wfs:SPORTSTAETTENOGD.16571,3350.0
wfs:SPORTSTAETTENOGD.16572,1610.0
wfs:SPORTSTAETTENOGD.16573,3000.0
wfs:SPORTSTAETTENOGD.16574,1740.0
wfs:SPORTSTAETTENOGD.16575,30.0
wfs:SPORTSTAETTENOGD.16576,1255.0
wfs:SPORTSTAETTENOGD.16577,1150.0
wfs:SPORTSTAETTENOGD.16578,1265.0
wfs:SPORTSTAETTENOGD.16579,4944.0
wfs:SPORTSTAETTENOGD.16580,25186.0
wfs:SPORTSTAETTENOGD.16581,10000.0
wfs:SPORTSTAETTENOGD.16582,3943.0
wfs:SPORTSTAETTENOGD.16583,8760.0
wfs:SPORTSTAETTENOGD.16584,400.0
wfs:SPORTSTAETTENOGD.16585,4395.0
wfs:SPORTSTAETTENOGD.16586,12335.0
wfs:SPORTSTAETTENOGD.16587,1025.0
wfs:SPORTSTAETTENOGD.16588,3200.0
wfs:SPORTSTAETTENOGD.16589,9600.0
wfs:SPORTSTAETTENOGD.16590,28664.0
wfs:SPORTSTAETTENOGD.16591,19029.0
wfs:SPORTSTAETTENOGD.16592,1155.0
wfs:SPORTSTAETTENOGD.16593,8212.0
wfs:SPORTSTAETTENOGD.16594,210.0
wfs:SPORTSTAETTENOGD.16595,1035.0
wfs:SPORTSTAETTENOGD.16596,395.0
wfs:SPORTSTAETTENOGD.16597,242.0
wfs:SPORTSTAETTENOGD.16598,1035.0
wfs:SPORTSTAETTENOGD.16599,960.0
wfs:SPORTSTAETTENOGD.16600,1590.0
wfs:SPORTSTAETTENOGD.16601,7000.0
wfs:SPORTSTAETTENOGD.16602,172.0
wfs:SPORTSTAETTENOGD.16603,325.0
wfs:SPORTSTAETTENOGD.16604,266.0
wfs:SPORTSTAETTENOGD.16605,172.0
wfs:SPORTSTAETTENOGD.16606,591.0
wfs:SPORTSTAETTENOGD.16607,364.0
wfs:SPORTSTAETTENOGD.16608,93.0
wfs:SPORTSTAETTENOGD.16609,139.0
wfs:SPORTSTAETTENOGD.16610,630.0
wfs:SPORTSTAETTENOGD.16611,216.0
wfs:SPORTSTAETTENOGD.16612,810.0
wfs:SPORTSTAETTENOGD.16613,256.0
wfs:SPORTSTAETTENOGD.16614,144.0
wfs:SPORTSTAETTENOGD.16615,157.0
wfs:SPORTSTAETTENOGD.16616,541.0
wfs:SPORTSTAETTENOGD.16617,185.0
wfs:SPORTSTAETTENOGD.16618,180.0
wfs:SPORTSTAETTENOGD.16619,193.0
wfs:SPORTSTAETTENOGD.16620,788.0
wfs:SPORTSTAETTENOGD.16621,151.0
wfs:SPORTSTAETTENOGD.16622,200.0
wfs:SPORTSTAETTENOGD.16623,146.0
wfs:SPORTSTAETTENOGD.16624,193.0
wfs:SPORTSTAETTENOGD.16625,334.0
wfs:SPORTSTAETTENOGD.16626,1387.0
wfs:SPORTSTAETTENOGD.16627,528.0
wfs:SPORTSTAETTENOGD.16628,320.0
wfs:SPORTSTAETTENOGD.16629,754.0
wfs:SPORTSTAETTENOGD.16630,188.0
wfs:SPORTSTAETTENOGD.16631,1417.0
wfs:SPORTSTAETTENOGD.16632,299.0
wfs:SPORTSTAETTENOGD.16633,780.0
wfs:SPORTSTAETTENOGD.16634,1300.0
wfs:SPORTSTAETTENOGD.16635,100.0
wfs:SPORTSTAETTENOGD.16636,130.0
wfs:SPORTSTAETTENOGD.16637,155.0
wfs:SPORTSTAETTENOGD.16638,567.0
wfs:SPORTSTAETTENOGD.16639,582.0
wfs:SPORTSTAETTENOGD.16640,115.0
wfs:SPORTSTAETTENOGD.16641,504.0
wfs:SPORTSTAETTENOGD.16642,517.0
wfs:SPORTSTAETTENOGD.16643,143.0
wfs:SPORTSTAETTENOGD.16644,140.0
wfs:SPORTSTAETTENOGD.16645,180.0
wfs:SPORTSTAETTENOGD.16646,303.0
wfs:SPORTSTAETTENOGD.16647,294.0
wfs:SPORTSTAETTENOGD.16648,412.0
wfs:SPORTSTAETTENOGD.16649,899.0
wfs:SPORTSTAETTENOGD.16650,525.0
wfs:SPORTSTAETTENOGD.16651,675.0
wfs:SPORTSTAETTENOGD.16652,170.0
wfs:SPORTSTAETTENOGD.16653,529.0
wfs:SPORTSTAETTENOGD.16654,697.0
wfs:SPORTSTAETTENOGD.16655,65.0
wfs:SPORTSTAETTENOGD.16656,233.0
wfs:SPORTSTAETTENOGD.16657,501.0
wfs:SPORTSTAETTENOGD.16658,450.0
wfs:SPORTSTAETTENOGD.16659,605.0
wfs:SPORTSTAETTENOGD.16660,405.0
wfs:SPORTSTAETTENOGD.16661,240.0
wfs:SPORTSTAETTENOGD.16662,1102.0
wfs:SPORTSTAETTENOGD.16663,415.0
wfs:SPORTSTAETTENOGD.16664,144.0
wfs:SPORTSTAETTENOGD.16665,187.0
wfs:SPORTSTAETTENOGD.16666,1735.0
wfs:SPORTSTAETTENOGD.16667,781.0
wfs:SPORTSTAETTENOGD.16668,160.0
wfs:SPORTSTAETTENOGD.16669,257.0
wfs:SPORTSTAETTENOGD.16670,1500.0
wfs:SPORTSTAETTENOGD.16671,120.0
wfs:SPORTSTAETTENOGD.16672,128.0
wfs:SPORTSTAETTENOGD.16673,178.0
wfs:SPORTSTAETTENOGD.16674,264.0
wfs:SPORTSTAETTENOGD.16675,284.0
wfs:SPORTSTAETTENOGD.16676,172.0
wfs:SPORTSTAETTENOGD.16677,143.0
wfs:SPORTSTAETTENOGD.16678,312.0
wfs:SPORTSTAETTENOGD.16679,89.0
wfs:SPORTSTAETTENOGD.16680,2380.0
wfs:SPORTSTAETTENOGD.16681,8810.0
wfs:SPORTSTAETTENOGD.16682,2000.0
wfs:SPORTSTAETTENOGD.16683,456.0
wfs:SPORTSTAETTENOGD.16684,176.0
wfs:SPORTSTAETTENOGD.16685,1109.0
wfs:SPORTSTAETTENOGD.16686,810.0
wfs:SPORTSTAETTENOGD.16687,438.0
wfs:SPORTSTAETTENOGD.16688,6777.0
wfs:SPORTSTAETTENOGD.16689,461.0
wfs:SPORTSTAETTENOGD.16690,157.0
wfs:SPORTSTAETTENOGD.16691,132.0
wfs:SPORTSTAETTENOGD.16692,360.0
wfs:SPORTSTAETTENOGD.16693,375.0
wfs:SPORTSTAETTENOGD.16694,390.0
wfs:SPORTSTAETTENOGD.16695,2687.0
wfs:SPORTSTAETTENOGD.16696,5873.0
wfs:SPORTSTAETTENOGD.16697,700.0
wfs:SPORTSTAETTENOGD.16698,375.0
wfs:SPORTSTAETTENOGD.16699,756.0
wfs:SPORTSTAETTENOGD.16700,1500.0
wfs:SPORTSTAETTENOGD.16701,864.0
wfs:SPORTSTAETTENOGD.16702,1539.0
wfs:SPORTSTAETTENOGD.16703,50651.0
wfs:SPORTSTAETTENOGD.16704,145.0
wfs:SPORTSTAETTENOGD.16705,130.0
wfs:SPORTSTAETTENOGD.16706,405.0
wfs:SPORTSTAETTENOGD.16707,799.0
wfs:SPORTSTAETTENOGD.16708,247.0
wfs:SPORTSTAETTENOGD.16709,155.0
wfs:SPORTSTAETTENOGD.16710,180.0
wfs:SPORTSTAETTENOGD.16711,405.0
wfs:SPORTSTAETTENOGD.16712,503.0
wfs:SPORTSTAETTENOGD.16713,405.0
wfs:SPORTSTAETTENOGD.16714,602.0
wfs:SPORTSTAETTENOGD.16715,1264.0
wfs:SPORTSTAETTENOGD.16716,160.0
wfs:SPORTSTAETTENOGD.16717,116.0
wfs:SPORTSTAETTENOGD.16718,20960.0
wfs:SPORTSTAETTENOGD.16719,549.0
wfs:SPORTSTAETTENOGD.16720,250.0
wfs:SPORTSTAETTENOGD.16721,152.0
wfs:SPORTSTAETTENOGD.16722,192.0
wfs:SPORTSTAETTENOGD.16723,241.0
wfs:SPORTSTAETTENOGD.16724,295.0
wfs:SPORTSTAETTENOGD.16725,269.0
wfs:SPORTSTAETTENOGD.16726,179.0
wfs:SPORTSTAETTENOGD.16727,7300.0
wfs:SPORTSTAETTENOGD.16728,152.0
wfs:SPORTSTAETTENOGD.16729,88.0
wfs:SPORTSTAETTENOGD.16730,310.0
wfs:SPORTSTAETTENOGD.16731,106.0
wfs:SPORTSTAETTENOGD.16732,558.0
wfs:SPORTSTAETTENOGD.16733,50798.0
wfs:SPORTSTAETTENOGD.16734,12970.0
wfs:SPORTSTAETTENOGD.16735,4770.0
wfs:SPORTSTAETTENOGD.16736,473.0
wfs:SPORTSTAETTENOGD.16737,144.0
wfs:SPORTSTAETTENOGD.16738,967.0
wfs:SPORTSTAETTENOGD.16739,174.0
wfs:SPORTSTAETTENOGD.16740,316.0
wfs:SPORTSTAETTENOGD.16741,968.0
wfs:SPORTSTAETTENOGD.16742,297.0
wfs:SPORTSTAETTENOGD.16743,489.0
wfs:SPORTSTAETTENOGD.16744,257.0
wfs:SPORTSTAETTENOGD.16745,1734.0
wfs:SPORTSTAETTENOGD.16746,460.0
wfs:SPORTSTAETTENOGD.16747,5033.0
wfs:SPORTSTAETTENOGD.16748,720.0
wfs:SPORTSTAETTENOGD.16749,134.0
wfs:SPORTSTAETTENOGD.16750,704.0
wfs:SPORTSTAETTENOGD.16751,240.0
wfs:SPORTSTAETTENOGD.16752,3930.0
wfs:SPORTSTAETTENOGD.16753,810.0
wfs:SPORTSTAETTENOGD.16754,454.0
wfs:SPORTSTAETTENOGD.16755,874.0
wfs:SPORTSTAETTENOGD.16756,3350.0
wfs:SPORTSTAETTENOGD.16757,340.0
wfs:SPORTSTAETTENOGD.16758,226.0
wfs:SPORTSTAETTENOGD.16759,134.0
wfs:SPORTSTAETTENOGD.16760,284.0
wfs:SPORTSTAETTENOGD.16761,678.0
wfs:SPORTSTAETTENOGD.16762,391.0
wfs:SPORTSTAETTENOGD.16763,231.0
wfs:SPORTSTAETTENOGD.16764,159.0
wfs:SPORTSTAETTENOGD.16765,306.0
wfs:SPORTSTAETTENOGD.16766,125.0
wfs:SPORTSTAETTENOGD.16768,400.0
wfs:SPORTSTAETTENOGD.16769,153.0
wfs:SPORTSTAETTENOGD.16770,585.0
wfs:SPORTSTAETTENOGD.16771,1960.0
wfs:SPORTSTAETTENOGD.16772,557.0
wfs:SPORTSTAETTENOGD.16773,3802.0
wfs:SPORTSTAETTENOGD.16774,810.0
wfs:SPORTSTAETTENOGD.16775,400.0
wfs:SPORTSTAETTENOGD.16776,810.0
wfs:SPORTSTAETTENOGD.16777,96.0
wfs:SPORTSTAETTENOGD.16778,810.0
wfs:SPORTSTAETTENOGD.16779,194.0
wfs:SPORTSTAETTENOGD.16780,264.0
wfs:SPORTSTAETTENOGD.16781,578.0
wfs:SPORTSTAETTENOGD.16782,376.0
wfs:SPORTSTAETTENOGD.16783,174.0
wfs:SPORTSTAETTENOGD.16784,1500.0
wfs:SPORTSTAETTENOGD.16785,2375.0
wfs:SPORTSTAETTENOGD.16786,1394.0
wfs:SPORTSTAETTENOGD.16787,250.0
wfs:SPORTSTAETTENOGD.16788,3800.0
wfs:SPORTSTAETTENOGD.16789,790.0
wfs:SPORTSTAETTENOGD.16790,295.0
wfs:SPORTSTAETTENOGD.16791,994.0
wfs:SPORTSTAETTENOGD.16792,171.0
wfs:SPORTSTAETTENOGD.16793,171.0
wfs:SPORTSTAETTENOGD.16794,6090.0
wfs:SPORTSTAETTENOGD.16795,576.0
wfs:SPORTSTAETTENOGD.16796,105.0
wfs:SPORTSTAETTENOGD.16797,1181.0
wfs:SPORTSTAETTENOGD.16767,784.0
wfs:SPORTSTAETTENOGD.16798,128.0
wfs:SPORTSTAETTENOGD.16799,3100.0
wfs:SPORTSTAETTENOGD.16800,145.0
wfs:SPORTSTAETTENOGD.16801,1050.0
wfs:SPORTSTAETTENOGD.16802,827.0
wfs:SPORTSTAETTENOGD.16803,395.0
wfs:SPORTSTAETTENOGD.16804,488.0
wfs:SPORTSTAETTENOGD.16805,6351.0
wfs:SPORTSTAETTENOGD.16806,593.0
wfs:SPORTSTAETTENOGD.16807,270.0
wfs:SPORTSTAETTENOGD.16808,2888.0
wfs:SPORTSTAETTENOGD.16809,1215.0
wfs:SPORTSTAETTENOGD.16810,999.0
wfs:SPORTSTAETTENOGD.16811,3847.0
wfs:SPORTSTAETTENOGD.16812,700.0
wfs:SPORTSTAETTENOGD.16813,759.0
wfs:SPORTSTAETTENOGD.16814,16350.0
wfs:SPORTSTAETTENOGD.16815,97.0
wfs:SPORTSTAETTENOGD.16816,183.0
wfs:SPORTSTAETTENOGD.16817,192.0
wfs:SPORTSTAETTENOGD.16818,520.0
wfs:SPORTSTAETTENOGD.16819,152.0
wfs:SPORTSTAETTENOGD.16820,275.0
wfs:SPORTSTAETTENOGD.16821,128.0
wfs:SPORTSTAETTENOGD.16822,92.0
wfs:SPORTSTAETTENOGD.16823,276.0
wfs:SPORTSTAETTENOGD.16824,516.0
wfs:SPORTSTAETTENOGD.16825,118.0
wfs:SPORTSTAETTENOGD.16826,140.0
wfs:SPORTSTAETTENOGD.16827,814.0
wfs:SPORTSTAETTENOGD.16828,4250.0
wfs:SPORTSTAETTENOGD.16829,200.0
wfs:SPORTSTAETTENOGD.16830,380.0
wfs:SPORTSTAETTENOGD.16831,550.0
wfs:SPORTSTAETTENOGD.16832,393.0
wfs:SPORTSTAETTENOGD.16833,1500.0
wfs:SPORTSTAETTENOGD.16834,465.0
wfs:SPORTSTAETTENOGD.16835,60.0
wfs:SPORTSTAETTENOGD.17327,250.0
wfs:SPORTSTAETTENOGD.17328,290.0
wfs:SPORTSTAETTENOGD.17329,55.0
wfs:SPORTSTAETTENOGD.17330,205.0
wfs:SPORTSTAETTENOGD.17331,30.0
wfs:SPORTSTAETTENOGD.17332,324.0
wfs:SPORTSTAETTENOGD.17333,3820.0
wfs:SPORTSTAETTENOGD.17334,2160.0
wfs:SPORTSTAETTENOGD.17335,4880.0
wfs:SPORTSTAETTENOGD.17336,1750.0
wfs:SPORTSTAETTENOGD.17337,2394.0
wfs:SPORTSTAETTENOGD.17338,1673.0
wfs:SPORTSTAETTENOGD.17339,690.0
wfs:SPORTSTAETTENOGD.17340,3141.0
wfs:SPORTSTAETTENOGD.17341,24628.0
wfs:SPORTSTAETTENOGD.17342,27800.0
wfs:SPORTSTAETTENOGD.17343,1959.0
wfs:SPORTSTAETTENOGD.17344,69000.0
wfs:SPORTSTAETTENOGD.17345,61095.0
wfs:SPORTSTAETTENOGD.17346,500.0
wfs:SPORTSTAETTENOGD.17347,2000.0
wfs:SPORTSTAETTENOGD.17348,340.0
wfs:SPORTSTAETTENOGD.17349,595.0
wfs:SPORTSTAETTENOGD.17350,805.0
wfs:SPORTSTAETTENOGD.17351,120.0
wfs:SPORTSTAETTENOGD.17352,355.0
wfs:SPORTSTAETTENOGD.17353,20985.0
wfs:SPORTSTAETTENOGD.17354,325.0
wfs:SPORTSTAETTENOGD.17355,355.0
wfs:SPORTSTAETTENOGD.17356,760.0
wfs:SPORTSTAETTENOGD.17357,430.0
wfs:SPORTSTAETTENOGD.17358,1695.0
wfs:SPORTSTAETTENOGD.16870,810.0
wfs:SPORTSTAETTENOGD.16871,700.0
wfs:SPORTSTAETTENOGD.16872,1309.0
wfs:SPORTSTAETTENOGD.16873,1368.0
wfs:SPORTSTAETTENOGD.16874,275.0
wfs:SPORTSTAETTENOGD.16875,400.0
wfs:SPORTSTAETTENOGD.16876,2409.0
wfs:SPORTSTAETTENOGD.16877,157.0
wfs:SPORTSTAETTENOGD.16878,157.0
wfs:SPORTSTAETTENOGD.16879,2131.0
wfs:SPORTSTAETTENOGD.16880,966.0
wfs:SPORTSTAETTENOGD.16881,754.0
wfs:SPORTSTAETTENOGD.16882,2575.0
wfs:SPORTSTAETTENOGD.16883,180.0
wfs:SPORTSTAETTENOGD.16884,468.0
wfs:SPORTSTAETTENOGD.16885,567.0
wfs:SPORTSTAETTENOGD.16886,2998.0
wfs:SPORTSTAETTENOGD.16887,576.0
wfs:SPORTSTAETTENOGD.16888,84.0
wfs:SPORTSTAETTENOGD.16889,185.0
wfs:SPORTSTAETTENOGD.16890,595.0
wfs:SPORTSTAETTENOGD.16891,246.0
wfs:SPORTSTAETTENOGD.16892,169.0
wfs:SPORTSTAETTENOGD.16893,459.0
wfs:SPORTSTAETTENOGD.16894,576.0
wfs:SPORTSTAETTENOGD.16895,583.0
wfs:SPORTSTAETTENOGD.16896,672.0
wfs:SPORTSTAETTENOGD.16897,184.0
wfs:SPORTSTAETTENOGD.16898,152.0
wfs:SPORTSTAETTENOGD.16899,406.0
wfs:SPORTSTAETTENOGD.16900,269.0
wfs:SPORTSTAETTENOGD.16901,164.0
wfs:SPORTSTAETTENOGD.16902,2162.0
wfs:SPORTSTAETTENOGD.16903,543.0
wfs:SPORTSTAETTENOGD.16904,96.0
wfs:SPORTSTAETTENOGD.16905,515.0
wfs:SPORTSTAETTENOGD.16906,162.0
wfs:SPORTSTAETTENOGD.16907,288.0
wfs:SPORTSTAETTENOGD.16908,771.0
wfs:SPORTSTAETTENOGD.16909,136.0
wfs:SPORTSTAETTENOGD.16910,136.0
wfs:SPORTSTAETTENOGD.16911,1035.0
wfs:SPORTSTAETTENOGD.16912,1215.0
wfs:SPORTSTAETTENOGD.16913,834.0
wfs:SPORTSTAETTENOGD.16914,114.0
wfs:SPORTSTAETTENOGD.16915,144.0
wfs:SPORTSTAETTENOGD.16916,320.0
wfs:SPORTSTAETTENOGD.16917,10159.0
wfs:SPORTSTAETTENOGD.16918,1443.0
wfs:SPORTSTAETTENOGD.16919,1040.0
wfs:SPORTSTAETTENOGD.16920,400.0
wfs:SPORTSTAETTENOGD.16921,520.0
wfs:SPORTSTAETTENOGD.16922,3329.0
wfs:SPORTSTAETTENOGD.16923,121.0
wfs:SPORTSTAETTENOGD.16924,810.0
wfs:SPORTSTAETTENOGD.16925,268.0
wfs:SPORTSTAETTENOGD.16926,2190.0
wfs:SPORTSTAETTENOGD.16927,800.0
wfs:SPORTSTAETTENOGD.16928,180.0
wfs:SPORTSTAETTENOGD.16929,145.0
wfs:SPORTSTAETTENOGD.16930,129.0
wfs:SPORTSTAETTENOGD.16931,298.0
wfs:SPORTSTAETTENOGD.16932,810.0
wfs:SPORTSTAETTENOGD.16933,1590.0
wfs:SPORTSTAETTENOGD.16934,144.0
wfs:SPORTSTAETTENOGD.16935,9642.0
wfs:SPORTSTAETTENOGD.16936,300.0
wfs:SPORTSTAETTENOGD.16937,130.0
wfs:SPORTSTAETTENOGD.16938,400.0
wfs:SPORTSTAETTENOGD.16939,3055.0
wfs:SPORTSTAETTENOGD.16940,534.0
wfs:SPORTSTAETTENOGD.16941,1750.0
wfs:SPORTSTAETTENOGD.16942,1072.0
wfs:SPORTSTAETTENOGD.16943,326.0
wfs:SPORTSTAETTENOGD.16944,243.0
wfs:SPORTSTAETTENOGD.16945,878.0
wfs:SPORTSTAETTENOGD.16946,1127.0
wfs:SPORTSTAETTENOGD.16947,576.0
wfs:SPORTSTAETTENOGD.16948,405.0
wfs:SPORTSTAETTENOGD.16949,4787.0
wfs:SPORTSTAETTENOGD.16950,585.0
wfs:SPORTSTAETTENOGD.16951,1298.0
wfs:SPORTSTAETTENOGD.16952,2025.0
wfs:SPORTSTAETTENOGD.16953,484.0
wfs:SPORTSTAETTENOGD.16954,985.0
wfs:SPORTSTAETTENOGD.16955,142.0
wfs:SPORTSTAETTENOGD.16956,716.0
wfs:SPORTSTAETTENOGD.16957,585.0
wfs:SPORTSTAETTENOGD.16958,405.0
wfs:SPORTSTAETTENOGD.16959,165.0
wfs:SPORTSTAETTENOGD.16960,395.0
wfs:SPORTSTAETTENOGD.16961,2655.0
wfs:SPORTSTAETTENOGD.16962,263.0
wfs:SPORTSTAETTENOGD.16963,4260.0
wfs:SPORTSTAETTENOGD.16964,2004.0
wfs:SPORTSTAETTENOGD.16965,134.0
wfs:SPORTSTAETTENOGD.16966,296.0
wfs:SPORTSTAETTENOGD.16967,202.0
wfs:SPORTSTAETTENOGD.16968,1124.0
wfs:SPORTSTAETTENOGD.16969,336.0
wfs:SPORTSTAETTENOGD.16970,149.0
wfs:SPORTSTAETTENOGD.16971,219.0
wfs:SPORTSTAETTENOGD.16972,488.0
wfs:SPORTSTAETTENOGD.16973,140.0
wfs:SPORTSTAETTENOGD.16974,112.0
wfs:SPORTSTAETTENOGD.16975,405.0
wfs:SPORTSTAETTENOGD.16976,94.0
wfs:SPORTSTAETTENOGD.16977,864.0
wfs:SPORTSTAETTENOGD.16978,190.0
wfs:SPORTSTAETTENOGD.16979,1450.0
wfs:SPORTSTAETTENOGD.16980,288.0
wfs:SPORTSTAETTENOGD.16981,416.0
wfs:SPORTSTAETTENOGD.16982,120.0
wfs:SPORTSTAETTENOGD.16983,282.0
wfs:SPORTSTAETTENOGD.16984,270.0
wfs:SPORTSTAETTENOGD.16985,800.0
wfs:SPORTSTAETTENOGD.16986,405.0
wfs:SPORTSTAETTENOGD.16987,288.0
wfs:SPORTSTAETTENOGD.16988,123.0
wfs:SPORTSTAETTENOGD.16989,111.0
wfs:SPORTSTAETTENOGD.16990,757.0
wfs:SPORTSTAETTENOGD.16991,993.0
wfs:SPORTSTAETTENOGD.16992,355.0
wfs:SPORTSTAETTENOGD.16993,1147.0
wfs:SPORTSTAETTENOGD.16994,320.0
wfs:SPORTSTAETTENOGD.16995,486.0
wfs:SPORTSTAETTENOGD.16996,768.0
wfs:SPORTSTAETTENOGD.16997,760.0
wfs:SPORTSTAETTENOGD.16998,5554.0
wfs:SPORTSTAETTENOGD.16999,96.0
wfs:SPORTSTAETTENOGD.17000,497.0
wfs:SPORTSTAETTENOGD.17001,218.0
wfs:SPORTSTAETTENOGD.17002,288.0
wfs:SPORTSTAETTENOGD.17003,1258.0
wfs:SPORTSTAETTENOGD.17004,750.0
wfs:SPORTSTAETTENOGD.17005,810.0
wfs:SPORTSTAETTENOGD.17007,1092.0
wfs:SPORTSTAETTENOGD.17008,776.0
wfs:SPORTSTAETTENOGD.17009,314.0
wfs:SPORTSTAETTENOGD.17010,271.0
wfs:SPORTSTAETTENOGD.17011,163.0
wfs:SPORTSTAETTENOGD.17012,449.0
wfs:SPORTSTAETTENOGD.17013,3000.0
wfs:SPORTSTAETTENOGD.17014,672.0
wfs:SPORTSTAETTENOGD.17015,1472.0
wfs:SPORTSTAETTENOGD.17016,285.0
wfs:SPORTSTAETTENOGD.17017,112.0
wfs:SPORTSTAETTENOGD.17018,1343.0
wfs:SPORTSTAETTENOGD.17019,1956.0
wfs:SPORTSTAETTENOGD.17020,585.0
wfs:SPORTSTAETTENOGD.17021,1610.0
wfs:SPORTSTAETTENOGD.17022,141.0
wfs:SPORTSTAETTENOGD.17023,384.0
wfs:SPORTSTAETTENOGD.17024,316.0
wfs:SPORTSTAETTENOGD.17025,2361.0
wfs:SPORTSTAETTENOGD.17026,1800.0
wfs:SPORTSTAETTENOGD.17027,24170.0
wfs:SPORTSTAETTENOGD.17028,529.0
wfs:SPORTSTAETTENOGD.17029,1184.0
wfs:SPORTSTAETTENOGD.17030,140.0
wfs:SPORTSTAETTENOGD.17031,860.0
wfs:SPORTSTAETTENOGD.17032,143.0
wfs:SPORTSTAETTENOGD.17033,168.0
wfs:SPORTSTAETTENOGD.17034,849.0
wfs:SPORTSTAETTENOGD.17035,468.0
wfs:SPORTSTAETTENOGD.17036,1552.0
wfs:SPORTSTAETTENOGD.17006,1578.0
wfs:SPORTSTAETTENOGD.17037,204.0
wfs:SPORTSTAETTENOGD.17038,112.0
wfs:SPORTSTAETTENOGD.17039,112.0
wfs:SPORTSTAETTENOGD.17040,52.0
wfs:SPORTSTAETTENOGD.17041,1092.0
wfs:SPORTSTAETTENOGD.17042,296.0
wfs:SPORTSTAETTENOGD.17043,842.0
wfs:SPORTSTAETTENOGD.17044,288.0
wfs:SPORTSTAETTENOGD.17045,354.0
wfs:SPORTSTAETTENOGD.17046,585.0
wfs:SPORTSTAETTENOGD.17047,788.0
wfs:SPORTSTAETTENOGD.17048,341.0
wfs:SPORTSTAETTENOGD.17049,183.0
wfs:SPORTSTAETTENOGD.17050,690.0
wfs:SPORTSTAETTENOGD.17051,931.0
wfs:SPORTSTAETTENOGD.17052,128.0
wfs:SPORTSTAETTENOGD.17053,180.0
wfs:SPORTSTAETTENOGD.17054,157.0
wfs:SPORTSTAETTENOGD.17055,327.0
wfs:SPORTSTAETTENOGD.17056,146.0
wfs:SPORTSTAETTENOGD.17057,31650.0
wfs:SPORTSTAETTENOGD.17058,9590.0
wfs:SPORTSTAETTENOGD.17059,1620.0
wfs:SPORTSTAETTENOGD.17060,434.0
wfs:SPORTSTAETTENOGD.17061,870.0
wfs:SPORTSTAETTENOGD.17062,864.0
wfs:SPORTSTAETTENOGD.17063,5538.0
wfs:SPORTSTAETTENOGD.17064,7305.0
wfs:SPORTSTAETTENOGD.17065,1695.0
wfs:SPORTSTAETTENOGD.17066,288.0
wfs:SPORTSTAETTENOGD.17067,1942.0
wfs:SPORTSTAETTENOGD.17068,157.0
wfs:SPORTSTAETTENOGD.17069,401.0
wfs:SPORTSTAETTENOGD.17070,42110.0
wfs:SPORTSTAETTENOGD.17071,3000.0
wfs:SPORTSTAETTENOGD.17072,19644.0
wfs:SPORTSTAETTENOGD.17073,150.0
wfs:SPORTSTAETTENOGD.17074,634.0
wfs:SPORTSTAETTENOGD.17075,91.0
wfs:SPORTSTAETTENOGD.17076,138.0
wfs:SPORTSTAETTENOGD.17077,180.0
wfs:SPORTSTAETTENOGD.17078,997.0
wfs:SPORTSTAETTENOGD.17079,122.0
wfs:SPORTSTAETTENOGD.17080,122.0
wfs:SPORTSTAETTENOGD.17081,1215.0
wfs:SPORTSTAETTENOGD.17082,7625.0
wfs:SPORTSTAETTENOGD.17083,182.0
wfs:SPORTSTAETTENOGD.17084,483.0
wfs:SPORTSTAETTENOGD.17085,144.0
wfs:SPORTSTAETTENOGD.17086,321.0
wfs:SPORTSTAETTENOGD.17087,124.0
wfs:SPORTSTAETTENOGD.17088,123.0
wfs:SPORTSTAETTENOGD.17089,139.0
wfs:SPORTSTAETTENOGD.17090,199.0
wfs:SPORTSTAETTENOGD.17091,523.0
wfs:SPORTSTAETTENOGD.17092,765.0
wfs:SPORTSTAETTENOGD.17093,663.0
wfs:SPORTSTAETTENOGD.17094,144.0
wfs:SPORTSTAETTENOGD.17095,321.0
wfs:SPORTSTAETTENOGD.17096,334.0
wfs:SPORTSTAETTENOGD.17097,460.0
wfs:SPORTSTAETTENOGD.17098,124.0
wfs:SPORTSTAETTENOGD.17099,122.0
wfs:SPORTSTAETTENOGD.17100,289.0
wfs:SPORTSTAETTENOGD.17101,153.0
wfs:SPORTSTAETTENOGD.17102,171.0
wfs:SPORTSTAETTENOGD.17103,1095.0
wfs:SPORTSTAETTENOGD.17104,290.0
wfs:SPORTSTAETTENOGD.17105,222.0
wfs:SPORTSTAETTENOGD.17106,284.0
wfs:SPORTSTAETTENOGD.17107,264.0
wfs:SPORTSTAETTENOGD.17108,75.0
wfs:SPORTSTAETTENOGD.17109,200.0
wfs:SPORTSTAETTENOGD.17110,518.0
wfs:SPORTSTAETTENOGD.17111,200.0
wfs:SPORTSTAETTENOGD.17112,405.0
wfs:SPORTSTAETTENOGD.17113,292.0
wfs:SPORTSTAETTENOGD.17114,600.0
wfs:SPORTSTAETTENOGD.17115,800.0
wfs:SPORTSTAETTENOGD.17116,276.0
wfs:SPORTSTAETTENOGD.17117,160.0
wfs:SPORTSTAETTENOGD.17118,305.0
wfs:SPORTSTAETTENOGD.17119,978.0
wfs:SPORTSTAETTENOGD.17120,160.0
wfs:SPORTSTAETTENOGD.17121,135.0
wfs:SPORTSTAETTENOGD.17122,221.0
wfs:SPORTSTAETTENOGD.17123,69.0
wfs:SPORTSTAETTENOGD.17124,272.0
wfs:SPORTSTAETTENOGD.17125,544.0
wfs:SPORTSTAETTENOGD.17126,627.0
wfs:SPORTSTAETTENOGD.17127,159.0
wfs:SPORTSTAETTENOGD.17128,360.0
wfs:SPORTSTAETTENOGD.17129,111.0
wfs:SPORTSTAETTENOGD.17130,441.0
wfs:SPORTSTAETTENOGD.17131,810.0
wfs:SPORTSTAETTENOGD.17132,137.0
wfs:SPORTSTAETTENOGD.17133,138.0
wfs:SPORTSTAETTENOGD.17134,264.0
wfs:SPORTSTAETTENOGD.17135,346.0
wfs:SPORTSTAETTENOGD.17136,1268.0
wfs:SPORTSTAETTENOGD.17137,1740.0
wfs:SPORTSTAETTENOGD.17138,585.0
wfs:SPORTSTAETTENOGD.17139,1130.0
wfs:SPORTSTAETTENOGD.17140,646.0
wfs:SPORTSTAETTENOGD.17141,143.0
wfs:SPORTSTAETTENOGD.17142,973.0
wfs:SPORTSTAETTENOGD.17143,581.0
wfs:SPORTSTAETTENOGD.17144,1472.0
wfs:SPORTSTAETTENOGD.17145,352.0
wfs:SPORTSTAETTENOGD.17146,312.0
wfs:SPORTSTAETTENOGD.17147,2222.0
wfs:SPORTSTAETTENOGD.17148,1746.0
wfs:SPORTSTAETTENOGD.17149,585.0
wfs:SPORTSTAETTENOGD.17150,6520.0
wfs:SPORTSTAETTENOGD.17151,1426.0
wfs:SPORTSTAETTENOGD.17152,818.0
wfs:SPORTSTAETTENOGD.17153,990.0
wfs:SPORTSTAETTENOGD.17154,10760.0
wfs:SPORTSTAETTENOGD.17155,8404.0
wfs:SPORTSTAETTENOGD.17156,360.0
wfs:SPORTSTAETTENOGD.17157,4932.0
wfs:SPORTSTAETTENOGD.17158,2153.0
wfs:SPORTSTAETTENOGD.17159,383.0
wfs:SPORTSTAETTENOGD.17160,473.0
wfs:SPORTSTAETTENOGD.17161,400.0
wfs:SPORTSTAETTENOGD.17162,179.0
wfs:SPORTSTAETTENOGD.17163,2930.0
wfs:SPORTSTAETTENOGD.17164,5876.0
wfs:SPORTSTAETTENOGD.17165,516.0
wfs:SPORTSTAETTENOGD.17166,2278.0
wfs:SPORTSTAETTENOGD.17167,114.0
wfs:SPORTSTAETTENOGD.17168,1190.0
wfs:SPORTSTAETTENOGD.17169,291.0
wfs:SPORTSTAETTENOGD.17170,278.0
wfs:SPORTSTAETTENOGD.17171,585.0
wfs:SPORTSTAETTENOGD.17172,780.0
wfs:SPORTSTAETTENOGD.17173,405.0
wfs:SPORTSTAETTENOGD.17174,1179.0
wfs:SPORTSTAETTENOGD.17175,610.0
wfs:SPORTSTAETTENOGD.17176,6112.0
wfs:SPORTSTAETTENOGD.17177,1215.0
wfs:SPORTSTAETTENOGD.17178,405.0
wfs:SPORTSTAETTENOGD.17179,1024.0
wfs:SPORTSTAETTENOGD.17180,7819.0
wfs:SPORTSTAETTENOGD.17181,864.0
wfs:SPORTSTAETTENOGD.17182,288.0
wfs:SPORTSTAETTENOGD.17183,8360.0
wfs:SPORTSTAETTENOGD.17184,405.0
wfs:SPORTSTAETTENOGD.17185,1042.0
wfs:SPORTSTAETTENOGD.17186,281.0
wfs:SPORTSTAETTENOGD.17187,222.0
wfs:SPORTSTAETTENOGD.17188,7763.0
wfs:SPORTSTAETTENOGD.17189,810.0
wfs:SPORTSTAETTENOGD.17190,2382.0
wfs:SPORTSTAETTENOGD.17191,280.0
wfs:SPORTSTAETTENOGD.17192,16240.0
wfs:SPORTSTAETTENOGD.17193,1215.0
wfs:SPORTSTAETTENOGD.17194,1288.0
wfs:SPORTSTAETTENOGD.17195,2000.0
wfs:SPORTSTAETTENOGD.17196,3214.0
wfs:SPORTSTAETTENOGD.17197,585.0
wfs:SPORTSTAETTENOGD.17198,405.0
wfs:SPORTSTAETTENOGD.17199,6918.0
wfs:SPORTSTAETTENOGD.17200,578.0
wfs:SPORTSTAETTENOGD.17201,466.0
wfs:SPORTSTAETTENOGD.17202,1200.0
wfs:SPORTSTAETTENOGD.17203,402.0
wfs:SPORTSTAETTENOGD.17204,4449.0
wfs:SPORTSTAETTENOGD.17205,1152.0
wfs:SPORTSTAETTENOGD.17206,400.0
wfs:SPORTSTAETTENOGD.17207,2060.0
wfs:SPORTSTAETTENOGD.17208,1170.0
wfs:SPORTSTAETTENOGD.17209,3600.0
wfs:SPORTSTAETTENOGD.17210,587.0
wfs:SPORTSTAETTENOGD.17211,7259.0
wfs:SPORTSTAETTENOGD.17212,200.0
wfs:SPORTSTAETTENOGD.17213,823.0
wfs:SPORTSTAETTENOGD.17214,1278.0
wfs:SPORTSTAETTENOGD.17215,529.0
wfs:SPORTSTAETTENOGD.17216,968.0
wfs:SPORTSTAETTENOGD.17217,585.0
wfs:SPORTSTAETTENOGD.17218,990.0
wfs:SPORTSTAETTENOGD.17219,768.0
wfs:SPORTSTAETTENOGD.17220,1500.0
wfs:SPORTSTAETTENOGD.17221,1288.0
wfs:SPORTSTAETTENOGD.17222,486.0
wfs:SPORTSTAETTENOGD.17223,160.0
wfs:SPORTSTAETTENOGD.17224,2468.0
wfs:SPORTSTAETTENOGD.17225,300.0
wfs:SPORTSTAETTENOGD.17226,962.0
wfs:SPORTSTAETTENOGD.17227,7368.0
wfs:SPORTSTAETTENOGD.17228,5194.0
wfs:SPORTSTAETTENOGD.17229,4419.0
wfs:SPORTSTAETTENOGD.17230,288.0
wfs:SPORTSTAETTENOGD.17231,1345.0
wfs:SPORTSTAETTENOGD.17232,552.0
wfs:SPORTSTAETTENOGD.17233,288.0
wfs:SPORTSTAETTENOGD.17234,810.0
wfs:SPORTSTAETTENOGD.17235,995.0
wfs:SPORTSTAETTENOGD.17236,555.0
wfs:SPORTSTAETTENOGD.17237,3723.0
wfs:SPORTSTAETTENOGD.17238,1976.0
wfs:SPORTSTAETTENOGD.17239,864.0
wfs:SPORTSTAETTENOGD.17240,810.0
wfs:SPORTSTAETTENOGD.17241,580.0
wfs:SPORTSTAETTENOGD.17242,3741.0
wfs:SPORTSTAETTENOGD.17243,1288.0
wfs:SPORTSTAETTENOGD.17244,288.0
wfs:SPORTSTAETTENOGD.17245,2966.0
wfs:SPORTSTAETTENOGD.17246,585.0
wfs:SPORTSTAETTENOGD.17247,436.0
wfs:SPORTSTAETTENOGD.17248,2471.0
wfs:SPORTSTAETTENOGD.17249,645.0
wfs:SPORTSTAETTENOGD.17250,72.0
wfs:SPORTSTAETTENOGD.17251,2116.0
wfs:SPORTSTAETTENOGD.17252,1398.0
wfs:SPORTSTAETTENOGD.17253,394.0
wfs:SPORTSTAETTENOGD.17254,400.0
wfs:SPORTSTAETTENOGD.17255,1215.0
wfs:SPORTSTAETTENOGD.17256,3516.0
wfs:SPORTSTAETTENOGD.17257,394.0
wfs:SPORTSTAETTENOGD.17258,88.0
wfs:SPORTSTAETTENOGD.17259,4605.0
wfs:SPORTSTAETTENOGD.17260,400.0
wfs:SPORTSTAETTENOGD.17261,288.0
wfs:SPORTSTAETTENOGD.17262,11272.0
wfs:SPORTSTAETTENOGD.17263,1193.0
wfs:SPORTSTAETTENOGD.17264,655.0
wfs:SPORTSTAETTENOGD.17265,1125.0
wfs:SPORTSTAETTENOGD.17266,1080.0
wfs:SPORTSTAETTENOGD.17267,3892.0
wfs:SPORTSTAETTENOGD.17268,903.0
wfs:SPORTSTAETTENOGD.17269,200.0
wfs:SPORTSTAETTENOGD.17270,1288.0
wfs:SPORTSTAETTENOGD.17271,8640.0
wfs:SPORTSTAETTENOGD.17272,1215.0
wfs:SPORTSTAETTENOGD.17273,288.0
wfs:SPORTSTAETTENOGD.17274,12084.0
wfs:SPORTSTAETTENOGD.17275,488.0
wfs:SPORTSTAETTENOGD.17276,2903.0
wfs:SPORTSTAETTENOGD.17277,461.0
wfs:SPORTSTAETTENOGD.17278,576.0
wfs:SPORTSTAETTENOGD.17279,4850.0
wfs:SPORTSTAETTENOGD.17280,700.0
wfs:SPORTSTAETTENOGD.17281,354.0
wfs:SPORTSTAETTENOGD.17282,3622.0
wfs:SPORTSTAETTENOGD.17283,288.0
wfs:SPORTSTAETTENOGD.17284,1200.0
wfs:SPORTSTAETTENOGD.17285,405.0
wfs:SPORTSTAETTENOGD.17286,52200.0
wfs:SPORTSTAETTENOGD.17287,368.0
wfs:SPORTSTAETTENOGD.17288,452.0
wfs:SPORTSTAETTENOGD.17289,1366.0
wfs:SPORTSTAETTENOGD.17290,663.0
wfs:SPORTSTAETTENOGD.17291,4840.0
wfs:SPORTSTAETTENOGD.17292,2242.0
wfs:SPORTSTAETTENOGD.17293,758.0
wfs:SPORTSTAETTENOGD.17294,557.0
wfs:SPORTSTAETTENOGD.17295,404.0
wfs:SPORTSTAETTENOGD.17296,4292.0
wfs:SPORTSTAETTENOGD.17297,576.0
wfs:SPORTSTAETTENOGD.17298,1440.0
wfs:SPORTSTAETTENOGD.17299,414.0
wfs:SPORTSTAETTENOGD.17300,1556.0
wfs:SPORTSTAETTENOGD.17301,959.0
wfs:SPORTSTAETTENOGD.17302,0.0
wfs:SPORTSTAETTENOGD.17303,506.0
wfs:SPORTSTAETTENOGD.17304,3048.0
wfs:SPORTSTAETTENOGD.17305,1350.0
wfs:SPORTSTAETTENOGD.17306,1415.0
wfs:SPORTSTAETTENOGD.17307,315.0
wfs:SPORTSTAETTENOGD.17308,30.0
wfs:SPORTSTAETTENOGD.17309,850.0
wfs:SPORTSTAETTENOGD.17310,320.0
wfs:SPORTSTAETTENOGD.17311,1405.0
wfs:SPORTSTAETTENOGD.17312,30.0
wfs:SPORTSTAETTENOGD.17313,100.0
wfs:SPORTSTAETTENOGD.17314,760.0
wfs:SPORTSTAETTENOGD.17315,375.0
wfs:SPORTSTAETTENOGD.17316,1040.0
wfs:SPORTSTAETTENOGD.17317,875.0
wfs:SPORTSTAETTENOGD.17318,60.0
wfs:SPORTSTAETTENOGD.17319,775.0
wfs:SPORTSTAETTENOGD.17320,110.0
wfs:SPORTSTAETTENOGD.17321,215.0
wfs:SPORTSTAETTENOGD.17322,230.0
wfs:SPORTSTAETTENOGD.17323,85.0
wfs:SPORTSTAETTENOGD.17324,55.0
wfs:SPORTSTAETTENOGD.17325,105.0
wfs:SPORTSTAETTENOGD.17326,615.0
wfs:SPORTSTAETTENOGD.17359,595.0
wfs:SPORTSTAETTENOGD.17360,420.0
wfs:SPORTSTAETTENOGD.17361,170.0
wfs:SPORTSTAETTENOGD.17362,600.0
wfs:SPORTSTAETTENOGD.17363,215.0
wfs:SPORTSTAETTENOGD.17364,171.0
wfs:SPORTSTAETTENOGD.17365,695.0
wfs:SPORTSTAETTENOGD.17366,1145.0
wfs:SPORTSTAETTENOGD.17367,18929.0
wfs:SPORTSTAETTENOGD.17368,1103.0
wfs:SPORTSTAETTENOGD.17369,1228.0
wfs:SPORTSTAETTENOGD.17370,23000.0
wfs:SPORTSTAETTENOGD.17371,132360.0
wfs:SPORTSTAETTENOGD.17372,2745.0
wfs:SPORTSTAETTENOGD.17373,180.0
wfs:SPORTSTAETTENOGD.17374,650.0
wfs:SPORTSTAETTENOGD.17375,80.0
wfs:SPORTSTAETTENOGD.17376,405.0
wfs:SPORTSTAETTENOGD.17377,800.0
wfs:SPORTSTAETTENOGD.17378,810.0
wfs:SPORTSTAETTENOGD.17379,648.0
wfs:SPORTSTAETTENOGD.17380,300.0
wfs:SPORTSTAETTENOGD.17381,300.0
wfs:SPORTSTAETTENOGD.17382,1000.0
wfs:SPORTSTAETTENOGD.17383,810.0
wfs:SPORTSTAETTENOGD.17384,1375.0
wfs:SPORTSTAETTENOGD.17385,162.0
wfs:SPORTSTAETTENOGD.17386,100.0
wfs:SPORTSTAETTENOGD.17387,405.0
wfs:SPORTSTAETTENOGD.17388,810.0
wfs:SPORTSTAETTENOGD.17389,291.0
wfs:SPORTSTAETTENOGD.17390,1040.0
wfs:SPORTSTAETTENOGD.17391,1272.0
wfs:SPORTSTAETTENOGD.17392,306.0
wfs:SPORTSTAETTENOGD.17393,257.0
wfs:SPORTSTAETTENOGD.17394,5371.0
wfs:SPORTSTAETTENOGD.17395,388.0
wfs:SPORTSTAETTENOGD.17396,1288.0
wfs:SPORTSTAETTENOGD.17397,405.0
wfs:SPORTSTAETTENOGD.17398,2195.0
wfs:SPORTSTAETTENOGD.17399,514.0
wfs:SPORTSTAETTENOGD.17400,600.0
wfs:SPORTSTAETTENOGD.17401,1990.0
wfs:SPORTSTAETTENOGD.17402,1300.0
wfs:SPORTSTAETTENOGD.17403,1300.0
wfs:SPORTSTAETTENOGD.17404,288.0
wfs:SPORTSTAETTENOGD.17405,275.0
wfs:SPORTSTAETTENOGD.17406,120.0
wfs:SPORTSTAETTENOGD.17407,1145.0
wfs:SPORTSTAETTENOGD.17408,6505.0
wfs:SPORTSTAETTENOGD.17409,576.0
wfs:SPORTSTAETTENOGD.17410,2460.0
wfs:SPORTSTAETTENOGD.17411,240.0
wfs:SPORTSTAETTENOGD.17412,1125.0
wfs:SPORTSTAETTENOGD.17413,655.0
wfs:SPORTSTAETTENOGD.17414,959938.0
wfs:SPORTSTAETTENOGD.17415,0.0
wfs:SPORTSTAETTENOGD.17416,1000.0
wfs:SPORTSTAETTENOGD.17417,2687.0
wfs:SPORTSTAETTENOGD.17418,3480.0
wfs:SPORTSTAETTENOGD.17419,4954.0
wfs:SPORTSTAETTENOGD.17420,6500.0
wfs:SPORTSTAETTENOGD.17421,200.0
wfs:SPORTSTAETTENOGD.17422,2047.0
wfs:SPORTSTAETTENOGD.17423,7599.0
wfs:SPORTSTAETTENOGD.17424,280.0
wfs:SPORTSTAETTENOGD.17425,180.0
wfs:SPORTSTAETTENOGD.17426,320.0
wfs:SPORTSTAETTENOGD.17427,150.0
wfs:SPORTSTAETTENOGD.17428,30.0
wfs:SPORTSTAETTENOGD.17429,1180.0
wfs:SPORTSTAETTENOGD.17430,50.0
wfs:SPORTSTAETTENOGD.17431,125.0
wfs:SPORTSTAETTENOGD.17432,750.0
wfs:SPORTSTAETTENOGD.17433,1355.0
wfs:SPORTSTAETTENOGD.17434,105.0
wfs:SPORTSTAETTENOGD.17435,440.0
wfs:SPORTSTAETTENOGD.17436,715.0
wfs:SPORTSTAETTENOGD.17437,575.0
wfs:SPORTSTAETTENOGD.17438,20.0
wfs:SPORTSTAETTENOGD.17439,10.0
wfs:SPORTSTAETTENOGD.17440,690.0
wfs:SPORTSTAETTENOGD.17441,110.0
wfs:SPORTSTAETTENOGD.17442,320.0
wfs:SPORTSTAETTENOGD.17443,220.0
wfs:SPORTSTAETTENOGD.17444,5.0
wfs:SPORTSTAETTENOGD.17445,625.0
wfs:SPORTSTAETTENOGD.17446,892.0
wfs:SPORTSTAETTENOGD.17447,189.0
wfs:SPORTSTAETTENOGD.17448,200.0
wfs:SPORTSTAETTENOGD.17449,32395.0
wfs:SPORTSTAETTENOGD.17450,10631.0
wfs:SPORTSTAETTENOGD.17451,12000.0
wfs:SPORTSTAETTENOGD.17452,12969.0
wfs:SPORTSTAETTENOGD.17453,59815.0
wfs:SPORTSTAETTENOGD.17454,40345.0
wfs:SPORTSTAETTENOGD.17455,30793.0
wfs:SPORTSTAETTENOGD.17456,4570.0
wfs:SPORTSTAETTENOGD.17457,10490.0
wfs:SPORTSTAETTENOGD.17458,26662.0
wfs:SPORTSTAETTENOGD.17459,47720.0
wfs:SPORTSTAETTENOGD.17460,2269.0
wfs:SPORTSTAETTENOGD.17461,993.0
wfs:SPORTSTAETTENOGD.17462,29494.0
wfs:SPORTSTAETTENOGD.17463,93266.0
wfs:SPORTSTAETTENOGD.17464,319284.0
wfs:SPORTSTAETTENOGD.17465,8424.0
wfs:SPORTSTAETTENOGD.17466,750.0
wfs:SPORTSTAETTENOGD.17467,500.0
wfs:SPORTSTAETTENOGD.17468,4001.0
wfs:SPORTSTAETTENOGD.17469,9726.0
wfs:SPORTSTAETTENOGD.17470,930.0
wfs:SPORTSTAETTENOGD.17471,105.0
wfs:SPORTSTAETTENOGD.17472,395.0
wfs:SPORTSTAETTENOGD.17473,45.0
wfs:SPORTSTAETTENOGD.17474,470.0
wfs:SPORTSTAETTENOGD.17475,205.0
wfs:SPORTSTAETTENOGD.17476,30.0
wfs:SPORTSTAETTENOGD.17477,195.0
wfs:SPORTSTAETTENOGD.17478,355.0
wfs:SPORTSTAETTENOGD.17479,57536.0
wfs:SPORTSTAETTENOGD.17480,16105.0
wfs:SPORTSTAETTENOGD.17481,31875.0
wfs:SPORTSTAETTENOGD.17482,7528.0
wfs:SPORTSTAETTENOGD.17483,29014.0
wfs:SPORTSTAETTENOGD.17484,15000.0
wfs:SPORTSTAETTENOGD.17485,35252.0
wfs:SPORTSTAETTENOGD.17486,40069.0
