at:43:3499,Gerasdorf Bahnhof,d22
at:43:5133,Vösendorf-Siebenhirten,d23
at:49:1,Schrankenberggasse,d10
at:49:10,"Neustift, Agnesgasse",d19
at:49:100,Broßmannplatz,d21
at:49:1000,Pensionistenwohnhaus Atzgersdorf,d23
at:49:1001,Pensionistenwohnhaus Rosenberg,d13
at:49:1002,Pensionsversicherungsanstalt,d02
at:49:1004,Neubreitenlee,d22
at:49:1005,Penzinger Straße,d14
at:49:1007,Perfektastraße,d23
at:49:1008,Perntergasse,d19
at:49:1009,Perspektivstraße,d02
at:49:101,Aumannplatz,d18
at:49:1010,Peter-Jordan-Straße,d19
at:49:1012,Pfarrgasse,d23
at:49:1013,Pfenninggeldgasse,d16
at:49:1014,Seckendorfstraße,d14
at:49:1015,Meidling,d12
at:49:1016,Alfred-Adler-Straße,d10
at:49:1017,Piaristengasse,d08
at:49:1018,Pilgramgasse,d06
at:49:1019,Kolschitzkygasse,d04
at:49:102,Autokaderstraße,d21
at:49:1021,Plachygasse,d17
at:49:1022,Plankengasse,d01
at:49:1023,Karl-Bednarik-Gasse,d22
at:49:1024,Plattensteinergasse,d22
at:49:1025,Plößlgasse,d03
at:49:1026,Podlahagasse,d22
at:49:1027,Pogrelzstraße,d22
at:49:1028,Pohlgasse,d12
at:49:1029,Veletaweg,d17
at:49:103,Aßmayergasse,d12
at:49:1030,Pokornygasse,d19
at:49:1031,Polgarstraße,d22
at:49:1033,Tiefer Graben,d01
at:49:1034,Portnergasse,d22
at:49:1035,Hütteldorfer Straße,d14
at:49:1037,Possingergasse,d16
at:49:1038,Fritz-Feigl-Weg,d22
at:49:1039,Praterbrücke,d02
at:49:104,Bacherplatz,d05
at:49:1040,Praterstern,d02
at:49:1041,Rasumofskygasse,d03
at:49:1042,Nestroyplatz U/Praterstr.,d02
at:49:1043,Predigtstuhl,d17
at:49:1044,Preindlgasse,d13
at:49:1045,Pretschgasse,d11
at:49:1046,Christine-Touaillon-Straße,d22
at:49:1047,Preßgasse,d04
at:49:1048,Prinzgasse,d22
at:49:1049,Otto-Wagner-Areal,d14
at:49:105,Badeteich Süßenbrunn,d22
at:49:1050,Puchgasse,d22
at:49:1052,Klinik Penzing,d14
at:49:1053,Pumgasse,d23
at:49:1054,Purkytgasse,d23
at:49:1055,Pönningerweg,d16
at:49:1056,Pötzleinsdorf,d18
at:49:1057,Pötzleinsdorfer Friedhof,d19
at:49:1058,Quellenplatz,d10
at:49:106,Badgasse,d14
at:49:1060,Knöllgasse,d10
at:49:1061,Rabengasse,d03
at:49:1062,Spittelau,d09
at:49:1063,Radetzkyplatz,d03
at:49:1065,Raimannstraße,d14
at:49:1066,Rainergasse,d04
at:49:1067,Rallenweg,d22
at:49:1068,Rampengasse,d19
at:49:107,Rettichgasse,d14
at:49:1070,Rappachgasse,d11
at:49:1071,Löwengasse,d03
at:49:1072,Rathaus,d08
at:49:1073,Ravelinstraße,d11
at:49:1074,Laxenburger Straße/Sahulkastraße,d10
at:49:1075,Ratmannsdorfgasse,d13
at:49:1076,Ratzenhofergasse,d21
at:49:1077,Rauscherstraße,d20
at:49:1078,Raxstraße,d10
at:49:1079,Rebhanngasse,d02
at:49:108,Duchekgasse,d22
at:49:1080,Redtenbachergasse,d16
at:49:1081,Pflaumengasse,d23
at:49:1082,Reichmanngasse,d14
at:49:1083,"Eßling, Wegmayersiedlung",d22
at:49:1084,Reinlgasse,d14
at:49:1085,Reinprechtsdorfer Brücke,d05
at:49:1086,Reinprechtsdorfer Straße/Arbeitergasse,d05
at:49:1087,Hansl-Schmid-Weg,d16
at:49:1088,Siebensterngasse,d07
at:49:109,Barawitzkagasse,d19
at:49:1090,Renngasse,d01
at:49:1091,Rennweg,d03
at:49:1093,Asparagusweg,d22
at:49:1094,Resselgasse,d04
at:49:1095,Reumannplatz,d10
at:49:1096,Hörndlwald,d13
at:49:1098,Richard-Strauss-Straße,d23
at:49:1099,Richthausenstraße,d17
at:49:11,Aignerstraße,d20
at:49:110,Barichgasse,d03
at:49:1100,Riedelgasse,d13
at:49:1101,Riedstraße,d14
at:49:1102,Riemergasse,d01
at:49:1103,Schippergasse,d21
at:49:1104,Rochusgasse,d03
at:49:1105,Rodaun,d23
at:49:1107,Rodauner Straße,d23
at:49:1108,Rodlergasse,d19
at:49:1109,Rohrbacherstraße,d13
at:49:111,Morelligasse,d21
at:49:1111,Rohrhofergasse,d11
at:49:1112,Rosasgasse,d12
at:49:1113,Krautackergasse,d22
at:49:1114,Rosenhügelstraße,d12
at:49:1115,Rosensteingasse,d17
at:49:1116,Rosentalgasse,d14
at:49:1117,Rossakgasse,d23
at:49:1118,Rotenmühlgasse,d12
at:49:1119,Rotenturmstraße,d01
at:49:112,Bauernfeldplatz,d09
at:49:1120,Steinspornbrücke,d22
at:49:1121,Sandleitengasse,d16
at:49:1122,Obachgasse,d22
at:49:1124,Roßauer Lände,d09
at:49:1125,Schartlgasse,d23
at:49:1126,Haschkagasse,d12
at:49:1127,Rudolf-Waisenhorn-Gasse,d23
at:49:1128,Rudolf-Zeller-Gasse,d23
at:49:1129,Rudolfsplatz,d01
at:49:113,"Linzer Straße, Hochsatzengasse",d14
at:49:1130,Rueppgasse,d02
at:49:1132,Rustengasse,d15
at:49:1133,Siemensplatz,d21
at:49:1134,Ruzickagasse,d23
at:49:1135,Rußbergstraße,d21
at:49:1136,Römergasse,d16
at:49:1137,Trabrennstraße,d02
at:49:1138,Saarplatz,d19
at:49:1139,Sagedergasse,d12
at:49:114,"Baumgartner Friedhof, 3. Tor",d14
at:49:1140,Sahulkastraße,d10
at:49:1141,Saikogasse,d22
at:49:1142,Salmannsdorf,d19
at:49:1143,Saltenstraße,d22
at:49:1144,Salzgries,d01
at:49:1145,Salztorbrücke,d01
at:49:1146,Samptwandnergasse,d14
at:49:1147,Sandrockgasse,d21
at:49:1148,Viehmarktgasse,d03
at:49:1149,St.-Hemma-Kirche,d13
at:49:115,Baumgasse,d03
at:49:1150,St.-Hubertus-Platz,d13
at:49:1151,St.-Michael-Gasse,d21
at:49:1152,St.-Ulrichs-Platz,d07
at:49:1153,Sauerburggasse,d19
at:49:1154,Scalagasse,d05
at:49:1155,Schafbergbad,d17
at:49:1156,Schafberghöhe,d18
at:49:1158,Linzer Straße,d14
at:49:1159,Schattenfrohgasse,d22
at:49:116,"Nußdorf, Beethovengang",d19
at:49:1160,"Meidling, Schedifkaplatz",d12
at:49:1162,Schemmerlstraße/Hasenleitengasse,d11
at:49:1163,Zillbauerplatz,d22
at:49:1164,Schillwasserweg,d22
at:49:1165,Südportalstraße,d02
at:49:1166,Schlachthammerstraße,d22
at:49:1168,Schleifmühlgasse,d04
at:49:1169,Schlickgasse,d09
at:49:117,Belgradplatz,d10
at:49:1171,Schloss Alterlaa,d23
at:49:1173,Schloss Belvedere,d04
at:49:1174,Schloss Hetzendorf,d12
at:49:1176,Schloss Schönbrunn,d14
at:49:1177,Wilhelminenberg,d16
at:49:1178,Schluckergasse,d13
at:49:1179,Schmelzbrücke,d15
at:49:118,Bellevuestraße,d19
at:49:1180,Schoeppelgasse,d22
at:49:1181,Schottenfeldgasse,d07
at:49:1182,Schottenring,d01
at:49:1184,Schottentor,d01
at:49:1185,St. Veiter Tor,d13
at:49:1186,Floridsdorfer Markt,d21
at:49:1187,Schrammelgasse,d17
at:49:1188,Schrekergasse,d16
at:49:1189,Schrutkagasse,d13
at:49:119,"Jedlesee, Bellgasse",d21
at:49:1190,Schuhmeierplatz,d16
at:49:1191,Ettenreichgasse/Schulzentrum,d10
at:49:1192,Schwanngasse,d21
at:49:1193,Schwarzenbergplatz,d01
at:49:1195,Schwarzenhaidestraße,d23
at:49:1196,Voltelinistraße,d21
at:49:1197,Schwarzspanierstraße,d09
at:49:1198,Schwedenplatz,d01
at:49:1199,Schlachthausgasse,d03
at:49:12,Auf der Schmelz,d15
at:49:120,Belvederegasse,d04
at:49:1200,Schweglerstraße,d15
at:49:1201,Schweizertalstraße,d13
at:49:1202,Scheibenbergstraße,d18
at:49:1203,Schwertgasse,d01
at:49:1204,Schüttauplatz,d22
at:49:1205,Schüttaustraße,d22
at:49:1206,Stadionbrücke,d02
at:49:1207,Schütthäufel,d22
at:49:1208,Schöberweg,d17
at:49:1209,Schödlbergergasse,d22
at:49:121,Benatzkygasse,d22
at:49:1210,Schöffelgasse,d18
at:49:1211,Schönbrunn,d13
at:49:1212,Gatterholzgasse,d12
at:49:1213,Hertha-Kräftner-Gasse,d21
at:49:1214,Schöpfwerk,d12
at:49:1215,Scottgasse,d21
at:49:1216,Sebaldgasse,d21
at:49:1217,Sebastian-Kohl-Gasse,d21
at:49:1218,Sechskrügelgasse,d03
at:49:1219,Rosalia-Chladek-Gasse,d22
at:49:122,Berggasse,d09
at:49:1220,Seifertstraße,d13
at:49:1221,Strigelgasse,d22
at:49:1223,Selma-Lagerlöf-Gasse,d10
at:49:1226,Sensengasse,d09
at:49:1227,Seuttergasse,d13
at:49:1228,Pellmannbrücke,d23
at:49:1229,Shuttleworthstraße,d21
at:49:123,Bergmillergasse,d14
at:49:1230,Sibeliusstraße,d10
at:49:1231,Sickenberggasse,d19
at:49:1232,Siebenbrunnenfeldgasse,d05
at:49:1233,Siebenbrunnengasse,d05
at:49:1234,Siebenbürgerstraße,d22
at:49:1235,Siebenhirten,d23
at:49:1237,Kirchengasse,d07
at:49:1239,Siedlung Blumental,d23
at:49:124,Yppengasse,d17
at:49:1240,Karl-Bekehrty-Straße,d14
at:49:1241,Siedlung Einigkeit,d22
at:49:1242,Siedlung Heuberg,d17
at:49:1243,Siedlung Kordon,d14
at:49:1244,Siedlung Sonnheim,d22
at:49:1245,Siedlung Südost,d10
at:49:1246,Promenadeweg,d17
at:49:1247,Siegesplatz,d22
at:49:1248,Siemensstraße,d21
at:49:1249,Tivoligasse,d12
at:49:125,Theodor-Körner-Gasse,d21
at:49:1250,Sievering,d19
at:49:1252,Sieveringer Straße,d19
at:49:1253,Silbergasse,d19
at:49:1254,Percostraße,d22
at:49:1255,Sillerplatz,d13
at:49:1256,Sieveringer Friedhof,d19
at:49:1257,Grillgasse,d11
at:49:1258,Pfalzgasse,d22
at:49:1259,Simmeringer Haide,d11
at:49:1260,Simmering,d11
at:49:1261,"Wolfersberg, Schöffelplatz",d14
at:49:1262,"Meidling, Eichenstraße",d12
at:49:1263,Polkorabplatz,d11
at:49:1264,Simoningplatz,d11
at:49:1265,Sindinggasse,d10
at:49:1266,Siriusweg,d14
at:49:1267,Skodagasse,d08
at:49:1268,Skraupstraße,d21
at:49:1269,Sobotagasse,d23
at:49:127,Fernkorngasse,d10
at:49:1270,Contiweg,d22
at:49:1272,Sommarugagasse,d18
at:49:1275,Sonnenuhrgasse,d06
at:49:1276,Sonnergasse,d12
at:49:1277,Sorgenthalgasse,d21
at:49:1278,Donauspital,d22
at:49:1279,"Breitenlee, Spargelfeldstraße",d22
at:49:128,Bernreiterplatz,d21
at:49:1280,Spargelfeldstraße Nord,d22
at:49:1282,Speierlinggasse,d22
at:49:1283,Preyergasse,d13
at:49:1284,Siedlung Rosenhügel,d13
at:49:1285,Speisinger Straße,d23
at:49:1286,Spengergasse,d05
at:49:1287,Spinnerin am Kreuz,d10
at:49:1288,Spitalgasse,d09
at:49:1289,Vernholzgasse,d22
at:49:129,Mühlschüttel,d21
at:49:1291,Schreinerweg,d22
at:49:1292,Smolagasse,d22
at:49:1296,Stadionbad,d02
at:49:1299,Stadlau,d22
at:49:130,Berzeliusgasse,d21
at:49:1300,Scheugasse,d10
at:49:1301,Praterkai,d02
at:49:1302,Segelzentrum Nord,d21
at:49:1303,Lorenz-Mandl-Gasse,d16
at:49:1304,Stadlergasse,d13
at:49:1305,Stadtpark,d03
at:49:1306,Staglgasse,d15
at:49:1307,Stallarngasse,d22
at:49:1308,Stammersdorf,d21
at:49:131,Franz-Eder-Weg,d11
at:49:1311,Stammhausstraße,d14
at:49:1312,Stefan-Fadinger-Platz,d10
at:49:1313,Steigenteschgasse,d22
at:49:1314,Steinamangergasse,d21
at:49:1315,Barthgasse,d03
at:49:1316,Steinbrechergasse,d22
at:49:1317,Kendlerstraße,d16
at:49:1318,Steinlegasse,d16
at:49:1319,Steinsee,d23
at:49:132,Anton-Schall-Gasse,d21
at:49:1320,Stephansplatz,d01
at:49:1321,Hermine-Jursa-Gasse,d03
at:49:1322,Sterngasse,d23
at:49:1323,Sternwartestraße,d18
at:49:1324,Stiegergasse,d15
at:49:1325,Stiftgasse,d07
at:49:1327,Stockholmer Platz,d10
at:49:1328,Stollgasse,d07
at:49:1329,Strandbad Alte Donau,d22
at:49:133,Bettelheimstraße,d22
at:49:1330,Strandbad Stadlau,d22
at:49:1331,Maria-Jacobi-Gasse,d03
at:49:1332,Stranzenberggasse,d13
at:49:1333,Strebersdorf,d21
at:49:1334,Sängergasse,d11
at:49:1335,Strebersdorfer Platz,d21
at:49:1336,Strehlgasse,d19
at:49:1337,Stadlauer Friedhof,d22
at:49:1339,Neu Marx,d03
at:49:134,Bernoullistraße,d22
at:49:1340,Strozzigasse,d08
at:49:1341,Johann-Kutschera-Gasse,d22
at:49:1342,Sulzengasse,d23
at:49:1343,Sulzwiese,d19
at:49:1344,Swatoschgasse,d11
at:49:1345,Hannah-Arendt-Platz,d22
at:49:1346,Quartier Belvedere,d10
at:49:1349,Südtiroler Pl. - Hbf.,d10
at:49:135,Döblinger Hauptstraße/Gatterburggasse,d19
at:49:1351,Michael-Neumann-Gasse,d19
at:49:1352,Südwestfriedhof 1. Tor,d12
at:49:1353,Südwestfriedhof 2. & 8. Tor,d12
at:49:1357,Süßenbrunn,d22
at:49:1358,Hauptbahnhof Süd,d10
at:49:1359,Süßenbrunner Platz,d22
at:49:136,Laxenburger Straße/Gudrunstraße,d10
at:49:1360,Süßenbrunner Straße,d22
at:49:1361,Taglieberstraße,d23
at:49:1362,Talpagasse,d23
at:49:1363,Gertrude-Fröhlich-Sandner-Straße,d10
at:49:1364,Tamariskengasse,d22
at:49:1365,Tandelmarktgasse,d02
at:49:1366,Taubstummengasse,d04
at:49:1368,Teiläckergasse,d22
at:49:1369,Teinfaltstraße,d01
at:49:137,Bezirksamt Margareten,d05
at:49:1370,Tenschertstraße,d23
at:49:1371,Tesarekplatz,d10
at:49:1372,Thaliastraße,d16
at:49:1373,Tanbruckgasse,d12
at:49:1374,Feßtgasse,d16
at:49:1375,Theater in der Josefstadt,d08
at:49:1376,Theergasse,d12
at:49:1377,Theodor-Sickel-Gasse,d10
at:49:1378,Agrarweg,d22
at:49:138,Bibernellweg,d22
at:49:1380,Thujagasse,d22
at:49:1382,Niederpointenstraße,d14
at:49:1383,Edelsinnstraße,d12
at:49:1384,Tolstojgasse,d13
at:49:1385,Traisengasse,d20
at:49:1386,Voitgasse,d22
at:49:1388,Traviatagasse,d23
at:49:1389,Triester Straße/Rossakgasse,d23
at:49:139,Kretschekgasse,d17
at:49:1392,Knöllgasse/Troststraße,d10
at:49:1393,Troststraße/Neilreichgasse,d10
at:49:1394,Tscherttegasse,d12
at:49:1395,Tullnertalgasse,d23
at:49:1396,Twarochgasse,d17
at:49:1397,Türkenschanzplatz,d18
at:49:1398,Töllergasse,d21
at:49:1399,Ulanenweg,d22
at:49:14,Alaudagasse,d10
at:49:140,Schierlinggrundbrücke,d22
at:49:1400,Ulmenstraße,d14
at:49:1401,Bambergergasse,d22
at:49:1402,Auhof Umspannwerk,d13
at:49:1403,Unfallkrankenhaus Meidling,d12
at:49:1404,Unter St. Veit,d14
at:49:1405,Sonnwendgasse,d10
at:49:1406,Unter der Kirche,d11
at:49:1407,Unteres Belvedere,d03
at:49:1408,"Breitenlee, Rautenweg",d22
at:49:1409,Unterlaa,d10
at:49:141,Alberner Hafenzufahrtsstraße West,d11
at:49:1410,Unterlaa Stadtgrenze,d10
at:49:1411,Unterlaaer Straße,d10
at:49:1412,Uranusweg,d14
at:49:1413,Urban-Loritz-Platz,d07
at:49:1414,Urselbrunnengasse,d10
at:49:1415,Ursulinenkloster,d23
at:49:1416,Utendorfgasse,d14
at:49:1417,Gebirgsgasse,d23
at:49:1418,Valiergasse,d11
at:49:1419,Van-Swieten-Kaserne,d21
at:49:142,Bischoffgasse,d12
at:49:1420,Veitingergasse,d13
at:49:1421,Venediger Au,d02
at:49:1422,"Unter St. Veit, Verbindungsbahn",d13
at:49:1423,Grabengasse,d17
at:49:1424,Versorgungsheimplatz,d13
at:49:1425,St. Marx,d03
at:49:1426,Vinzenzgasse,d18
at:49:1427,Vivariumstraße,d02
at:49:1428,Vogelweidplatz/Stadthalle,d15
at:49:1429,Vohburggasse,d21
at:49:143,Bischofgasse,d10
at:49:1430,Volkstheater,d07
at:49:1431,Malzgasse,d02
at:49:1433,Vorgartenstraße,d02
at:49:1435,Miriam-Makeba-Gasse,d22
at:49:1436,Wagenwiese,d19
at:49:1437,Wagner-Schönkirch-Gasse,d23
at:49:1438,Waidhausenstraße,d14
at:49:1439,Waidäckergasse,d16
at:49:144,Blaasstraße,d19
at:49:1440,Walcherstraße,d02
at:49:1441,Waldgasse,d10
at:49:1443,Wallensteinplatz,d20
at:49:1444,Klosterneuburger Straße/Wallensteinstraße,d20
at:49:1445,Wallishaussergasse,d17
at:49:1446,"Gersthof, Wallrißstraße",d18
at:49:1447,Warhanekgasse,d21
at:49:1448,Röbbelinggasse,d22
at:49:1449,Wasnergasse,d20
at:49:145,Blechturmgasse,d04
at:49:1450,Hintzerstraße,d03
at:49:1451,Uhlirzgasse,d21
at:49:1453,Wattmanngasse,d13
at:49:1455,Wehrbrücklstraße,d22
at:49:1456,Weidelstraße,d10
at:49:1457,Paul-Wagner-Gasse,d11
at:49:1459,Weiglgasse,d15
at:49:146,Bleibtreustraße,d11
at:49:1460,Weihburggasse,d01
at:49:1461,Weinhauser Gasse,d18
at:49:1462,Weitlofgasse,d18
at:49:1463,Weißenböckstraße,d11
at:49:1464,Weißenthurngasse,d12
at:49:1465,Wendstattgasse,d10
at:49:1466,Wenzgasse,d13
at:49:1467,Schafberg/Werfelstraße,d17
at:49:1468,Westbahnhof,d15
at:49:1469,Wolfganggasse,d12
at:49:147,Blériotgasse,d11
at:49:1470,Wexstraße,d20
at:49:1471,Weyrgasse,d03
at:49:1472,Zehngrafweg,d11
at:49:1473,Wiedgasse,d22
at:49:1474,Wielandplatz,d10
at:49:1475,Wlassakstraße,d13
at:49:1476,Pfaffenaugasse,d11
at:49:1477,Wienerbergbrücke,d12
at:49:1478,Jedletzbergerstraße,d11
at:49:1479,Wienerfeld,d10
at:49:148,Blindengasse,d08
at:49:1480,Wienerfeldgasse,d10
at:49:1481,Neulaa,d10
at:49:1482,Wolf in der Au,d14
at:49:1483,Albert-Schweitzer-Gasse,d14
at:49:1484,Wiethestraße,d22
at:49:1485,Wildbadgasse,d21
at:49:1486,Wildgansplatz,d03
at:49:1487,Wildpretstraße,d11
at:49:1488,Wilhelm-Kreß-Platz,d11
at:49:1489,Rankgasse,d16
at:49:149,Blumengasse,d17
at:49:1490,Wilhelminenstraße,d16
at:49:1491,Willendorfer Gasse,d23
at:49:1492,Willergasse/Schule,d23
at:49:1493,Winckelmannstraße,d15
at:49:1494,Windtenstraße,d10
at:49:1495,Winkeläckerstraße,d21
at:49:1496,Winterhafen,d02
at:49:1497,Wittelsbachstraße,d02
at:49:1498,Wittgensteinstraße,d13
at:49:1499,Alterlaa,d23
at:49:15,Albern,d11
at:49:150,Hetmanekgasse,d23
at:49:1500,Wohnpark Lobau,d22
at:49:1501,Wolfersberggasse,d14
at:49:1502,Wolfgang-Mühlwanger-Straße,d22
at:49:1504,Wolfrathplatz,d13
at:49:1505,"Lainz, Wolkersbergenstraße",d13
at:49:1506,Schwarzlackenau,d21
at:49:1507,Haßlwanderweg,d22
at:49:1508,Am Europlatz,d12
at:49:1509,Währinger Park,d18
at:49:1510,Währinger Straße-Volksoper,d18
at:49:1511,Adalbert-Stifter-Straße/Jägerstraße,d20
at:49:1512,Zachgasse,d22
at:49:1513,Zallingergasse,d21
at:49:1514,Zanaschkagasse,d12
at:49:1516,Serpentingasse,d21
at:49:1517,Zehetnergasse,d14
at:49:1519,Zentralfriedhof,d11
at:49:1520,Zentralfriedhof 1.Tor,d11
at:49:1521,Zentralfriedhof 2.Tor,d11
at:49:1522,Zentralfriedhof 3.Tor,d11
at:49:1523,Zentralfriedhof 4.Tor,d11
at:49:1524,Indigoweg,d10
at:49:1525,Hauptwerkstätte,d11
at:49:1526,Simonygasse,d18
at:49:1527,"Breitenlee, Ziegelhofstraße",d22
at:49:1528,Am Rain,d22
at:49:1529,Ziegelofengasse,d05
at:49:153,Borkowskigasse,d19
at:49:1530,Zieglergasse,d06
at:49:1531,Burggasse/Zieglergasse,d07
at:49:1532,Neustiftgasse/Zieglergasse,d07
at:49:1533,Westbahnstraße/Zieglergasse,d07
at:49:1534,Zifferergasse,d22
at:49:1535,Freudenauer Hafenbrücke,d11
at:49:1536,Seitenhafenstraße,d02
at:49:1537,Zschokkegasse,d22
at:49:1538,Kurt-Tichy-Gasse,d10
at:49:1539,Ludwig-Reindl-Gasse,d22
at:49:1540,Grellgasse,d21
at:49:1541,Ödenburger Straße/Schulzentrum,d21
at:49:1542,Ölhafen,d22
at:49:1543,Finsterbuschstraße/Öllager,d22
at:49:1544,"Jedlesee, Überfuhrstraße",d21
at:49:1545,Zeleborgasse,d12
at:49:1546,Ruckergasse,d12
at:49:1548,Ziehrerplatz,d03
at:49:1549,Rustenschacherallee,d02
at:49:155,Maculangasse,d22
at:49:1550,Tiroler Gasse,d13
at:49:1551,Binsenweg,d22
at:49:1552,Rosiwalgasse,d10
at:49:1553,Ernst-Krenek-Gasse,d23
at:49:1554,Bahnsteggasse,d21
at:49:1555,Tinterstraße,d14
at:49:1556,Vorarlberger Allee,d23
at:49:1558,Lerchenfelder Straße,d08
at:49:1559,Lederergasse,d08
at:49:156,Braillegasse,d14
at:49:1560,"Inzersdorf, Kirchenplatz",d23
at:49:1561,Cumberlandstraße,d14
at:49:1562,Pfarrwiesenstraße,d14
at:49:1566,Westbahnhof/Gerstnerstraße,d15
at:49:1567,Tonfabrikgasse,d21
at:49:1568,Wasserwiese,d02
at:49:157,Brandstätte,d01
at:49:1570,Marsanogasse,d18
at:49:1571,Clemens-Holzmeister-Straße,d10
at:49:1572,Graffgasse,d10
at:49:1573,Troststraße,d10
at:49:1574,Schemmerlstraße/Unterfeld,d11
at:49:1575,Schemmerlstraße,d11
at:49:1576,Speditionsstraße,d11
at:49:1577,"Hasenleiten, Industriegebiet",d11
at:49:1578,Gadnergasse,d11
at:49:1579,Guglgasse,d03
at:49:158,Braungasse,d17
at:49:1580,Seitenhafenbrücke,d02
at:49:1581,Vera-Schwarz-Gasse,d23
at:49:1583,Ernst-Happel-Stadion,d02
at:49:1585,Lichtblaustraße,d22
at:49:1586,Klingerstraße,d23
at:49:1587,Maria-Trapp-Platz,d22
at:49:1588,Warneckestraße,d11
at:49:1589,Fabianistraße,d11
at:49:159,Grimmgasse,d15
at:49:1590,Raphael-Donner-Allee,d22
at:49:1592,Ailecgasse,d11
at:49:1594,Baudißgasse,d11
at:49:1595,Oberfeldgasse,d22
at:49:1596,Jakob-Bindel-Platz,d22
at:49:1597,Korianderweg,d22
at:49:1598,Bernhardtstalgasse,d10
at:49:1599,Bertl-Hayde-Gasse,d11
at:49:16,Alberner Hafen,d11
at:49:160,Braunhubergasse,d11
at:49:1602,Strampfergasse,d13
at:49:1603,Herziggasse,d23
at:49:1604,Eitnergasse,d23
at:49:1605,Siedlung Wienerflur,d23
at:49:1606,Stipcakgasse,d23
at:49:1607,Atzlergasse,d23
at:49:1609,Wienerflurgasse,d23
at:49:161,Braunschweiggasse,d13
at:49:1610,Zentraltanklager,d22
at:49:1612,Cossmanngasse,d14
at:49:1613,Deutschordenstraße,d14
at:49:1614,Wahlberggasse,d14
at:49:1615,Henckellgasse,d14
at:49:1616,Hüttelberg,d14
at:49:1617,Steinböckengasse,d14
at:49:1619,Kalmusweg,d22
at:49:162,Scheffelstraße,d21
at:49:1620,Sevcikgasse,d23
at:49:1621,Toni-Fritsch-Weg,d21
at:49:1622,Gschweidlgasse,d21
at:49:1623,Kummergasse,d21
at:49:1624,Josef-Flandorfer-Straße,d21
at:49:1625,"Inzersdorf, Birostraße",d23
at:49:1626,Birostraße Mitte,d23
at:49:1627,Jedlersdorfer Platz,d21
at:49:1628,Dattlergasse,d21
at:49:1629,Steinergasse,d23
at:49:163,Breiteneckergasse,d23
at:49:1630,Trondheimgasse,d22
at:49:1631,"Aspern, Oberdorfstraße",d22
at:49:1633,Stavangergasse,d22
at:49:1634,Seidelbastgasse,d22
at:49:1635,Heustadelgasse/Schule,d22
at:49:1636,Hoechlegasse,d22
at:49:1637,Jägermaiszufahrt,d22
at:49:1638,Heustadelgasse,d22
at:49:1639,Auspitzgasse,d22
at:49:164,Breitenlee Friedhof,d22
at:49:1640,Mühlau,d22
at:49:1641,Leidlweg,d22
at:49:1642,Dumreichergasse,d22
at:49:1643,Arztgasse,d22
at:49:1644,Haengasse,d22
at:49:1645,Ultzmanngasse,d22
at:49:1646,Goldregengasse,d22
at:49:1648,Reglergasse,d22
at:49:1649,Kornblumenweg,d22
at:49:165,Breitenlee Ort,d22
at:49:1650,Aurikelweg,d22
at:49:1652,Wachthausgasse,d11
at:49:1654,Liechtensteinstraße/Schottentor,d09
at:49:1655,Emil-Behring-Weg,d12
at:49:1656,Willerbrücke,d23
at:49:1657,Martin-Gaunersdorfer-Gasse,d21
at:49:1658,Lichtentaler Gasse,d09
at:49:1659,Brückengasse,d06
at:49:166,Breitensee,d14
at:49:1660,Mitterhofergasse,d21
at:49:1662,Seefeldergasse,d22
at:49:1663,Otto-Weber-Gasse,d22
at:49:1664,"Schmelz, Gablenzgasse",d15
at:49:1665,Johnstraße/Schuselkagasse,d15
at:49:1666,Lorenz-Müller-Gasse,d20
at:49:1667,Jägerstraße,d20
at:49:1668,Neue Donau,d21
at:49:1669,Widholzgasse,d11
at:49:167,Roschégasse,d11
at:49:1670,Leberberg,d11
at:49:1671,Svetelskystraße,d11
at:49:1672,Franz-Eduard-Matras-Gasse,d22
at:49:1673,Theodor-Kramer-Straße,d22
at:49:1674,Hochmuthgasse,d22
at:49:1675,Schillingstraße,d22
at:49:1676,Hermann-Gebauer-Straße,d22
at:49:1677,Edmund-Reim-Gasse,d12
at:49:1678,Rothenburgstraße,d12
at:49:1679,Hervicusgasse,d12
at:49:168,Bretschneidergasse,d19
at:49:1680,Badeteich Hirschstetten,d22
at:49:1681,Kolletschkagasse,d22
at:49:1682,Hernalser Friedhof,d17
at:49:1683,Kastanienallee,d12
at:49:1684,Wopenkastraße,d11
at:49:1685,Zentralfriedhof 9.Tor,d11
at:49:1686,Greta-Keller-Gasse,d23
at:49:1687,Panethgasse,d22
at:49:1688,Weingartenallee,d22
at:49:1689,"Süßenbrunn, Sportpark",d22
at:49:169,Brigittagasse,d20
at:49:1690,Kefedergrundgasse,d21
at:49:1691,Klinik Ottakring,d16
at:49:1692,Neu-Albern,d11
at:49:1693,Allerheiligenplatz,d20
at:49:1694,Klimschgasse,d03
at:49:1695,Rodaunbrücke,d23
at:49:1696,Hackinger Straße,d14
at:49:1697,Ruthnergasse,d21
at:49:1698,Petrusgasse,d03
at:49:1699,Leberweg,d11
at:49:17,Alberner Hafenzufahrtsstraße,d11
at:49:170,Brigittaplatz,d20
at:49:1700,Zwerchäckerweg,d22
at:49:1701,Hilde-Hannak-Gasse,d22
at:49:1702,Boschstraße/Halteraugasse,d19
at:49:1703,Amtshaus Muthgasse,d19
at:49:1704,Pasettistraße,d20
at:49:1705,Handelskai,d20
at:49:1706,Kalksburg Lodererweg,d23
at:49:1707,Rossinigasse,d13
at:49:1708,Mühlhäufelgasse,d22
at:49:1709,Viktor-Wittner-Gasse,d22
at:49:171,Brockhausengasse,d22
at:49:1710,Kaposigasse,d22
at:49:1711,Kahlergasse,d22
at:49:1713,Akkonplatz,d15
at:49:1714,Holbeingasse,d10
at:49:1715,Starhemberg-Kaserne,d10
at:49:1716,Niedermoserstraße,d22
at:49:1718,Spittelbreitengasse,d12
at:49:1719,Siebeneichengasse,d15
at:49:172,Brunnengasse,d16
at:49:1720,Franz-Lehar-Gasse,d23
at:49:1721,Grundäckergasse,d10
at:49:1722,Ernanigasse,d23
at:49:1724,Simonsgasse,d22
at:49:1725,Sechshauser Gürtel,d15
at:49:1726,Schwenkgasse,d12
at:49:1727,Basler Gasse,d23
at:49:1728,Hainburger Straße,d03
at:49:1729,Mantlergasse,d13
at:49:173,Brunnenmarkt,d16
at:49:1730,Zouvalgasse,d23
at:49:1731,Wallenberggasse,d22
at:49:1732,Verbindungsweg,d22
at:49:1733,Donauturm,d21
at:49:1734,Satzberggasse,d14
at:49:1735,Prandaugasse,d22
at:49:1737,Veterinärmedizinische Universität,d21
at:49:1738,Vorwärtsplatz,d21
at:49:1739,Gewerbepark Kagran,d22
at:49:174,Brunner Straße/Erlaaer Straße,d23
at:49:1740,Martin-Luther-King-Park,d10
at:49:1741,Südrandstraße,d23
at:49:1742,Heizwerkstraße,d23
at:49:1743,Ferdinand-Frey-Weg,d14
at:49:1745,Johannes-von-Gott-Platz,d02
at:49:1746,Soldanellenweg,d22
at:49:1747,Joseph-Roth-Gasse,d02
at:49:1749,Gasometer,d11
at:49:175,Kurt-Pint-Platz,d06
at:49:1751,Marietta-Blau-Gasse,d22
at:49:1752,Breitenlee Schule,d22
at:49:1753,Franz-Schreker-Gasse,d10
at:49:1754,Rudolf-Hausner-Gasse,d22
at:49:1755,Antonsplatz,d10
at:49:1756,Simmering/Kaiserebersdorfer Straße,d11
at:49:1757,Gottschalkgasse/Enkplatz,d11
at:49:1758,Savoyenstraße,d16
at:49:176,Brünner Straße,d21
at:49:1760,Hertha-Firnberg-Straße,d10
at:49:1761,Wienerberg City,d10
at:49:1763,Steinmüllergasse,d17
at:49:1764,Umlauftgasse,d17
at:49:1766,Jenschikweg,d17
at:49:1767,Spinozagasse,d16
at:49:1768,Karl-Metschl-Gasse,d16
at:49:1769,Nottendorfer Gasse,d03
at:49:177,Bergtaidingweg,d10
at:49:1770,Franzosengraben,d03
at:49:1772,Skraupstraße/Justgasse,d21
at:49:1773,Lackenjöchelgasse,d22
at:49:1774,Ginsterweg,d22
at:49:1775,Halban-Kurz-Straße,d23
at:49:1777,Mühlweg,d21
at:49:178,Brünnlbadgasse,d09
at:49:1780,Kaiserebersdorf,d11
at:49:1781,Undsetgasse,d10
at:49:1782,Pensionistenwohnhaus Föhrenhof,d13
at:49:1784,Döblerhofstraße,d11
at:49:1785,Ober St. Veit/Franz-Boos-Gasse,d13
at:49:1786,Gewerbepark Stadlau,d22
at:49:1787,Absbergbrücke,d10
at:49:1788,Aspern Sportplatz,d22
at:49:1789,Linzer Straße/Flötzersteig,d14
at:49:179,Brüßlgasse,d16
at:49:1790,Bahnhofstraße,d14
at:49:1794,Schmerlingplatz/Volkstheater,d01
at:49:1795,Am Heumarkt,d03
at:49:1796,Jubiläumswarte,d16
at:49:1799,Stachegasse,d12
at:49:18,Alberner Straße,d11
at:49:1800,Höhenstraße/Rohrerwiese,d19
at:49:1801,Stranitzkygasse,d12
at:49:1802,Stryeckgasse,d21
at:49:1803,"Laaer Berg, Kurpark Nordosteingang",d10
at:49:1804,Hederichgasse,d10
at:49:1805,Burgenlandgasse,d10
at:49:1806,Neuwaldegger Straße,d17
at:49:1807,Plankenmaisstraße,d22
at:49:1808,Kieslerweg,d22
at:49:1809,Fuchsenzeile,d22
at:49:181,Buchbindergasse,d13
at:49:1810,Gunertweg,d22
at:49:1812,Laimgrubengasse,d06
at:49:1813,Akademietheater,d03
at:49:1814,Im Gestockert,d22
at:49:1815,Ährengrubenweg,d19
at:49:1816,Carl-Appel-Straße,d10
at:49:182,Grünhaufenbrücke,d02
at:49:1821,Schottenwald,d17
at:49:1822,Hanslteich,d17
at:49:1823,Zentralfriedhof Babygruppe,d11
at:49:1825,Haidersberggasse,d14
at:49:1826,Korngoldgasse,d14
at:49:1828,Zentralfriedhof Tor 11,d11
at:49:1829,Zentralfriedhof Mahnmal 1938-1945,d11
at:49:183,Computerstraße/Gutheil-Schoder-Gasse,d10
at:49:1830,Zentralfriedhof Friedhofsgärtnerei,d11
at:49:1831,Zentralfriedhof Halle 3/Gruppe 40,d11
at:49:1832,Zentralfriedhof Gruppe 121,d11
at:49:1833,Zentralfriedhof Gruppe 152,d11
at:49:1834,Zentralfriedhof Gruppe 147,d11
at:49:1835,Zentralfriedhof Gruppe 142,d11
at:49:1836,Zentralfriedhof Gruppe 66,d11
at:49:1837,Zentralfriedhof Gruppe 84,d11
at:49:1838,Zentralfriedhof Tor 9/Gruppe 82,d11
at:49:1839,Zentralfriedhof Kriegsgräber,d11
at:49:184,"Hütteldorf, Bujattigasse",d14
at:49:1840,Zentralfriedhof Kriegsgräber 1. Weltkrieg,d11
at:49:1841,Zentralfriedhof Gruppe 78,d11
at:49:1842,Zentralfriedhof Gruppe 74,d11
at:49:1843,Zentralfriedhof Gruppe 47,d11
at:49:1844,Zentralfriedhof Gruppe 11,d11
at:49:1846,Phillipsgasse,d14
at:49:1847,Weinzierlgasse,d14
at:49:1848,Lassallestraße,d02
at:49:185,Bundesbad Alte Donau,d22
at:49:1851,Franz-Sebek-Straße,d21
at:49:1852,Eckartsaugasse,d12
at:49:1853,Hanusch-Krankenhaus,d14
at:49:1854,Zinnergasse/Kaserne,d11
at:49:1855,Wienflussaufsicht,d14
at:49:1857,Am Schöpfwerk/Eibesbrunnergasse,d12
at:49:1858,Aderklaaer Straße,d21
at:49:1859,Großfeldsiedlung,d21
at:49:186,Bunsengasse,d21
at:49:1860,Rennbahnweg U,d22
at:49:1861,Kürschnergasse,d21
at:49:1862,Anton-Sattler-Gasse,d22
at:49:1865,Weinheimergasse,d16
at:49:1867,Aspernallee/Schule,d02
at:49:1868,Steinhagegasse,d12
at:49:1869,Josef-Prangl-Straße,d23
at:49:187,Burgersteingasse,d14
at:49:1872,Inzersdorfer Straße/Bernhardtstalgasse,d10
at:49:1873,Kainachgasse,d21
at:49:1874,Stadlauer Brücke,d02
at:49:1875,Kleine Stadtgutgasse,d02
at:49:1876,Volkertplatz,d02
at:49:1878,Pichlgasse,d22
at:49:188,Burggasse-Stadthalle,d07
at:49:1881,Welthandelsplatz,d02
at:49:1882,Nußdorf Friedhof,d19
at:49:1883,Heiligenstädter Friedhof,d19
at:49:1884,Frohes-Schaffen-Weg,d21
at:49:1885,Rosannagasse,d21
at:49:1886,Tauschekgasse,d21
at:49:1887,Petritschgasse,d21
at:49:1888,"Leopoldau, Betriebsgarage",d21
at:49:1889,Großbauerstraße,d21
at:49:189,"Hüttelbergstraße, Campingplatz",d14
at:49:1890,Ignaz-Köck-Straße,d21
at:49:1891,Taborstraße,d02
at:49:1892,Messe-Prater,d02
at:49:1893,Krieau,d02
at:49:1894,Stadion,d02
at:49:1895,Marathonweg,d02
at:49:1896,Schipanygasse,d02
at:49:1897,Leopold-Moses-Gasse,d02
at:49:1898,Harkortstraße,d02
at:49:19,Albertgasse,d08
at:49:190,Burgring,d01
at:49:1901,Erlafstraße,d02
at:49:1905,Molkereistraße,d02
at:49:1906,Max-Winter-Platz,d02
at:49:1908,"Atzgersdorf, Ziedlergasse",d23
at:49:1909,Melchartgasse,d13
at:49:1910,Absberggasse,d10
at:49:1911,Niedermeierweg,d22
at:49:1912,Hlawkagasse,d10
at:49:1913,Rosenackerstraße,d16
at:49:1914,Neu Leopoldau,d21
at:49:1915,Ferdinand-Platzer-Gasse,d21
at:49:1916,Kaisergrund,d21
at:49:1917,Paukerwerkstraße,d21
at:49:1918,Krakauer Straße,d02
at:49:1919,Bruno-Marek-Allee,d02
at:49:192,Rathausplatz/Burgtheater,d01
at:49:1920,Eduardgasse,d18
at:49:1921,Johann-Nepomuk-Vogl-Platz,d18
at:49:1922,Berresgasse,d22
at:49:1923,Grete-Zimmer-Gasse,d22
at:49:1924,Mona-Lisa-Steiner-Weg,d12
at:49:1925,Lavendelweg,d22
at:49:1929,Käthe-Recheis-Gasse,d22
at:49:193,Bärenmühldurchgang,d04
at:49:1930,Ilse-Buck-Straße,d22
at:49:1934,An der Kuhtrift,d10
at:49:1935,"Atzgersdorf, Bildungscampus",d23
at:49:1936,Valentingasse,d23
at:49:1937,Auer-Welsbach-Straße,d23
at:49:1938,Seybelgasse,d23
at:49:194,Börnergasse,d19
at:49:1942,Hans-Czermak-Gasse,d21
at:49:1943,Satzingerweg,d21
at:49:1946,Guido-Lammer-Gasse,d22
at:49:1947,Wildgartenallee,d12
at:49:195,Börse,d01
at:49:1954,Leopoldine-Padaurek-Straße,d21
at:49:1955,Halblehenweg,d22
at:49:1956,Wassermanngasse,d21
at:49:196,Bösendorferstraße/Karlsplatz,d01
at:49:1960,Josef-Kraft-Weg,d13
at:49:1961,Donaupark Nord,d22
at:49:1962,Haussteinstraße,d02
at:49:1963,Stemolakgasse,d22
at:49:1964,"Aspern Nord, Mayrederbrücke",d22
at:49:1966,Karoline-Perin-Gasse,d22
at:49:1967,Lilly-Dillenz-Straße,d22
at:49:1968,Würtzlerstraße,d03
at:49:1969,Schukowitzgasse,d22
at:49:197,Camillo-Sitte-Gasse,d15
at:49:1970,Lammaschgasse,d21
at:49:1971,Kopalgasse,d11
at:49:1972,Johannesgasse,d03
at:49:1973,Lina-Loos-Platz,d22
at:49:1975,Deutschstraße,d23
at:49:1977,Walter-Lindenbaum-Gasse,d10
at:49:1978,Dr.-Natterer-Gasse,d02
at:49:1979,Hollandstraße,d02
at:49:198,Breitenfurter Straße/Willergasse,d23
at:49:1980,Stubenbastei,d01
at:49:1981,Liebenberggasse,d01
at:49:1982,Himmelpfortgasse,d01
at:49:1983,Schellinggasse,d01
at:49:1984,Lazargasse,d18
at:49:1985,Köstlergasse,d06
at:49:1986,Gfrornergasse,d06
at:49:199,Gerbergasse,d23
at:49:2,Achengasse,d21
at:49:20,Albertinaplatz,d01
at:49:200,Wolfersbergbrücke,d14
at:49:2003,Wolfgang-Pauli-Gasse,d14
at:49:2004,Herzmanskystraße,d14
at:49:2006,Schloss Neugebäude,d11
at:49:202,Canisiusgasse,d09
at:49:203,Carabelligasse,d21
at:49:204,Carlbergergasse,d23
at:49:206,Celtesgasse,d19
at:49:207,Hafen Freudenau,d02
at:49:208,Chimanistraße,d19
at:49:209,Cobenzl Parkplatz,d19
at:49:21,Carminweg,d21
at:49:210,Cobenzlgasse,d19
at:49:211,Columbusplatz,d10
at:49:212,Triester Straße/Computerstraße,d10
at:49:213,Concordiaplatz,d01
at:49:214,Corvinusgasse,d23
at:49:215,Cottagegasse,d19
at:49:216,Cottagestraße,d14
at:49:217,Czartoryskigasse,d18
at:49:218,Dahliengasse,d21
at:49:219,Dammstraße,d20
at:49:22,Algenweg,d22
at:49:220,Dampfkraftwerk,d22
at:49:221,Dampfschiffhaufen,d22
at:49:222,Danzergasse,d22
at:49:223,Daphneweg,d22
at:49:224,Daringergasse,d19
at:49:225,Davidgasse,d10
at:49:226,Deindorfstraße,d22
at:49:227,Deißenhofergasse,d23
at:49:229,Dietmayrgasse,d20
at:49:23,Allerheiligengasse,d20
at:49:231,Dobrowskygasse,d23
at:49:232,Zehdengasse,d21
at:49:233,Dommayergasse,d13
at:49:234,Donauinsel,d22
at:49:235,Floridsdorfer Brücke,d21
at:49:236,Donaustadtstraße,d22
at:49:238,Siebeckstraße,d22
at:49:239,Dopschstraße,d21
at:49:24,Allissen,d21
at:49:240,Dorfmeistergasse,d12
at:49:241,Dornbacher Straße,d17
at:49:242,Dostalgasse,d13
at:49:243,Dostgasse,d14
at:49:244,Dr.-Adolf-Schärf-Heim,d20
at:49:245,Stubentor,d01
at:49:246,Parlament/Volkstheater,d01
at:49:247,Dr.-Neumann-Gasse,d23
at:49:248,Dr.-Schober-Straße,d13
at:49:249,Draugasse,d21
at:49:25,Alois-Behr-Straße,d14
at:49:250,Dunantgasse,d21
at:49:2500,Leebgasse/Siccardsburggasse,d10
at:49:2503,Anastasius-Grün-Gasse,d18
at:49:251,Dänenstraße,d19
at:49:252,Döblinger Bad,d19
at:49:253,Döblinger Friedhof,d19
at:49:254,Döblinger Steg,d20
at:49:255,Dörmanngasse,d22
at:49:256,Kraftwerk Simmering,d11
at:49:257,Eberstorferweg,d23
at:49:258,Edelsteingasse,d21
at:49:259,Edenstraße,d14
at:49:26,Alsegger Straße,d18
at:49:260,Strebersdorf Meriangasse,d21
at:49:261,Eduard-Kittenberger-Gasse,d23
at:49:262,Albrechtskreithgasse,d16
at:49:263,Egon-Friedell-Gasse,d21
at:49:264,Eibesbrunnergasse,d12
at:49:266,Eichbachgasse,d14
at:49:267,Eichenstraße,d05
at:49:268,Einsiedeleigasse,d13
at:49:269,Einsiedlerplatz,d05
at:49:27,Alser Straße,d09
at:49:270,Luzegasse,d11
at:49:271,Eipeldauer Straße,d21
at:49:272,Eisenstadtplatz,d10
at:49:273,Eisstoßgasse,d22
at:49:274,Elderschplatz,d02
at:49:275,Elsbeergasse,d14
at:49:276,Elterleinplatz,d17
at:49:277,Embelgasse,d05
at:49:278,Endemanngasse,d23
at:49:279,Therese-Ammon-Park,d02
at:49:28,Aichholzgasse,d12
at:49:280,Brigittenauer Brücke,d20
at:49:281,Englisch-Feld-Gasse,d22
at:49:282,Donaumarina,d02
at:49:283,Wällischgasse,d03
at:49:285,Erlaaer Straße,d23
at:49:286,Erlachplatz,d10
at:49:287,Erndtgasse,d18
at:49:288,Erzherzog-Karl-Straße,d22
at:49:289,Erdberg,d03
at:49:29,Alserbachstraße,d09
at:49:290,Donaustadtbrücke,d22
at:49:291,Eselstiege,d17
at:49:2912,Zimmermannplatz,d09
at:49:292,Eslarngasse,d03
at:49:2924,"Raxstraße, Betriebsgarage",d10
at:49:293,Esterházygasse,d06
at:49:294,Etrichstraße,d11
at:49:295,Daumegasse,d10
at:49:2953,Pensionistenwohnhaus Laaerberg,d10
at:49:2954,Gartenschaugasse,d10
at:49:296,Evangelischer Friedhof,d10
at:49:297,Eßling Schule,d22
at:49:298,Eßling Friedhof,d22
at:49:299,Aspernstraße,d22
at:49:3,Ada-Christen-Gasse,d10
at:49:30,Altdorferstraße,d10
at:49:300,Fasangasse,d03
at:49:301,Heiligenstadt/12.-Februar-Platz,d19
at:49:302,Diesterweggasse,d14
at:49:303,Wattmanngasse/Elisabethallee,d13
at:49:304,Döblinger Friedhof/Felix-Dahn-Straße,d19
at:49:305,Felmayergasse,d21
at:49:306,Fendigasse,d05
at:49:307,Sonnleithnergasse,d10
at:49:309,Fernsprechamt Heiligenstadt,d19
at:49:31,Alte Donau,d22
at:49:311,Feuerwache Am Steinhof,d16
at:49:312,Feuerwache Grinzing,d19
at:49:314,Fickeysstraße,d11
at:49:315,Filmteichstraße,d10
at:49:316,Finsterbuschstraße Nord,d22
at:49:317,Billgasse,d22
at:49:318,Löschniggasse,d22
at:49:319,1. Haidequerstraße Mitte,d11
at:49:32,Ratschkygasse,d12
at:49:320,Dammhaufengasse,d02
at:49:321,Pfarrgasse/Traviatagasse,d23
at:49:322,Zimbagasse,d14
at:49:323,Auhof,d14
at:49:324,1. Haidequerstraße Süd,d11
at:49:325,Giefinggasse,d21
at:49:329,Fischergrund,d22
at:49:33,Altes Landgut,d10
at:49:330,Fichtnergasse,d13
at:49:331,Florian-Geyer-Gasse,d10
at:49:332,Florian-Hedorfer-Straße,d11
at:49:333,Florianigasse,d08
at:49:334,Floridsdorf,d21
at:49:336,Flotowgasse,d19
at:49:337,Flugfeldstraße,d22
at:49:338,"Baumgartner Friedhof, 5. Tor",d14
at:49:339,Flötzersteigbrücke,d16
at:49:34,Althanstraße,d09
at:49:341,Forsthausgasse,d20
at:49:342,Frachtenbahnhof Lobau,d22
at:49:343,Franz-Asenbauer-Gasse,d23
at:49:344,Klinik Favoriten,d10
at:49:345,Franz-Josefs-Bahnhof,d09
at:49:346,Klinik Landstraße,d03
at:49:347,Franz-Pletersky-Weg,d22
at:49:348,Franzensbrücke,d02
at:49:349,Franzosenweg,d10
at:49:35,Altmannsdorfer Straße,d12
at:49:350,Forchheimergasse,d23
at:49:351,Freesienweg,d14
at:49:352,Freiheitsplatz,d21
at:49:353,Freihofsiedlung,d22
at:49:354,Kraftwerk Freudenau,d02
at:49:355,Freyenthurmgasse,d14
at:49:357,Friedensbrücke,d09
at:49:358,Baumgarten,d14
at:49:359,Friedensgasse,d02
at:49:36,Pfeiffenbergergasse,d13
at:49:360,Mariabrunn Kirche,d14
at:49:361,Friedjunggasse,d11
at:49:362,Obkirchergasse,d19
at:49:363,Friedrich-Engels-Platz,d20
at:49:364,Friedstraße,d21
at:49:365,Frödenplatz,d10
at:49:366,Frömmlgasse,d21
at:49:367,Fröschelgasse,d19
at:49:368,Flurschützstraße,d12
at:49:369,Fultonstraße,d21
at:49:37,Am Fasangarten,d12
at:49:370,Funkengerngasse,d16
at:49:371,Seegasse,d09
at:49:372,Ottakringer Friedhof,d16
at:49:376,Gatterburggasse,d19
at:49:377,Gattergasse,d11
at:49:378,Gatterhölzl,d12
at:49:379,Gaudenzdorfer Gürtel,d05
at:49:38,Zanggasse,d22
at:49:380,Gaußplatz,d20
at:49:381,Gaßmannstraße,d12
at:49:382,Geiereckstraße,d11
at:49:383,Geistingergasse,d19
at:49:384,Gellertplatz,d10
at:49:385,Gemeindeberggasse,d13
at:49:387,Genochplatz,d22
at:49:388,Hanreitergasse,d21
at:49:389,Gerhardusgasse,d20
at:49:39,Am Heidjöchl,d22
at:49:390,Geringergasse,d11
at:49:391,Gernotgasse,d22
at:49:392,Geroldgasse,d17
at:49:393,Gersthof,d18
at:49:394,Ehrenpreisgasse,d22
at:49:395,Gersthofer Friedhof,d17
at:49:396,Getreidemarkt,d06
at:49:397,Geusaugasse,d03
at:49:399,Zippererstraße,d11
at:49:4,Adam-Betz-Gasse,d22
at:49:40,Am Himmelreich,d11
at:49:400,Heinrich-Drimmel-Platz,d03
at:49:401,Stock im Weg,d13
at:49:403,Gladiolenweg,d22
at:49:404,Glanzing,d19
at:49:405,Döblinger Gürtel/Glatzg.,d19
at:49:406,Glawatschweg,d13
at:49:407,Glockengasse,d02
at:49:408,Gloriettegasse,d13
at:49:409,Glossystraße,d14
at:49:41,Am Hundsturm,d05
at:49:410,Gobergasse,d13
at:49:411,Goethehof,d22
at:49:412,Gogolgasse,d13
at:49:413,Goldhammergasse,d23
at:49:414,Gotthelfgasse,d22
at:49:415,Graben/Petersplatz,d01
at:49:416,Graf-Seilern-Gasse,d13
at:49:417,Grasbergergasse,d03
at:49:418,Grasgasse,d17
at:49:419,Gredlerstraße,d02
at:49:42,Am Kanal,d11
at:49:420,Gregor-Mendel-Straße,d18
at:49:421,Gregorygasse,d23
at:49:422,"Eßling, Schippanisiedlung",d22
at:49:424,Griegstraße,d20
at:49:425,Enkplatz,d11
at:49:426,Grinzing,d19
at:49:427,Am Bahnhof,d22
at:49:428,Grinzinger Straße,d19
at:49:429,Lange Allee,d22
at:49:43,Am Kanal/Hasenleitengasse,d11
at:49:430,Großer Biberhaufen,d22
at:49:431,Großjedlersdorf,d21
at:49:432,Großmarktstraße,d23
at:49:434,Gruschaplatz,d14
at:49:435,Gräßlplatz,d03
at:49:436,Gumpendorfer Straße,d06
at:49:437,Grenzgasse,d15
at:49:438,Guneschgasse,d19
at:49:439,Gunoldstraße,d19
at:49:44,Am Modenapark,d03
at:49:440,Guntherstraße,d15
at:49:441,"Eßling, Stadtgrenze",d22
at:49:442,Gusenleithnergasse,d14
at:49:443,Gustav-Pick-Gasse,d19
at:49:444,Gutheil-Schoder-Gasse,d10
at:49:445,Gutraterplatz,d16
at:49:446,Gußhausstraße,d03
at:49:447,Gußriegelstraße,d10
at:49:448,Gymnasiumstraße,d18
at:49:449,Günselgasse,d14
at:49:45,Am Platz,d13
at:49:450,Dornbach,d17
at:49:451,Gütenbachstraße,d23
at:49:453,Lusthaus,d02
at:49:454,Doderergasse,d21
at:49:455,Jasmingasse,d22
at:49:456,Haberlgasse,d16
at:49:457,Habsburgergasse,d01
at:49:458,Beingasse,d15
at:49:459,"Hadersdorf, Hauptstraße",d14
at:49:46,Am Rosenhügel,d13
at:49:460,Hadersdorf,d14
at:49:461,Oberzellergasse,d03
at:49:463,11. Haidequerstraße,d11
at:49:464,7. Haidequerstraße,d11
at:49:465,Haidestraße,d11
at:49:466,Dreherstraße,d11
at:49:467,Eckpergasse,d18
at:49:468,Halteraugasse,d19
at:49:469,Halterlacken,d11
at:49:47,Reichsbrücke,d22
at:49:470,Hans-Mandl-Berufsschule,d12
at:49:471,Empergergasse,d21
at:49:472,Lützowgasse,d14
at:49:473,Hardeggasse,d22
at:49:474,Hardtgasse,d19
at:49:475,Harrachgasse,d22
at:49:476,Hartlebengasse,d22
at:49:477,Lavaterstraße,d22
at:49:478,Haselbrunnerstraße,d23
at:49:479,Hasenleiten,d11
at:49:48,Am Schöpfwerk,d12
at:49:482,Haspelmeistergasse,d14
at:49:483,Haspingerplatz,d21
at:49:484,Geiselbergstraße,d11
at:49:485,Deinleingasse,d22
at:49:486,"Prater, Hauptallee",d02
at:49:487,Hausfeldstraße,d22
at:49:488,Dreimarkstein,d19
at:49:489,Hawlicekgasse,d21
at:49:49,Am Spiegeln,d23
at:49:491,Heiligenstadt,d19
at:49:493,Heiligenstädter Brücke,d20
at:49:494,Heinestraße,d02
at:49:495,Heinrich-von-Buol-Gasse,d21
at:49:498,Helferstorferstraße,d01
at:49:499,Hellingstraße,d02
at:49:5,Adamovichgasse,d23
at:49:50,Am Spitz,d21
at:49:500,Dresdner Straße,d20
at:49:501,Henriettenplatz,d15
at:49:502,"Gersthof, Herbeckstraße",d18
at:49:503,Heringgasse,d22
at:49:504,"Speising, Hermesstraße",d13
at:49:505,Hernals,d17
at:49:506,Herrengasse,d01
at:49:507,Hernalser Gürtel,d09
at:49:508,"Hernals, Wattgasse",d17
at:49:509,Hertlgasse,d16
at:49:51,Am Tabor,d02
at:49:510,Herzgasse,d10
at:49:511,Hetzendorf,d12
at:49:512,Freudenauer Hafenstraße,d02
at:49:513,Hetzgasse,d03
at:49:51351,Roßkopfgasse/Hainbachgasse,d14
at:49:51352,Hainbachgasse,d14
at:49:51353,Laskywiesengasse,d14
at:49:51354,Hinterhainbach,d14
at:49:51355,Roßkopfgasse,d14
at:49:51356,Trollwiese,d14
at:49:51359,Sofienalpenstraße/Roßkopfgasse,d14
at:49:514,Heuberg,d17
at:49:515,Heuberggasse,d17
at:49:516,Heudörfelgasse,d23
at:49:517,Schönbrunner Straße/Kettenbrückengasse,d04
at:49:52,Fünfhausgasse,d15
at:49:520,Hietzing,d14
at:49:521,Obere Waldandacht,d17
at:49:523,Hillerstraße,d02
at:49:524,Himberger Straße,d10
at:49:525,Himmelmutterweg,d17
at:49:526,Himmelstraße,d19
at:49:527,Hintere Zollamtsstraße,d03
at:49:528,Am Krautgarten,d22
at:49:529,Hirschengasse,d06
at:49:53,Gesundheitszentrum Süd,d10
at:49:530,Hirschstetten Ort,d22
at:49:531,Blumengärten Hirschstetten,d22
at:49:532,Hirschstetten,d22
at:49:533,Fuchsienweg,d22
at:49:534,Hochsatzengasse,d14
at:49:535,Hoefftgasse,d11
at:49:537,Hofherr-Schrantz-Gasse,d21
at:49:538,Hofmannsthalgasse,d03
at:49:539,Hofwiesengasse,d13
at:49:54,Torricelligasse,d14
at:49:540,Hohe Warte,d19
at:49:542,Hohenbergstraße,d12
at:49:543,Hohenfelsplatz,d12
at:49:544,Hoher Markt,d01
at:49:545,Hollergasse,d15
at:49:546,Kollarzgasse,d21
at:49:547,Holubstraße,d02
at:49:548,Hopfengasse,d21
at:49:549,Horeischygasse,d13
at:49:55,Ameisgasse,d14
at:49:550,Hosnedlgasse Süd,d22
at:49:551,Hoßplatz,d21
at:49:552,Hubermanngasse,d23
at:49:553,Hubert-Gsur-Gasse,d10
at:49:554,Hubertusdamm,d21
at:49:555,Huflattichweg,d22
at:49:556,Huglgasse,d15
at:49:557,Hugo-Wolf-Park,d19
at:49:558,"Unter St. Veit, Hummelgasse",d13
at:49:559,Husarenweg,d22
at:49:56,Neubaugasse,d06
at:49:560,Hütteldorf,d14
at:49:561,Pelargonienweg,d22
at:49:562,Hütteldorfer Friedhof,d14
at:49:563,Hüttenbrennergasse,d03
at:49:564,Hüttergasse,d14
at:49:565,Hämmerlegasse,d10
at:49:566,Hänflingweg,d14
at:49:567,Hänischgasse,d22
at:49:568,Häußlergasse,d22
at:49:569,Höchstädtplatz,d20
at:49:57,Ammerweg,d14
at:49:570,Hödlgasse,d23
at:49:571,Hörtengasse,d11
at:49:572,Senekowitschgasse,d22
at:49:574,Illgasse,d21
at:49:575,"Liesing, Industriegelände Süd",d23
at:49:576,"Liesing, Industriegelände West",d23
at:49:577,Innocentiagasse,d13
at:49:578,Innstraße,d20
at:49:579,Invalidensiedlung,d22
at:49:58,Amongasse,d22
at:49:580,Inzersdorf Friedhof,d23
at:49:581,"Inzersdorf, Großmarkt",d23
at:49:582,Blumental,d10
at:49:584,Hosnedlgasse/Lieblgasse,d22
at:49:585,Inzersdorf Lokalbahn,d23
at:49:586,"Inzersdorf, Zetschegasse",d23
at:49:587,Lafnitzgasse,d21
at:49:588,Oleandergasse,d22
at:49:589,Jagdschloßgasse,d13
at:49:59,An den Steinfeldern,d23
at:49:591,Jedlersdorf,d21
at:49:592,Hosnedlgasse Nord,d22
at:49:593,Trillergasse,d21
at:49:594,Jeneweingasse,d21
at:49:595,Jenbachgasse,d13
at:49:596,Scheedgasse,d22
at:49:597,Joachimsthalerplatz,d16
at:49:598,"Großjedlersdorf, Jochbergengasse",d21
at:49:599,Jochen-Rindt-Straße,d23
at:49:6,Adolf-Loos-Gasse,d21
at:49:60,An den alten Schanzen,d22
at:49:600,Johann-Friedl-Gasse,d10
at:49:601,Johannes-Krawarik-Gasse,d16
at:49:602,Johann-Nepomuk-Berger-Platz,d17
at:49:604,Johann-Strauß-Gasse,d04
at:49:605,Kirsteweg,d10
at:49:606,Johnstraße,d15
at:49:607,Josef-Baumann-Gasse,d21
at:49:608,Josef-Enslein-Platz,d10
at:49:609,Josef-Gall-Gasse,d02
at:49:61,An den langen Lüssen,d19
at:49:610,Josef-Meder-Gasse,d23
at:49:611,Josef-Melichar-Gasse,d21
at:49:612,Josef-Ressel-Straße,d14
at:49:613,Josef-Österreicher-Gasse,d23
at:49:614,Elisabethwiese,d19
at:49:615,Josefstädter Straße,d08
at:49:616,Leibnizgasse,d10
at:49:617,Julius-Ficker-Straße,d21
at:49:618,Julius-Payer-Gasse,d22
at:49:619,Julius-Raab-Platz,d01
at:49:62,An der Bien,d22
at:49:620,Jungstraße,d02
at:49:621,Jura-Soyfer-Gasse,d10
at:49:622,Justgasse,d21
at:49:623,Melangasse,d22
at:49:624,In der Au,d22
at:49:625,Jägerwaldsiedlung,d14
at:49:627,Kagran,d22
at:49:63,An der Niederhaid,d14
at:49:630,Kagraner Anger,d22
at:49:631,Kagraner Brücke,d22
at:49:632,Kagraner Friedhof,d22
at:49:633,Kagraner Platz,d22
at:49:634,Kahlenberg,d19
at:49:636,Korbweidenweg,d22
at:49:637,Kaiser-Franz-Josef-Straße,d23
at:49:638,Kaiserebersdorfer Friedhof,d11
at:49:639,"Kaiserebersdorf, Zinnergasse",d11
at:49:640,Angelibad,d21
at:49:641,Kaisermühlen-VIC,d22
at:49:642,Kaisermühlenstraße,d22
at:49:643,Mariahilfer Straße/Kaiserstraße,d07
at:49:644,Kaiserstraße/Burggasse,d07
at:49:645,Kaiserstraße/Neustiftgasse,d07
at:49:646,Kaiserstraße,d07
at:49:647,Kalksburg Kirchenplatz,d23
at:49:648,Kammerergasse,d19
at:49:649,Kanalstraße,d22
at:49:65,Liebhartstal,d16
at:49:650,Wulzendorfstraße,d22
at:49:651,Kapellergasse,d22
at:49:652,Kappgasse,d03
at:49:653,Kardinal-Nagl-Platz,d03
at:49:654,Karl-Meißl-Straße,d20
at:49:655,Karl-Schwed-Gasse,d23
at:49:657,Karlsplatz,d01
at:49:658,Arsenalsteg,d03
at:49:659,Karmeliterplatz,d02
at:49:66,Angermayergasse,d13
at:49:660,Karthäuserstraße,d19
at:49:661,Kaserngasse,d23
at:49:662,Haus des Meeres,d06
at:49:664,Kellermanngasse,d07
at:49:665,Kempfengerngasse,d16
at:49:666,Keplerplatz,d10
at:49:668,Kerbelgasse,d14
at:49:669,Familienplatz,d16
at:49:67,"Rudolfsheim, Anschützgasse",d15
at:49:670,Kettenbrückengasse,d05
at:49:671,Lemböckgasse,d23
at:49:672,Keylwerthgasse,d17
at:49:673,Khevenhüllerstraße,d18
at:49:674,Khleslplatz,d12
at:49:675,Sanddorngasse,d22
at:49:676,Kierischitzweg,d22
at:49:677,Kinskygasse/Rossakgasse,d23
at:49:679,Kirchfeldgasse,d23
at:49:68,Anton-Bosch-Gasse,d21
at:49:680,Kirchstetterngasse,d16
at:49:681,Jungbauerweg,d10
at:49:682,Kirschenallee,d22
at:49:683,Kleehäufel,d22
at:49:684,Klebindergraben,d11
at:49:685,Klederinger Straße,d10
at:49:686,Kleiner Ring,d13
at:49:687,Kleingartenverein Hackenberg,d19
at:49:688,Kleistgasse,d03
at:49:689,Kliebergasse,d05
at:49:69,Anton-Böck-Gasse,d21
at:49:690,Klimtgasse,d13
at:49:692,Gürtelbrücke,d20
at:49:693,Lehenstraße,d22
at:49:694,Knotzenbachgasse,d23
at:49:695,Knödelhüttenstraße,d14
at:49:696,Kohlgasse,d05
at:49:697,Kolbegasse,d23
at:49:698,Kollburggasse,d16
at:49:699,Koloniestraße,d21
at:49:7,Adolf-Unger-Gasse,d10
at:49:70,Anton-Krieger-Gasse,d23
at:49:700,"Inzersdorf, Slamastraße",d23
at:49:701,Konstanziagasse,d22
at:49:702,Hauffgasse,d11
at:49:703,Dirmhirngasse,d23
at:49:704,Panikengasse,d16
at:49:705,Thaliastraße/Koppstraße,d16
at:49:706,Korbergasse,d12
at:49:707,Korbgasse,d23
at:49:708,Kornauthgasse,d10
at:49:709,Jakov-Lind-Straße,d02
at:49:71,Doningasse,d22
at:49:710,Klinik Hietzing,d13
at:49:711,Kleingartenverein Alsrückenweg,d17
at:49:712,Geibelgasse,d15
at:49:713,Krapfenwaldgasse,d19
at:49:714,Kratzlgasse,d19
at:49:715,Krausegasse,d11
at:49:716,Kraygasse,d22
at:49:717,Kreilplatz,d19
at:49:718,Krenngasse,d17
at:49:719,Röntgengasse,d17
at:49:72,Anton-Störck-Gasse,d21
at:49:720,Podhagskygasse,d22
at:49:721,Kronawettergasse,d10
at:49:722,Kronfußgasse,d23
at:49:723,Krottenbachstraße,d19
at:49:724,"Inzersdorf, Kolpingstraße",d23
at:49:725,Kugelfanggasse,d21
at:49:726,Kugelmanngasse,d23
at:49:727,Kundratstraße,d10
at:49:728,Kunerolgasse,d23
at:49:729,"Laaer Berg, Kurpark Nordeingang",d10
at:49:73,Antonigasse,d17
at:49:730,Kurzbauergasse,d02
at:49:732,Kutschkergasse,d18
at:49:733,Pensionistenwohnhaus Prater,d02
at:49:734,Kärntner Straße,d01
at:49:735,"Oberlaa, Friedhof",d10
at:49:736,Kölblgasse,d03
at:49:737,Stiegengasse,d06
at:49:74,Anzengruberstraße,d14
at:49:740,Lainzer Tor,d13
at:49:741,Lamezanstraße,d23
at:49:742,Landesgerichtsstraße,d09
at:49:743,Mitte-Landstraße,d03
at:49:744,Lafitegasse,d13
at:49:745,Landwehrstraße,d11
at:49:746,Veitschiweg,d22
at:49:747,Lange Gasse,d08
at:49:748,Langfeldgasse,d21
at:49:749,Langobardenstraße,d22
at:49:75,Apostelgasse,d03
at:49:750,Langsulzgasse,d10
at:49:751,Lannesstraße,d22
at:49:753,Laudongasse,d08
at:49:754,Laurentiusplatz,d14
at:49:755,Laurenzgasse,d05
at:49:757,Pulkaugasse,d21
at:49:758,Lavantgasse/Schule,d21
at:49:760,Laxenburger Straße/Troststraße,d10
at:49:761,Grenzackerstraße,d10
at:49:762,Lazarettgasse,d09
at:49:763,St. Marx S/Leberstr.,d03
at:49:764,Lebingergasse,d14
at:49:765,Lechnerstraße,d03
at:49:766,Rosenbergstraße,d22
at:49:767,Himmelteich,d22
at:49:768,Leibenfrostgasse,d04
at:49:769,Leopoldau,d21
at:49:77,Arbeitergasse/Gürtel,d05
at:49:770,Alfred-Pischof-Gasse,d22
at:49:771,Leopoldauer Platz,d21
at:49:772,Resedaweg,d22
at:49:773,Leopoldauer Straße,d21
at:49:774,Leopoldigasse,d23
at:49:775,Leopoldsberg,d19
at:49:776,Leopoldsdorfer Straße,d10
at:49:777,Auerspergstraße,d07
at:49:778,Kapellenweg,d22
at:49:780,Leyserstraße,d14
at:49:781,Leystraße,d20
at:49:782,Lichtensterngasse,d12
at:49:783,Thaliastraße/Haberlgasse,d16
at:49:784,Liebknechtgasse,d17
at:49:785,Tillmanngasse,d22
at:49:786,Liechtenwerder Platz,d09
at:49:787,Lieglerstraße,d22
at:49:788,Liesing,d23
at:49:789,Liesing Bad,d23
at:49:79,Argentinierstraße,d04
at:49:790,Liesing Feuerwache,d23
at:49:791,Liesing Friedhof,d23
at:49:792,Moeringgasse,d15
at:49:793,Liesing Schulzentrum,d23
at:49:794,Sebastianbrücke,d10
at:49:796,Liesinger-Flur-Gasse,d23
at:49:797,Jedleseer Friedhof,d21
at:49:798,Lilienthalgasse,d03
at:49:799,Lindauergasse,d23
at:49:8,Afritschgasse,d22
at:49:80,Armbrustergasse,d19
at:49:800,Lindenbauergasse,d11
at:49:801,Jungnickelweg,d12
at:49:803,Linnéplatz,d18
at:49:804,Lisztstraße,d03
at:49:805,Litfaßstraße,d11
at:49:806,Raffineriestraße/Ostbahnbrücke,d22
at:49:807,Löwenthalgasse,d23
at:49:808,Lobaugasse,d22
at:49:809,Lobgrundstraße,d22
at:49:81,Arminenstraße,d22
at:49:811,Lohwaggasse,d22
at:49:812,Lokomotivgasse,d21
at:49:813,Lorenz-Böhler-Unfallkrankenhaus,d20
at:49:814,Lorystraße,d11
at:49:815,Anton-Stilling-Platz,d11
at:49:816,Margeritenweg,d22
at:49:817,Lukschgasse,d02
at:49:818,Lusthaus/Aspernallee,d02
at:49:819,"Linzer Straße, Lützowgasse",d14
at:49:82,Arndtstraße,d12
at:49:820,Längenfeldgasse,d12
at:49:821,Ludwig-Koeßler-Platz,d03
at:49:822,Puchgasse/Maculangasse,d22
at:49:823,Maireckergasse,d23
at:49:824,Leopoldsgasse,d02
at:49:825,Mannswörther Straße,d11
at:49:827,Margaretengürtel,d05
at:49:828,Ostbahnbegleitstraße,d22
at:49:829,Margaretenplatz/Schönbrunner Straße,d05
at:49:83,"Breitenlee, Arnikaweg",d22
at:49:830,Margaretenplatz,d05
at:49:831,Margetinstraße,d11
at:49:833,Mariahilfer Gürtel,d06
at:49:835,Museumsquartier,d01
at:49:838,Marienbrücke,d02
at:49:839,Markomannenstraße,d22
at:49:84,Arsenal,d10
at:49:840,Maroltingergasse,d16
at:49:841,Marschallplatz,d12
at:49:842,Schwarzenbergallee,d17
at:49:843,Martinstraße,d18
at:49:844,Marx-Meidlinger-Straße,d12
at:49:845,Marxergasse,d03
at:49:846,Matschgasse,d16
at:49:847,Marderweg,d22
at:49:848,Matthäus-Jiszda-Straße,d21
at:49:849,Matzleinsdorfer Platz,d10
at:49:85,Artariastraße,d17
at:49:850,Mehlführergasse,d23
at:49:852,Maurer Berg,d23
at:49:853,Maurer Friedhof,d23
at:49:854,Maurer Hauptplatz,d23
at:49:855,Maurer Lange Gasse,d23
at:49:856,Max-Fleischer-Gasse,d10
at:49:858,Max-Mauermann-Gasse,d10
at:49:859,Mayerhofgasse,d04
at:49:86,Arthaberplatz,d10
at:49:860,Mayerweckstraße,d21
at:49:861,Mayssengasse,d17
at:49:862,Mayredergasse,d22
at:49:863,Meidling Hauptstraße,d12
at:49:865,Dörfelstraße,d12
at:49:867,Meischlgasse,d23
at:49:868,Memlinggasse,d22
at:49:869,Mergenthalerplatz,d22
at:49:87,Artillerieplatz,d11
at:49:870,Merkurweg,d14
at:49:872,Meyerbeergasse,d21
at:49:873,Michaelerplatz,d01
at:49:874,Michelbeuern-AKH,d09
at:49:875,Fabergasse,d23
at:49:877,Minciostraße,d15
at:49:878,Mitterberg,d17
at:49:879,Mitterfeldgasse,d11
at:49:88,Aspernallee,d02
at:49:880,Mittleres Hausfeld,d22
at:49:881,Modecenterstraße,d03
at:49:883,Mauthausgasse,d05
at:49:884,Mendelssohngasse,d22
at:49:885,Molitorgasse,d11
at:49:886,Mommsengasse,d04
at:49:887,Mondweg,d14
at:49:888,Montecuccoliplatz,d13
at:49:889,Montleartstraße,d14
at:49:89,Asperner Heldenplatz,d22
at:49:890,Moosgasse,d17
at:49:891,Mooslackengasse,d19
at:49:893,Moritz-Dreger-Gasse,d21
at:49:894,Moschingergasse,d14
at:49:895,Murlingengasse,d12
at:49:896,Murraygasse,d22
at:49:897,Muthgasse,d19
at:49:898,Mühlbreiten,d23
at:49:899,Mühlfeldgasse,d02
at:49:9,Agavenweg,d22
at:49:90,Frederick-Loewe-Weg,d22
at:49:900,Mühlhäufel,d22
at:49:901,Mühlhäufelweg,d22
at:49:902,Mühlsangergasse,d11
at:49:903,Mühlwasser,d22
at:49:904,Mühlwasserstraße,d22
at:49:905,Hauptbahnhof Ost S,d10
at:49:906,Pensionistenwohnhaus Hetzendorf,d12
at:49:907,"Kaiserebersdorf, Münnichplatz",d11
at:49:908,Männertreugasse,d10
at:49:909,Reinlgasse/Märzstraße,d14
at:49:910,Aspern Nord,d22
at:49:911,Johnstraße/Märzstraße,d15
at:49:912,Naufahrtbrücke,d22
at:49:913,Nauheimergasse,d12
at:49:914,Neilreichgasse,d10
at:49:916,Nestroyplatz,d02
at:49:917,Neue Donau Mitte,d22
at:49:918,Neu Erlaa,d23
at:49:919,"Donaumarina, Chrastekgasse",d02
at:49:92,Atzgersdorf Friedhof,d23
at:49:920,Burggasse/Neubaugasse,d07
at:49:921,Neustiftgasse/Neubaugasse,d07
at:49:923,Erlaaer Spitz,d23
at:49:924,Neueßling,d22
at:49:925,Neugebauerweg,d19
at:49:927,Neukagran,d22
at:49:928,Neulandschule,d10
at:49:929,Ungargasse/Neulinggasse,d03
at:49:93,Atzgersdorf Kirchenplatz,d23
at:49:930,Neusteinhof,d23
at:49:931,Neustift am Walde,d19
at:49:932,Neustifter Friedhof 1.Tor,d18
at:49:933,Neustifter Friedhof 2.Tor,d18
at:49:934,Neustifter Friedhof 3.Tor,d18
at:49:935,Neuwaldegg,d17
at:49:936,Marswiese,d17
at:49:937,Niederhofstraße,d12
at:49:938,Forstnergasse,d22
at:49:939,Niklas-Eslarn-Straße,d22
at:49:94,Atzgersdorf,d23
at:49:940,Nikolaus-Pytty-Gasse,d14
at:49:941,Nordbahnstraße,d02
at:49:942,Seestadt,d22
at:49:943,Nordbrücke,d21
at:49:944,Nordwestbahnstraße,d02
at:49:947,Nowakgasse,d23
at:49:948,Nußdorf,d19
at:49:949,Oberlaa,d10
at:49:95,An der Liesing,d23
at:49:950,Nußdorfer Straße,d09
at:49:951,Dückegasse,d21
at:49:952,Nästlbergergasse,d13
at:49:953,Küniglberg/ORF-Zentrum,d13
at:49:954,Finsterbuschstraße Mitte,d22
at:49:955,Lieblgasse,d22
at:49:956,Ober St. Veit,d13
at:49:957,Oriongasse,d11
at:49:958,Haberlandtgasse,d22
at:49:959,Oberdöbling,d19
at:49:96,Atzgersdorfer Straße,d12
at:49:960,Grohnergasse,d10
at:49:961,Obere Augartenstraße,d02
at:49:962,Obere Donaustraße,d02
at:49:963,Oberer Reisenbergweg,d19
at:49:964,Tierquartier,d22
at:49:965,Ziegelhofstraße,d22
at:49:966,Spargelfeldstraße,d22
at:49:967,Orchisgasse,d22
at:49:968,Obergfellplatz,d21
at:49:970,Oberlaaer Platz,d10
at:49:971,Oberlaaer Straße,d23
at:49:972,Obersteinergasse,d19
at:49:973,Oberwiedenstraße,d16
at:49:974,Sturgasse,d02
at:49:975,Oper/Karlsplatz,d01
at:49:976,Alsegger Straße/Czartoryskigasse,d18
at:49:977,Frauengasse,d16
at:49:978,Oskar-Simony-Straße,d14
at:49:98,Auernheimergasse,d22
at:49:980,Oswald-Redlich-Straße,d21
at:49:981,Ottakring,d16
at:49:983,Ottakringer Bad,d16
at:49:984,Attemsgasse,d22
at:49:985,Otto-Hötzl-Weg,d16
at:49:986,Otto-Probst-Platz,d10
at:49:987,Otto-Probst-Straße,d10
at:49:988,Palffygasse,d17
at:49:989,Karl-Popper-Straße,d10
at:49:99,Augasse,d09
at:49:990,Panozzalacke,d22
at:49:991,Pantucekgasse,d11
at:49:992,Paradisgasse,d19
at:49:993,Kundmanngasse,d03
at:49:994,Parlament,d01
at:49:995,Patrizigasse,d21
at:49:996,Paulanergasse,d04
at:49:997,Paulinensteig,d16
at:49:998,Pellmanngasse,d23
at:49:999,Marco-Polo-Promenade,d21
