at:43:3499,25B,bus
at:43:5133,61A,bus
at:43:5133,61B,bus
at:43:5133,BB,tram
at:43:5133,SEV BB,bus
at:49:1,11,tram
at:49:1,6,tram
at:49:1,N6,bus
at:49:10,35A,bus
at:49:10,39A,bus
at:49:10,43B,bus
at:49:10,N35,bus
at:49:100,33A,bus
at:49:1000,56A,bus
at:49:1000,58A,bus
at:49:1000,58B,bus
at:49:1001,56A,bus
at:49:1001,58A,bus
at:49:1001,58B,bus
at:49:1002,11A,bus
at:49:1004,95A,bus
at:49:1004,97A,bus
at:49:1004,N24,bus
at:49:1005,10,tram
at:49:1005,46,tram
at:49:1005,49,tram
at:49:1005,52,tram
at:49:1005,60,tram
at:49:1005,N54,bus
at:49:1007,61A,bus
at:49:1007,64A,bus
at:49:1007,N64,bus
at:49:1007,U6,subway
at:49:1008,37,tram
at:49:1009,N81,bus
at:49:101,38,tram
at:49:101,40,tram
at:49:101,41,tram
at:49:101,41E,bus
at:49:101,N41,bus
at:49:1010,40A,bus
at:49:1012,16A,bus
at:49:1012,66A,bus
at:49:1012,67A,bus
at:49:1012,N66,bus
at:49:1013,12A,bus
at:49:1013,48A,bus
at:49:1014,46,tram
at:49:1014,47A,bus
at:49:1014,49,tram
at:49:1014,N49,bus
at:49:1015,59A,bus
at:49:1015,62,tram
at:49:1015,62A,bus
at:49:1015,8A,bus
at:49:1015,9A,bus
at:49:1015,BB,tram
at:49:1015,N8,bus
at:49:1015,U6,subway
at:49:1016,69A,bus
at:49:1016,71,tram
at:49:1016,D,tram
at:49:1017,13A,bus
at:49:1017,N71,bus
at:49:1018,12A,bus
at:49:1018,13A,bus
at:49:1018,14A,bus
at:49:1018,57A,bus
at:49:1018,N60,bus
at:49:1018,N71,bus
at:49:1018,U4,subway
at:49:1019,13A,bus
at:49:1019,N66,bus
at:49:102,26,tram
at:49:102,27,tram
at:49:102,N20,bus
at:49:1021,44A,bus
at:49:1022,2A,bus
at:49:1023,85A,bus
at:49:1024,93A,bus
at:49:1024,N91,bus
at:49:1025,71,tram
at:49:1025,D,tram
at:49:1026,26A,bus
at:49:1026,88A,bus
at:49:1026,N20,bus
at:49:1027,22A,bus
at:49:1027,N23,bus
at:49:1027,N24,bus
at:49:1028,63A,bus
at:49:1028,9A,bus
at:49:1029,44A,bus
at:49:103,18,tram
at:49:103,59A,bus
at:49:103,6,tram
at:49:103,62,tram
at:49:103,BB,tram
at:49:103,N8,bus
at:49:1030,37,tram
at:49:1031,25,tram
at:49:1031,26,tram
at:49:1031,26A,bus
at:49:1031,94A,bus
at:49:1031,N20,bus
at:49:1031,N90,bus
at:49:1033,2A,bus
at:49:1034,94A,bus
at:49:1035,10,tram
at:49:1035,46,tram
at:49:1035,49,tram
at:49:1035,E3,tram
at:49:1035,N49,bus
at:49:1035,U3,subway
at:49:1037,10A,bus
at:49:1037,48A,bus
at:49:1038,22A,bus
at:49:1038,95B,bus
at:49:1039,77A,bus
at:49:1039,78A,bus
at:49:1039,79A,bus
at:49:1039,79B,bus
at:49:1039,N81,bus
at:49:104,12A,bus
at:49:104,14A,bus
at:49:104,59A,bus
at:49:1040,2,tram
at:49:1040,5,tram
at:49:1040,5B,bus
at:49:1040,80A,bus
at:49:1040,82A,bus
at:49:1040,N25,bus
at:49:1040,N81,bus
at:49:1040,O,tram
at:49:1040,U1,subway
at:49:1040,U2,subway
at:49:1040,U2E,bus
at:49:1041,4A,bus
at:49:1042,5A,bus
at:49:1043,44B,bus
at:49:1043,46A,bus
at:49:1043,46B,bus
at:49:1044,53A,bus
at:49:1044,54A,bus
at:49:1044,54B,bus
at:49:1044,N54,bus
at:49:1045,69A,bus
at:49:1046,88A,bus
at:49:1046,88B,bus
at:49:1047,59A,bus
at:49:1047,N71,bus
at:49:1048,25,tram
at:49:1048,26,tram
at:49:1048,27,tram
at:49:1048,85A,bus
at:49:1048,95A,bus
at:49:1048,95B,bus
at:49:1048,N23,bus
at:49:1048,N24,bus
at:49:1049,47A,bus
at:49:1049,48A,bus
at:49:1049,N46,bus
at:49:105,25A,bus
at:49:1050,25A,bus
at:49:1050,N25,bus
at:49:1052,47A,bus
at:49:1052,48A,bus
at:49:1053,60A,bus
at:49:1053,N61,bus
at:49:1054,65A,bus
at:49:1054,66A,bus
at:49:1054,67B,bus
at:49:1054,N66,bus
at:49:1054,SEV BB,bus
at:49:1055,46A,bus
at:49:1055,46B,bus
at:49:1056,38,tram
at:49:1056,41,tram
at:49:1056,41A,bus
at:49:1056,N41,bus
at:49:1057,41A,bus
at:49:1058,11,tram
at:49:1058,18,tram
at:49:1058,6,tram
at:49:1058,N6,bus
at:49:1058,N65,bus
at:49:1058,N66,bus
at:49:1058,N67,bus
at:49:1058,N68,bus
at:49:1058,O,tram
at:49:106,50A,bus
at:49:106,50B,bus
at:49:106,N49,bus
at:49:1060,1,tram
at:49:1060,18,tram
at:49:1060,6,tram
at:49:1060,62,tram
at:49:1060,N6,bus
at:49:1061,74A,bus
at:49:1061,77A,bus
at:49:1062,35A,bus
at:49:1062,37A,bus
at:49:1062,D,tram
at:49:1062,N35,bus
at:49:1062,N36,bus
at:49:1062,N8,bus
at:49:1062,U4,subway
at:49:1062,U6,subway
at:49:1063,1,tram
at:49:1063,N29,bus
at:49:1063,O,tram
at:49:1065,47A,bus
at:49:1065,N46,bus
at:49:1066,13A,bus
at:49:1067,93A,bus
at:49:1067,N91,bus
at:49:1068,D,tram
at:49:1068,N36,bus
at:49:107,46,tram
at:49:107,47B,bus
at:49:107,49,tram
at:49:1070,76A,bus
at:49:1070,76B,bus
at:49:1071,1,tram
at:49:1071,4A,bus
at:49:1071,N29,bus
at:49:1072,1,tram
at:49:1072,2,tram
at:49:1072,U2,subway
at:49:1073,72A,bus
at:49:1074,66A,bus
at:49:1074,N66,bus
at:49:1075,53A,bus
at:49:1076,32A,bus
at:49:1077,5,tram
at:49:1077,5A,bus
at:49:1077,O,tram
at:49:1078,11,tram
at:49:1078,15A,bus
at:49:1078,N65,bus
at:49:1078,O,tram
at:49:1079,12,tram
at:49:1079,2,tram
at:49:1079,N29,bus
at:49:1079,O,tram
at:49:108,98A,bus
at:49:1080,44,tram
at:49:1081,56A,bus
at:49:1081,58A,bus
at:49:1082,48A,bus
at:49:1082,N46,bus
at:49:1083,88B,bus
at:49:1084,10,tram
at:49:1084,46,tram
at:49:1084,49,tram
at:49:1084,52,tram
at:49:1084,60,tram
at:49:1085,12A,bus
at:49:1085,14A,bus
at:49:1085,N60,bus
at:49:1086,12A,bus
at:49:1086,14A,bus
at:49:1086,59A,bus
at:49:1087,46A,bus
at:49:1087,46B,bus
at:49:1088,13A,bus
at:49:1088,49,tram
at:49:1088,52,tram
at:49:1088,N49,bus
at:49:1088,N71,bus
at:49:109,10A,bus
at:49:109,37,tram
at:49:109,39A,bus
at:49:1090,1A,bus
at:49:1090,2A,bus
at:49:1090,3A,bus
at:49:1091,1,tram
at:49:1091,71,tram
at:49:1091,77A,bus
at:49:1091,D,tram
at:49:1091,N71,bus
at:49:1091,O,tram
at:49:1093,89A,bus
at:49:1094,1,tram
at:49:1094,62,tram
at:49:1094,BB,tram
at:49:1094,N62,bus
at:49:1094,N66,bus
at:49:1095,11,tram
at:49:1095,14A,bus
at:49:1095,6,tram
at:49:1095,65A,bus
at:49:1095,66A,bus
at:49:1095,68A,bus
at:49:1095,68B,bus
at:49:1095,7A,bus
at:49:1095,N6,bus
at:49:1095,N65,bus
at:49:1095,N66,bus
at:49:1095,N67,bus
at:49:1095,N68,bus
at:49:1095,U1,subway
at:49:1096,54A,bus
at:49:1098,67A,bus
at:49:1098,67B,bus
at:49:1099,10A,bus
at:49:1099,42A,bus
at:49:11,5A,bus
at:49:110,74A,bus
at:49:1100,60,tram
at:49:1100,N60,bus
at:49:1101,49A,bus
at:49:1102,3A,bus
at:49:1103,32A,bus
at:49:1104,4A,bus
at:49:1104,74A,bus
at:49:1104,N75,bus
at:49:1104,U3,subway
at:49:1105,60,tram
at:49:1105,60A,bus
at:49:1105,N60,bus
at:49:1105,N61,bus
at:49:1107,60A,bus
at:49:1107,N60,bus
at:49:1107,N61,bus
at:49:1108,35A,bus
at:49:1108,N35,bus
at:49:1109,53A,bus
at:49:1109,54A,bus
at:49:1109,54B,bus
at:49:1109,N54,bus
at:49:111,33A,bus
at:49:1111,69A,bus
at:49:1112,63A,bus
at:49:1113,99B,bus
at:49:1114,56A,bus
at:49:1114,58B,bus
at:49:1114,62,tram
at:49:1114,N62,bus
at:49:1115,2,tram
at:49:1115,43,tram
at:49:1115,9,tram
at:49:1115,N43,bus
at:49:1116,47B,bus
at:49:1117,64A,bus
at:49:1117,N64,bus
at:49:1118,10A,bus
at:49:1118,63A,bus
at:49:1118,N60,bus
at:49:1119,2A,bus
at:49:112,1,tram
at:49:112,40A,bus
at:49:112,D,tram
at:49:112,N38,bus
at:49:112,N41,bus
at:49:1120,92B,bus
at:49:1121,10,tram
at:49:1121,12,tram
at:49:1121,2,tram
at:49:1121,46A,bus
at:49:1121,46B,bus
at:49:1122,25A,bus
at:49:1122,27A,bus
at:49:1122,28A,bus
at:49:1124,U4,subway
at:49:1125,66A,bus
at:49:1125,N66,bus
at:49:1126,7A,bus
at:49:1126,9A,bus
at:49:1127,60A,bus
at:49:1127,N60,bus
at:49:1127,N61,bus
at:49:1128,56A,bus
at:49:1128,58B,bus
at:49:1128,60A,bus
at:49:1128,66A,bus
at:49:1128,N66,bus
at:49:1129,2A,bus
at:49:1129,3A,bus
at:49:113,46,tram
at:49:113,47A,bus
at:49:113,49,tram
at:49:113,52,tram
at:49:113,60,tram
at:49:1130,2,tram
at:49:1130,5B,bus
at:49:1132,18,tram
at:49:1132,49,tram
at:49:1132,5,tram
at:49:1132,52,tram
at:49:1132,60,tram
at:49:1132,9,tram
at:49:1132,E3,tram
at:49:1132,N54,bus
at:49:1133,30A,bus
at:49:1133,31A,bus
at:49:1134,56A,bus
at:49:1134,58B,bus
at:49:1135,26,tram
at:49:1135,27,tram
at:49:1135,32A,bus
at:49:1135,N20,bus
at:49:1136,12,tram
at:49:1136,2,tram
at:49:1137,82A,bus
at:49:1138,10A,bus
at:49:1138,39A,bus
at:49:1139,16A,bus
at:49:1139,64B,bus
at:49:1139,N65,bus
at:49:1139,N8,bus
at:49:114,47A,bus
at:49:1140,11,tram
at:49:1140,N65,bus
at:49:1141,25,tram
at:49:1141,26,tram
at:49:1141,27,tram
at:49:1141,27A,bus
at:49:1141,N20,bus
at:49:1142,35A,bus
at:49:1142,N35,bus
at:49:1143,26A,bus
at:49:1143,N20,bus
at:49:1144,2A,bus
at:49:1144,3A,bus
at:49:1145,1,tram
at:49:1145,2,tram
at:49:1145,2A,bus
at:49:1145,71,tram
at:49:1145,D,tram
at:49:1146,49A,bus
at:49:1146,50A,bus
at:49:1146,N49,bus
at:49:1147,20A,bus
at:49:1148,18,tram
at:49:1148,74A,bus
at:49:1149,56A,bus
at:49:1149,56B,bus
at:49:1149,58A,bus
at:49:1149,58B,bus
at:49:115,18,tram
at:49:115,77A,bus
at:49:115,80A,bus
at:49:1150,56A,bus
at:49:1151,28A,bus
at:49:1151,29A,bus
at:49:1151,N25,bus
at:49:1152,13A,bus
at:49:1152,48A,bus
at:49:1152,N46,bus
at:49:1153,39A,bus
at:49:1154,14A,bus
at:49:1155,42A,bus
at:49:1156,42A,bus
at:49:1158,10,tram
at:49:1158,10A,bus
at:49:1158,46,tram
at:49:1158,49,tram
at:49:1158,52,tram
at:49:1158,60,tram
at:49:1159,25B,bus
at:49:116,38B,bus
at:49:116,D,tram
at:49:1160,15A,bus
at:49:1160,62A,bus
at:49:1160,7A,bus
at:49:1160,7B,bus
at:49:1160,BB,tram
at:49:1160,N62,bus
at:49:1160,N8,bus
at:49:1160,SEV BB,bus
at:49:1162,72A,bus
at:49:1163,93A,bus
at:49:1163,96A,bus
at:49:1163,N91,bus
at:49:1164,93A,bus
at:49:1164,96A,bus
at:49:1164,N91,bus
at:49:1165,82A,bus
at:49:1166,88B,bus
at:49:1168,59A,bus
at:49:1168,N62,bus
at:49:1168,N66,bus
at:49:1168,N71,bus
at:49:1169,1,tram
at:49:1169,D,tram
at:49:1169,N38,bus
at:49:117,7A,bus
at:49:1171,60A,bus
at:49:1171,64A,bus
at:49:1171,66A,bus
at:49:1171,N66,bus
at:49:1173,71,tram
at:49:1173,D,tram
at:49:1174,16A,bus
at:49:1174,62,tram
at:49:1174,63A,bus
at:49:1174,N62,bus
at:49:1176,10,tram
at:49:1176,10A,bus
at:49:1176,52,tram
at:49:1176,60,tram
at:49:1176,N60,bus
at:49:1177,46A,bus
at:49:1177,46B,bus
at:49:1178,56A,bus
at:49:1178,58A,bus
at:49:1178,58B,bus
at:49:1179,12A,bus
at:49:118,39A,bus
at:49:1180,98A,bus
at:49:1181,46,tram
at:49:1181,N46,bus
at:49:1182,1,tram
at:49:1182,2,tram
at:49:1182,31,tram
at:49:1182,3A,bus
at:49:1182,71,tram
at:49:1182,D,tram
at:49:1182,N25,bus
at:49:1182,N31,bus
at:49:1182,N38,bus
at:49:1182,N60,bus
at:49:1182,N66,bus
at:49:1182,U2,subway
at:49:1182,U4,subway
at:49:1184,1,tram
at:49:1184,1A,bus
at:49:1184,2,tram
at:49:1184,37,tram
at:49:1184,38,tram
at:49:1184,40,tram
at:49:1184,40A,bus
at:49:1184,41,tram
at:49:1184,42,tram
at:49:1184,43,tram
at:49:1184,44,tram
at:49:1184,71,tram
at:49:1184,D,tram
at:49:1184,N25,bus
at:49:1184,N38,bus
at:49:1184,N41,bus
at:49:1184,N43,bus
at:49:1184,N60,bus
at:49:1184,N66,bus
at:49:1184,U2,subway
at:49:1185,54B,bus
at:49:1186,12,tram
at:49:1186,26,tram
at:49:1186,27,tram
at:49:1186,30,tram
at:49:1186,31,tram
at:49:1186,5,tram
at:49:1186,N31,bus
at:49:1187,44A,bus
at:49:1188,48A,bus
at:49:1188,N46,bus
at:49:1189,53A,bus
at:49:119,34A,bus
at:49:119,36A,bus
at:49:119,36B,bus
at:49:1190,10A,bus
at:49:1190,46,tram
at:49:1190,N46,bus
at:49:1191,65A,bus
at:49:1191,66A,bus
at:49:1191,N66,bus
at:49:1192,36A,bus
at:49:1192,36B,bus
at:49:1193,1,tram
at:49:1193,2,tram
at:49:1193,2A,bus
at:49:1193,3A,bus
at:49:1193,4A,bus
at:49:1193,71,tram
at:49:1193,D,tram
at:49:1193,N25,bus
at:49:1193,N38,bus
at:49:1193,N60,bus
at:49:1193,N66,bus
at:49:1193,N71,bus
at:49:1193,N75,bus
at:49:1195,65A,bus
at:49:1195,66A,bus
at:49:1195,67B,bus
at:49:1195,N66,bus
at:49:1196,34A,bus
at:49:1197,37,tram
at:49:1197,38,tram
at:49:1197,40,tram
at:49:1197,41,tram
at:49:1197,42,tram
at:49:1197,N41,bus
at:49:1198,1,tram
at:49:1198,2,tram
at:49:1198,2A,bus
at:49:1198,71,tram
at:49:1198,D,tram
at:49:1198,N25,bus
at:49:1198,N29,bus
at:49:1198,N31,bus
at:49:1198,N38,bus
at:49:1198,N60,bus
at:49:1198,N66,bus
at:49:1198,U1,subway
at:49:1198,U4,subway
at:49:1199,18,tram
at:49:1199,77A,bus
at:49:1199,80A,bus
at:49:1199,U3,subway
at:49:12,10A,bus
at:49:12,12A,bus
at:49:120,13A,bus
at:49:120,N66,bus
at:49:1200,12A,bus
at:49:1200,49,tram
at:49:1200,9,tram
at:49:1200,E3,tram
at:49:1200,N49,bus
at:49:1200,U3,subway
at:49:1201,53A,bus
at:49:1202,38,tram
at:49:1202,41,tram
at:49:1202,N41,bus
at:49:1203,1A,bus
at:49:1203,3A,bus
at:49:1204,92A,bus
at:49:1204,92B,bus
at:49:1204,N90,bus
at:49:1205,92A,bus
at:49:1205,92B,bus
at:49:1205,N90,bus
at:49:1206,80A,bus
at:49:1207,95A,bus
at:49:1208,42A,bus
at:49:1209,92A,bus
at:49:1209,92B,bus
at:49:1209,N90,bus
at:49:121,93A,bus
at:49:1210,37,tram
at:49:1210,40,tram
at:49:1210,9,tram
at:49:1211,10A,bus
at:49:1211,N60,bus
at:49:1211,U4,subway
at:49:1212,9A,bus
at:49:1213,29B,bus
at:49:1214,BB,tram
at:49:1215,30A,bus
at:49:1216,27A,bus
at:49:1216,N25,bus
at:49:1217,29A,bus
at:49:1217,29B,bus
at:49:1217,N30,bus
at:49:1218,1,tram
at:49:1218,O,tram
at:49:1219,88B,bus
at:49:122,40A,bus
at:49:122,N41,bus
at:49:1220,54B,bus
at:49:1221,89A,bus
at:49:1221,99A,bus
at:49:1221,99B,bus
at:49:1223,17A,bus
at:49:1226,37,tram
at:49:1226,38,tram
at:49:1226,40,tram
at:49:1226,41,tram
at:49:1226,42,tram
at:49:1226,N41,bus
at:49:1227,53A,bus
at:49:1228,61A,bus
at:49:1228,64A,bus
at:49:1229,30,tram
at:49:1229,31,tram
at:49:1229,N31,bus
at:49:123,43B,bus
at:49:123,49A,bus
at:49:123,50A,bus
at:49:123,50B,bus
at:49:123,52A,bus
at:49:123,52B,bus
at:49:123,N49,bus
at:49:1230,66A,bus
at:49:1230,N66,bus
at:49:1231,D,tram
at:49:1231,N36,bus
at:49:1232,12A,bus
at:49:1233,12A,bus
at:49:1233,14A,bus
at:49:1234,94A,bus
at:49:1235,61B,bus
at:49:1235,N64,bus
at:49:1235,SEV BB,bus
at:49:1235,U6,subway
at:49:1237,49,tram
at:49:1237,52,tram
at:49:1237,N49,bus
at:49:1239,17A,bus
at:49:1239,66A,bus
at:49:1239,67A,bus
at:49:1239,67B,bus
at:49:1239,N66,bus
at:49:1239,N67,bus
at:49:124,44,tram
at:49:1240,52A,bus
at:49:1241,93A,bus
at:49:1241,N90,bus
at:49:1242,44A,bus
at:49:1243,52B,bus
at:49:1244,93A,bus
at:49:1244,N90,bus
at:49:1245,15A,bus
at:49:1245,68A,bus
at:49:1245,68B,bus
at:49:1245,N68,bus
at:49:1246,43A,bus
at:49:1247,26A,bus
at:49:1247,92A,bus
at:49:1247,97A,bus
at:49:1247,N20,bus
at:49:1247,N84,bus
at:49:1247,N91,bus
at:49:1248,30A,bus
at:49:1248,31A,bus
at:49:1248,N30,bus
at:49:1249,9A,bus
at:49:125,33A,bus
at:49:1250,39A,bus
at:49:1252,38,tram
at:49:1252,N38,bus
at:49:1253,10A,bus
at:49:1253,38,tram
at:49:1253,39A,bus
at:49:1253,N38,bus
at:49:1254,25A,bus
at:49:1255,60,tram
at:49:1255,N60,bus
at:49:1256,39B,bus
at:49:1257,15A,bus
at:49:1258,95A,bus
at:49:1258,97A,bus
at:49:1259,76A,bus
at:49:1259,76B,bus
at:49:1260,11,tram
at:49:1260,69A,bus
at:49:1260,71,tram
at:49:1260,71E,bus
at:49:1260,72A,bus
at:49:1260,73A,bus
at:49:1260,D,tram
at:49:1260,N71,bus
at:49:1260,U3,subway
at:49:1261,49A,bus
at:49:1262,59A,bus
at:49:1262,62A,bus
at:49:1262,8A,bus
at:49:1262,9A,bus
at:49:1263,11,tram
at:49:1263,6,tram
at:49:1263,71,tram
at:49:1263,D,tram
at:49:1263,N6,bus
at:49:1264,76A,bus
at:49:1264,76B,bus
at:49:1265,17A,bus
at:49:1266,49A,bus
at:49:1266,50B,bus
at:49:1267,13A,bus
at:49:1267,2,tram
at:49:1267,43,tram
at:49:1267,44,tram
at:49:1267,N43,bus
at:49:1267,N71,bus
at:49:1268,30A,bus
at:49:1268,31A,bus
at:49:1269,65A,bus
at:49:127,7A,bus
at:49:1270,22A,bus
at:49:1270,95B,bus
at:49:1272,37,tram
at:49:1272,40,tram
at:49:1272,41,tram
at:49:1272,42,tram
at:49:1272,9,tram
at:49:1275,57A,bus
at:49:1276,62,tram
at:49:1276,62A,bus
at:49:1276,N8,bus
at:49:1277,31A,bus
at:49:1278,25,tram
at:49:1278,26,tram
at:49:1278,95A,bus
at:49:1278,N20,bus
at:49:1278,U2,subway
at:49:1279,24A,bus
at:49:1279,85A,bus
at:49:1279,N24,bus
at:49:128,30A,bus
at:49:128,32A,bus
at:49:1280,85A,bus
at:49:1282,89A,bus
at:49:1283,10,tram
at:49:1283,52,tram
at:49:1283,56A,bus
at:49:1283,56B,bus
at:49:1283,60,tram
at:49:1283,N60,bus
at:49:1284,58A,bus
at:49:1285,60A,bus
at:49:1286,14A,bus
at:49:1287,N62,bus
at:49:1288,12,tram
at:49:1288,37,tram
at:49:1288,38,tram
at:49:1288,40,tram
at:49:1288,41,tram
at:49:1288,42,tram
at:49:1288,5,tram
at:49:1288,N41,bus
at:49:1289,86A,bus
at:49:1289,87A,bus
at:49:1289,95A,bus
at:49:1289,96A,bus
at:49:129,33A,bus
at:49:1291,94A,bus
at:49:1291,N90,bus
at:49:1292,94A,bus
at:49:1292,N90,bus
at:49:1296,18,tram
at:49:1296,77A,bus
at:49:1299,86A,bus
at:49:1299,87A,bus
at:49:1299,94A,bus
at:49:1299,U2,subway
at:49:130,30A,bus
at:49:130,31A,bus
at:49:130,36A,bus
at:49:130,36B,bus
at:49:1300,14A,bus
at:49:1301,77A,bus
at:49:1301,78A,bus
at:49:1301,79A,bus
at:49:1301,79B,bus
at:49:1302,34A,bus
at:49:1303,45A,bus
at:49:1303,46A,bus
at:49:1303,46B,bus
at:49:1303,N46,bus
at:49:1304,10,tram
at:49:1304,52,tram
at:49:1304,60,tram
at:49:1304,N60,bus
at:49:1305,U4,subway
at:49:1306,18,tram
at:49:1306,49,tram
at:49:1306,5,tram
at:49:1306,52,tram
at:49:1306,60,tram
at:49:1306,9,tram
at:49:1306,E3,tram
at:49:1306,N54,bus
at:49:1307,25A,bus
at:49:1307,25B,bus
at:49:1307,85A,bus
at:49:1308,30,tram
at:49:1308,31,tram
at:49:1308,N31,bus
at:49:131,76A,bus
at:49:131,76B,bus
at:49:1311,49A,bus
at:49:1311,50B,bus
at:49:1312,1,tram
at:49:1312,15A,bus
at:49:1312,62,tram
at:49:1312,65A,bus
at:49:1313,94A,bus
at:49:1313,N20,bus
at:49:1313,N25,bus
at:49:1314,30A,bus
at:49:1314,32A,bus
at:49:1315,77A,bus
at:49:1315,80A,bus
at:49:1316,93A,bus
at:49:1317,10,tram
at:49:1317,46,tram
at:49:1317,49,tram
at:49:1317,U3,subway
at:49:1318,46A,bus
at:49:1318,46B,bus
at:49:1319,64A,bus
at:49:1319,64B,bus
at:49:1319,66A,bus
at:49:1319,67B,bus
at:49:1319,N64,bus
at:49:1319,N66,bus
at:49:1319,N8,bus
at:49:132,30,tram
at:49:132,31,tram
at:49:132,N31,bus
at:49:1320,1A,bus
at:49:1320,2A,bus
at:49:1320,3A,bus
at:49:1320,U1,subway
at:49:1320,U3,subway
at:49:1321,77A,bus
at:49:1321,80A,bus
at:49:1322,66A,bus
at:49:1322,67A,bus
at:49:1322,67B,bus
at:49:1322,N66,bus
at:49:1323,37,tram
at:49:1323,37A,bus
at:49:1323,38,tram
at:49:1323,40,tram
at:49:1323,40A,bus
at:49:1323,41,tram
at:49:1323,42,tram
at:49:1324,12A,bus
at:49:1324,57A,bus
at:49:1324,N8,bus
at:49:1325,49,tram
at:49:1325,52,tram
at:49:1325,N49,bus
at:49:1327,16A,bus
at:49:1327,17A,bus
at:49:1327,19A,bus
at:49:1327,67A,bus
at:49:1327,67B,bus
at:49:1327,N17,bus
at:49:1327,N67,bus
at:49:1328,5,tram
at:49:1329,20B,bus
at:49:133,25A,bus
at:49:133,25B,bus
at:49:133,85A,bus
at:49:1330,92A,bus
at:49:1330,96A,bus
at:49:1331,77A,bus
at:49:1331,80A,bus
at:49:1332,58A,bus
at:49:1332,58B,bus
at:49:1333,32A,bus
at:49:1333,34A,bus
at:49:1334,73B,bus
at:49:1335,32A,bus
at:49:1336,35A,bus
at:49:1336,N35,bus
at:49:1337,92A,bus
at:49:1339,77A,bus
at:49:1339,80A,bus
at:49:134,26A,bus
at:49:134,N20,bus
at:49:1340,13A,bus
at:49:1340,46,tram
at:49:1340,N46,bus
at:49:1340,N71,bus
at:49:1341,84A,bus
at:49:1341,N84,bus
at:49:1342,67A,bus
at:49:1342,67B,bus
at:49:1342,N67,bus
at:49:1343,38A,bus
at:49:1344,15A,bus
at:49:1345,84A,bus
at:49:1345,N84,bus
at:49:1346,1,tram
at:49:1346,18,tram
at:49:1346,62,tram
at:49:1346,71,tram
at:49:1346,D,tram
at:49:1346,O,tram
at:49:1349,1,tram
at:49:1349,13A,bus
at:49:1349,18,tram
at:49:1349,62,tram
at:49:1349,69A,bus
at:49:1349,N66,bus
at:49:1349,O,tram
at:49:1349,U1,subway
at:49:135,37,tram
at:49:1351,11A,bus
at:49:1351,5B,bus
at:49:1352,16A,bus
at:49:1352,63A,bus
at:49:1353,16A,bus
at:49:1353,63A,bus
at:49:1357,25A,bus
at:49:1357,25B,bus
at:49:1357,85A,bus
at:49:1358,69A,bus
at:49:1359,25A,bus
at:49:1359,25B,bus
at:49:1359,85A,bus
at:49:136,1,tram
at:49:136,11,tram
at:49:136,14A,bus
at:49:136,18,tram
at:49:136,N66,bus
at:49:136,O,tram
at:49:1360,22A,bus
at:49:1360,86A,bus
at:49:1360,87A,bus
at:49:1360,95A,bus
at:49:1360,N23,bus
at:49:1360,N24,bus
at:49:1361,56A,bus
at:49:1361,58B,bus
at:49:1361,60A,bus
at:49:1362,N64,bus
at:49:1363,69A,bus
at:49:1364,92A,bus
at:49:1365,2A,bus
at:49:1365,5A,bus
at:49:1366,N66,bus
at:49:1366,U1,subway
at:49:1368,99B,bus
at:49:1369,1A,bus
at:49:137,12A,bus
at:49:137,13A,bus
at:49:137,14A,bus
at:49:137,59A,bus
at:49:1370,17A,bus
at:49:1370,66A,bus
at:49:1370,67A,bus
at:49:1370,N67,bus
at:49:1371,11,tram
at:49:1372,46,tram
at:49:1372,N46,bus
at:49:1372,N8,bus
at:49:1372,U6,subway
at:49:1373,9A,bus
at:49:1374,46,tram
at:49:1374,9,tram
at:49:1374,N46,bus
at:49:1375,13A,bus
at:49:1375,N71,bus
at:49:1376,63A,bus
at:49:1376,8A,bus
at:49:1377,68A,bus
at:49:1377,68B,bus
at:49:1377,N68,bus
at:49:1378,24A,bus
at:49:1378,89A,bus
at:49:1378,N24,bus
at:49:138,85A,bus
at:49:1380,89A,bus
at:49:1382,47A,bus
at:49:1383,63A,bus
at:49:1383,8A,bus
at:49:1383,N62,bus
at:49:1384,53A,bus
at:49:1385,12,tram
at:49:1385,2,tram
at:49:1385,37A,bus
at:49:1385,5A,bus
at:49:1385,N29,bus
at:49:1385,O,tram
at:49:1386,25A,bus
at:49:1388,67A,bus
at:49:1388,67B,bus
at:49:1389,65A,bus
at:49:139,44A,bus
at:49:1392,1,tram
at:49:1392,62,tram
at:49:1393,11,tram
at:49:1393,65A,bus
at:49:1393,N65,bus
at:49:1393,O,tram
at:49:1394,U6,subway
at:49:1395,56A,bus
at:49:1395,58A,bus
at:49:1396,42A,bus
at:49:1397,10A,bus
at:49:1397,38,tram
at:49:1397,41,tram
at:49:1397,N41,bus
at:49:1398,29A,bus
at:49:1398,29B,bus
at:49:1398,N30,bus
at:49:1399,95A,bus
at:49:14,16A,bus
at:49:14,17A,bus
at:49:14,19A,bus
at:49:14,67A,bus
at:49:14,67B,bus
at:49:14,N17,bus
at:49:14,N67,bus
at:49:14,U1,subway
at:49:140,95A,bus
at:49:1400,43B,bus
at:49:1400,52A,bus
at:49:1400,52B,bus
at:49:1401,88B,bus
at:49:1401,98A,bus
at:49:1402,50B,bus
at:49:1403,63A,bus
at:49:1403,7A,bus
at:49:1404,47A,bus
at:49:1404,N54,bus
at:49:1404,U4,subway
at:49:1405,69A,bus
at:49:1406,69A,bus
at:49:1406,72A,bus
at:49:1407,71,tram
at:49:1407,D,tram
at:49:1407,N71,bus
at:49:1408,28A,bus
at:49:1408,85A,bus
at:49:1409,70A,bus
at:49:1409,N17,bus
at:49:141,76A,bus
at:49:141,79A,bus
at:49:141,79B,bus
at:49:1410,70A,bus
at:49:1411,70A,bus
at:49:1411,N17,bus
at:49:1412,49A,bus
at:49:1412,50B,bus
at:49:1413,18,tram
at:49:1413,49,tram
at:49:1413,52,tram
at:49:1413,6,tram
at:49:1413,9,tram
at:49:1413,E3,tram
at:49:1413,N49,bus
at:49:1413,N8,bus
at:49:1414,68A,bus
at:49:1414,68B,bus
at:49:1414,N68,bus
at:49:1415,56A,bus
at:49:1416,49A,bus
at:49:1416,50A,bus
at:49:1416,N49,bus
at:49:1417,56A,bus
at:49:1417,60A,bus
at:49:1417,N60,bus
at:49:1417,N61,bus
at:49:1418,11,tram
at:49:1418,71,tram
at:49:1418,71E,bus
at:49:1418,73B,bus
at:49:1418,N71,bus
at:49:1419,30,tram
at:49:1419,31,tram
at:49:1419,N31,bus
at:49:142,10A,bus
at:49:1420,53A,bus
at:49:1421,N81,bus
at:49:1422,10,tram
at:49:1422,53A,bus
at:49:1422,N54,bus
at:49:1423,44A,bus
at:49:1424,62,tram
at:49:1425,18,tram
at:49:1425,71,tram
at:49:1425,74A,bus
at:49:1425,D,tram
at:49:1425,N71,bus
at:49:1426,37,tram
at:49:1426,40,tram
at:49:1426,41,tram
at:49:1426,42,tram
at:49:1426,9,tram
at:49:1427,80A,bus
at:49:1428,48A,bus
at:49:1429,34A,bus
at:49:143,17A,bus
at:49:143,N17,bus
at:49:1430,13A,bus
at:49:1430,48A,bus
at:49:1430,49,tram
at:49:1430,52,tram
at:49:1430,N46,bus
at:49:1430,N49,bus
at:49:1430,U2,subway
at:49:1430,U3,subway
at:49:1431,2A,bus
at:49:1431,5A,bus
at:49:1431,5B,bus
at:49:1433,11A,bus
at:49:1433,12,tram
at:49:1433,N25,bus
at:49:1433,U1,subway
at:49:1435,86A,bus
at:49:1435,87A,bus
at:49:1435,95A,bus
at:49:1436,38A,bus
at:49:1437,16A,bus
at:49:1438,46,tram
at:49:1438,47A,bus
at:49:1438,49,tram
at:49:1438,N49,bus
at:49:1439,48A,bus
at:49:1439,N46,bus
at:49:144,10A,bus
at:49:1440,11A,bus
at:49:1441,68A,bus
at:49:1441,68B,bus
at:49:1441,N68,bus
at:49:1443,12,tram
at:49:1443,31,tram
at:49:1443,5,tram
at:49:1443,5B,bus
at:49:1443,N31,bus
at:49:1443,O,tram
at:49:1444,12,tram
at:49:1444,2,tram
at:49:1444,31,tram
at:49:1444,5,tram
at:49:1444,O,tram
at:49:1445,44A,bus
at:49:1446,9,tram
at:49:1447,20A,bus
at:49:1448,89A,bus
at:49:1449,5A,bus
at:49:145,1,tram
at:49:145,18,tram
at:49:145,62,tram
at:49:1450,4A,bus
at:49:1450,74A,bus
at:49:1451,29B,bus
at:49:1451,N25,bus
at:49:1453,10,tram
at:49:1453,52,tram
at:49:1453,60,tram
at:49:1453,62,tram
at:49:1453,N62,bus
at:49:1455,99A,bus
at:49:1456,17A,bus
at:49:1456,N17,bus
at:49:1457,76B,bus
at:49:1459,57A,bus
at:49:146,76A,bus
at:49:146,76B,bus
at:49:1460,1,tram
at:49:1460,2,tram
at:49:1460,71,tram
at:49:1460,D,tram
at:49:1461,38,tram
at:49:1461,40,tram
at:49:1461,41,tram
at:49:1461,41E,bus
at:49:1461,N41,bus
at:49:1462,35A,bus
at:49:1462,37A,bus
at:49:1462,N35,bus
at:49:1463,11,tram
at:49:1463,69A,bus
at:49:1463,71,tram
at:49:1463,71E,bus
at:49:1463,N71,bus
at:49:1464,63A,bus
at:49:1464,8A,bus
at:49:1465,19A,bus
at:49:1466,10,tram
at:49:1466,N54,bus
at:49:1467,42A,bus
at:49:1468,18,tram
at:49:1468,49,tram
at:49:1468,5,tram
at:49:1468,52,tram
at:49:1468,6,tram
at:49:1468,60,tram
at:49:1468,9,tram
at:49:1468,E3,tram
at:49:1468,N49,bus
at:49:1468,N54,bus
at:49:1468,N6,bus
at:49:1468,N8,bus
at:49:1468,U3,subway
at:49:1468,U6,subway
at:49:1469,59A,bus
at:49:147,69A,bus
at:49:147,72A,bus
at:49:1470,12,tram
at:49:1470,2,tram
at:49:1470,30,tram
at:49:1470,31,tram
at:49:1470,5,tram
at:49:1470,5B,bus
at:49:1470,O,tram
at:49:1471,74A,bus
at:49:1471,N75,bus
at:49:1472,71E,bus
at:49:1472,73B,bus
at:49:1472,N71,bus
at:49:1473,86A,bus
at:49:1473,87A,bus
at:49:1474,14A,bus
at:49:1475,54A,bus
at:49:1476,76B,bus
at:49:1477,62,tram
at:49:1477,62A,bus
at:49:1477,7A,bus
at:49:1477,N62,bus
at:49:1477,N8,bus
at:49:1478,73A,bus
at:49:1478,76B,bus
at:49:1478,79A,bus
at:49:1478,79B,bus
at:49:1479,17A,bus
at:49:1479,66A,bus
at:49:1479,N66,bus
at:49:148,1,tram
at:49:148,12,tram
at:49:148,2,tram
at:49:148,5,tram
at:49:1480,11,tram
at:49:1480,N65,bus
at:49:1481,16A,bus
at:49:1481,17A,bus
at:49:1481,67A,bus
at:49:1481,67B,bus
at:49:1481,N17,bus
at:49:1481,N67,bus
at:49:1481,U1,subway
at:49:1482,50A,bus
at:49:1482,N49,bus
at:49:1483,50B,bus
at:49:1483,N49,bus
at:49:1484,88B,bus
at:49:1485,20A,bus
at:49:1486,18,tram
at:49:1487,76A,bus
at:49:1487,76B,bus
at:49:1488,69A,bus
at:49:1489,10,tram
at:49:1489,44,tram
at:49:1489,46,tram
at:49:1489,48A,bus
at:49:1489,N46,bus
at:49:149,9,tram
at:49:1490,10A,bus
at:49:1490,12,tram
at:49:1490,2,tram
at:49:1491,65A,bus
at:49:1491,66A,bus
at:49:1491,67B,bus
at:49:1491,N66,bus
at:49:1492,60A,bus
at:49:1492,N60,bus
at:49:1492,N61,bus
at:49:1493,18,tram
at:49:1493,46,tram
at:49:1493,49,tram
at:49:1493,5,tram
at:49:1493,52,tram
at:49:1493,60,tram
at:49:1493,9,tram
at:49:1493,E3,tram
at:49:1494,1,tram
at:49:1494,62,tram
at:49:1495,26,tram
at:49:1495,27,tram
at:49:1495,N20,bus
at:49:1496,79A,bus
at:49:1496,79B,bus
at:49:1497,1,tram
at:49:1497,4A,bus
at:49:1497,80A,bus
at:49:1497,N29,bus
at:49:1498,56A,bus
at:49:1499,60A,bus
at:49:1499,64A,bus
at:49:1499,64B,bus
at:49:1499,66A,bus
at:49:1499,67B,bus
at:49:1499,N64,bus
at:49:1499,N66,bus
at:49:1499,N8,bus
at:49:1499,U6,subway
at:49:15,76A,bus
at:49:15,76B,bus
at:49:150,61A,bus
at:49:150,64A,bus
at:49:150,N64,bus
at:49:1500,92A,bus
at:49:1500,96A,bus
at:49:1501,49A,bus
at:49:1501,50A,bus
at:49:1501,50B,bus
at:49:1501,N49,bus
at:49:1502,99B,bus
at:49:1504,53A,bus
at:49:1504,54A,bus
at:49:1504,54B,bus
at:49:1504,N54,bus
at:49:1505,53A,bus
at:49:1505,62,tram
at:49:1506,34A,bus
at:49:1507,92A,bus
at:49:1508,15A,bus
at:49:1508,7A,bus
at:49:1508,N62,bus
at:49:1509,35A,bus
at:49:1509,37A,bus
at:49:1509,40A,bus
at:49:1509,N35,bus
at:49:1510,37,tram
at:49:1510,38,tram
at:49:1510,40,tram
at:49:1510,40A,bus
at:49:1510,41,tram
at:49:1510,41E,bus
at:49:1510,42,tram
at:49:1510,N41,bus
at:49:1510,N8,bus
at:49:1510,U6,subway
at:49:1511,37A,bus
at:49:1512,92A,bus
at:49:1513,34A,bus
at:49:1514,16A,bus
at:49:1514,N65,bus
at:49:1516,29A,bus
at:49:1517,46,tram
at:49:1517,47A,bus
at:49:1517,49,tram
at:49:1517,52,tram
at:49:1517,60,tram
at:49:1519,71B,bus
at:49:1520,11,tram
at:49:1520,71,tram
at:49:1520,71E,bus
at:49:1520,ZF,bus
at:49:1521,11,tram
at:49:1521,71,tram
at:49:1521,71E,bus
at:49:1521,ZF,bus
at:49:1522,11,tram
at:49:1522,71,tram
at:49:1522,71A,bus
at:49:1522,71B,bus
at:49:1522,71E,bus
at:49:1522,73B,bus
at:49:1522,ZF,bus
at:49:1523,11,tram
at:49:1523,71,tram
at:49:1523,71A,bus
at:49:1523,71B,bus
at:49:1523,71E,bus
at:49:1523,N71,bus
at:49:1524,16A,bus
at:49:1525,71,tram
at:49:1525,71A,bus
at:49:1525,71B,bus
at:49:1525,71E,bus
at:49:1525,N71,bus
at:49:1526,37,tram
at:49:1526,40,tram
at:49:1526,41,tram
at:49:1526,42A,bus
at:49:1526,9,tram
at:49:1527,24A,bus
at:49:1527,85A,bus
at:49:1527,N24,bus
at:49:1528,85A,bus
at:49:1529,13A,bus
at:49:1529,59A,bus
at:49:1529,N71,bus
at:49:153,40A,bus
at:49:1530,U3,subway
at:49:1531,48A,bus
at:49:1531,N46,bus
at:49:1532,48A,bus
at:49:1532,N46,bus
at:49:1533,49,tram
at:49:1533,52,tram
at:49:1533,N49,bus
at:49:1534,99B,bus
at:49:1535,73A,bus
at:49:1535,76A,bus
at:49:1535,79A,bus
at:49:1535,79B,bus
at:49:1536,79A,bus
at:49:1536,79B,bus
at:49:1537,26A,bus
at:49:1538,17A,bus
at:49:1538,N17,bus
at:49:1539,24A,bus
at:49:1539,N24,bus
at:49:1540,32A,bus
at:49:1541,30A,bus
at:49:1541,32A,bus
at:49:1542,92B,bus
at:49:1543,92B,bus
at:49:1544,34A,bus
at:49:1545,9A,bus
at:49:1546,7A,bus
at:49:1546,9A,bus
at:49:1548,4A,bus
at:49:1549,80A,bus
at:49:155,25A,bus
at:49:155,N25,bus
at:49:1550,56A,bus
at:49:1550,56B,bus
at:49:1550,58A,bus
at:49:1550,58B,bus
at:49:1551,95A,bus
at:49:1552,16A,bus
at:49:1553,67B,bus
at:49:1554,30,tram
at:49:1554,31,tram
at:49:1554,N31,bus
at:49:1555,47A,bus
at:49:1556,67B,bus
at:49:1558,46,tram
at:49:1558,5,tram
at:49:1559,1,tram
at:49:1559,13A,bus
at:49:1559,2,tram
at:49:1559,N71,bus
at:49:156,51A,bus
at:49:156,51B,bus
at:49:1560,16A,bus
at:49:1561,51A,bus
at:49:1561,51B,bus
at:49:1562,49A,bus
at:49:1562,50B,bus
at:49:1566,18,tram
at:49:1566,49,tram
at:49:1566,5,tram
at:49:1566,52,tram
at:49:1566,60,tram
at:49:1566,9,tram
at:49:1566,E3,tram
at:49:1567,34A,bus
at:49:1568,18,tram
at:49:1568,77A,bus
at:49:1568,80A,bus
at:49:157,1A,bus
at:49:157,2A,bus
at:49:157,3A,bus
at:49:1570,1,tram
at:49:1570,37,tram
at:49:1570,38,tram
at:49:1570,D,tram
at:49:1571,15A,bus
at:49:1571,65A,bus
at:49:1571,7B,bus
at:49:1571,N62,bus
at:49:1572,65A,bus
at:49:1573,65A,bus
at:49:1573,66A,bus
at:49:1573,N66,bus
at:49:1573,N67,bus
at:49:1573,U1,subway
at:49:1574,72A,bus
at:49:1575,72A,bus
at:49:1576,72A,bus
at:49:1577,72A,bus
at:49:1578,72A,bus
at:49:1579,72A,bus
at:49:158,44A,bus
at:49:1580,79A,bus
at:49:1580,79B,bus
at:49:1581,67B,bus
at:49:1583,18,tram
at:49:1583,77A,bus
at:49:1585,25A,bus
at:49:1586,66A,bus
at:49:1586,67B,bus
at:49:1586,N66,bus
at:49:1587,84A,bus
at:49:1587,N84,bus
at:49:1588,76A,bus
at:49:1589,76A,bus
at:49:159,57A,bus
at:49:1590,88B,bus
at:49:1592,71B,bus
at:49:1594,71B,bus
at:49:1595,25,tram
at:49:1595,26,tram
at:49:1595,27,tram
at:49:1595,86A,bus
at:49:1596,86A,bus
at:49:1597,86A,bus
at:49:1598,1,tram
at:49:1598,18,tram
at:49:1598,6,tram
at:49:1598,N6,bus
at:49:1599,71B,bus
at:49:16,76A,bus
at:49:16,76B,bus
at:49:160,11,tram
at:49:160,71,tram
at:49:160,D,tram
at:49:1602,56A,bus
at:49:1602,56B,bus
at:49:1602,N62,bus
at:49:1603,61A,bus
at:49:1604,61A,bus
at:49:1605,61A,bus
at:49:1606,61A,bus
at:49:1607,61A,bus
at:49:1609,61A,bus
at:49:161,U4,subway
at:49:1610,92B,bus
at:49:1612,47B,bus
at:49:1613,46,tram
at:49:1613,47B,bus
at:49:1613,49,tram
at:49:1613,N49,bus
at:49:1614,47B,bus
at:49:1615,47B,bus
at:49:1616,47B,bus
at:49:1617,47B,bus
at:49:1619,85A,bus
at:49:162,33A,bus
at:49:1620,61A,bus
at:49:1621,30A,bus
at:49:1621,32A,bus
at:49:1622,30A,bus
at:49:1623,30A,bus
at:49:1624,30A,bus
at:49:1625,17A,bus
at:49:1625,66A,bus
at:49:1625,67A,bus
at:49:1625,N67,bus
at:49:1626,17A,bus
at:49:1626,66A,bus
at:49:1626,67A,bus
at:49:1626,N67,bus
at:49:1627,30A,bus
at:49:1627,32A,bus
at:49:1628,30A,bus
at:49:1629,60A,bus
at:49:163,65A,bus
at:49:1630,25,tram
at:49:1630,26,tram
at:49:1630,N20,bus
at:49:1631,25,tram
at:49:1631,26,tram
at:49:1631,93A,bus
at:49:1631,97A,bus
at:49:1631,98A,bus
at:49:1631,N20,bus
at:49:1633,92A,bus
at:49:1634,92A,bus
at:49:1635,98A,bus
at:49:1636,98A,bus
at:49:1637,98A,bus
at:49:1638,98A,bus
at:49:1639,98A,bus
at:49:164,24A,bus
at:49:164,85A,bus
at:49:164,N24,bus
at:49:1640,98A,bus
at:49:1641,98A,bus
at:49:1642,98A,bus
at:49:1643,98A,bus
at:49:1644,98A,bus
at:49:1645,88B,bus
at:49:1645,98A,bus
at:49:1646,97A,bus
at:49:1648,97A,bus
at:49:1649,97A,bus
at:49:165,24A,bus
at:49:165,28A,bus
at:49:165,85A,bus
at:49:165,97A,bus
at:49:165,N24,bus
at:49:1650,97A,bus
at:49:1652,72A,bus
at:49:1654,40A,bus
at:49:1655,63A,bus
at:49:1656,60A,bus
at:49:1656,N60,bus
at:49:1656,N61,bus
at:49:1657,25A,bus
at:49:1657,27A,bus
at:49:1657,N25,bus
at:49:1658,N38,bus
at:49:1659,N60,bus
at:49:166,46,tram
at:49:166,49,tram
at:49:166,E3,tram
at:49:166,N49,bus
at:49:1660,30A,bus
at:49:1660,31A,bus
at:49:1660,32A,bus
at:49:1662,26A,bus
at:49:1662,88A,bus
at:49:1662,88B,bus
at:49:1662,99A,bus
at:49:1662,99B,bus
at:49:1662,N20,bus
at:49:1663,93A,bus
at:49:1663,N91,bus
at:49:1664,10A,bus
at:49:1664,12A,bus
at:49:1664,48A,bus
at:49:1665,10A,bus
at:49:1666,37A,bus
at:49:1666,N8,bus
at:49:1667,12,tram
at:49:1667,2,tram
at:49:1667,30,tram
at:49:1667,31,tram
at:49:1667,5,tram
at:49:1667,5B,bus
at:49:1667,N31,bus
at:49:1667,O,tram
at:49:1667,U6,subway
at:49:1668,20A,bus
at:49:1668,20B,bus
at:49:1668,U6,subway
at:49:1669,11,tram
at:49:1669,71,tram
at:49:167,71E,bus
at:49:167,73B,bus
at:49:167,N71,bus
at:49:1670,11,tram
at:49:1670,71,tram
at:49:1671,11,tram
at:49:1671,71,tram
at:49:1671,71E,bus
at:49:1671,73B,bus
at:49:1671,N71,bus
at:49:1672,27A,bus
at:49:1672,N25,bus
at:49:1673,27A,bus
at:49:1673,N25,bus
at:49:1674,27A,bus
at:49:1674,N25,bus
at:49:1675,27A,bus
at:49:1675,28A,bus
at:49:1675,87A,bus
at:49:1676,27A,bus
at:49:1676,87A,bus
at:49:1677,16A,bus
at:49:1678,16A,bus
at:49:1679,16A,bus
at:49:1679,63A,bus
at:49:168,38A,bus
at:49:1680,85A,bus
at:49:1681,95A,bus
at:49:1681,95B,bus
at:49:1682,42A,bus
at:49:1683,63A,bus
at:49:1684,71E,bus
at:49:1684,73B,bus
at:49:1684,N71,bus
at:49:1685,71B,bus
at:49:1686,67B,bus
at:49:1687,27A,bus
at:49:1688,25A,bus
at:49:1688,25B,bus
at:49:1688,85A,bus
at:49:1689,25A,bus
at:49:1689,25B,bus
at:49:1689,85A,bus
at:49:169,5A,bus
at:49:1690,29A,bus
at:49:1691,48A,bus
at:49:1691,N46,bus
at:49:1692,76A,bus
at:49:1693,37A,bus
at:49:1694,77A,bus
at:49:1695,60,tram
at:49:1695,N60,bus
at:49:1696,47A,bus
at:49:1697,36A,bus
at:49:1697,36B,bus
at:49:1698,74A,bus
at:49:1699,71A,bus
at:49:1699,71B,bus
at:49:1699,71E,bus
at:49:1699,N71,bus
at:49:17,73A,bus
at:49:17,76A,bus
at:49:17,79A,bus
at:49:17,79B,bus
at:49:170,12,tram
at:49:170,31,tram
at:49:170,5,tram
at:49:170,5B,bus
at:49:170,N31,bus
at:49:1700,87A,bus
at:49:1701,87A,bus
at:49:1702,38A,bus
at:49:1702,5B,bus
at:49:1703,5B,bus
at:49:1704,37A,bus
at:49:1704,5A,bus
at:49:1705,11A,bus
at:49:1705,5A,bus
at:49:1705,N8,bus
at:49:1705,U6,subway
at:49:1706,N61,bus
at:49:1707,53A,bus
at:49:1708,88B,bus
at:49:1709,98A,bus
at:49:171,93A,bus
at:49:171,N91,bus
at:49:1710,88B,bus
at:49:1711,98A,bus
at:49:1713,12A,bus
at:49:1714,65A,bus
at:49:1715,65A,bus
at:49:1716,25A,bus
at:49:1718,9A,bus
at:49:1719,57A,bus
at:49:172,46,tram
at:49:172,N46,bus
at:49:1720,61B,bus
at:49:1721,17A,bus
at:49:1721,N17,bus
at:49:1722,17A,bus
at:49:1722,66A,bus
at:49:1722,67A,bus
at:49:1722,N67,bus
at:49:1724,98A,bus
at:49:1724,99A,bus
at:49:1724,99B,bus
at:49:1725,N6,bus
at:49:1725,N60,bus
at:49:1726,N62,bus
at:49:1727,N64,bus
at:49:1728,77A,bus
at:49:1729,47A,bus
at:49:1729,N54,bus
at:49:173,12,tram
at:49:173,2,tram
at:49:1730,64A,bus
at:49:1730,N64,bus
at:49:1731,20A,bus
at:49:1732,20A,bus
at:49:1733,20A,bus
at:49:1734,46,tram
at:49:1734,49,tram
at:49:1735,25,tram
at:49:1735,26,tram
at:49:1735,27,tram
at:49:1737,27A,bus
at:49:1738,27A,bus
at:49:1739,24A,bus
at:49:1739,87A,bus
at:49:1739,N24,bus
at:49:174,60A,bus
at:49:174,62A,bus
at:49:174,66A,bus
at:49:174,N65,bus
at:49:174,N66,bus
at:49:1740,7A,bus
at:49:1741,16A,bus
at:49:1742,67B,bus
at:49:1742,N67,bus
at:49:1743,49A,bus
at:49:1743,50B,bus
at:49:1745,5A,bus
at:49:1746,97A,bus
at:49:1747,82A,bus
at:49:1749,72A,bus
at:49:1749,N75,bus
at:49:1749,U3,subway
at:49:175,57A,bus
at:49:1751,22A,bus
at:49:1751,87A,bus
at:49:1752,24A,bus
at:49:1752,28A,bus
at:49:1752,85A,bus
at:49:1752,89A,bus
at:49:1752,97A,bus
at:49:1752,N24,bus
at:49:1753,17A,bus
at:49:1754,27A,bus
at:49:1754,87A,bus
at:49:1755,7A,bus
at:49:1756,69A,bus
at:49:1756,72A,bus
at:49:1756,73A,bus
at:49:1757,11,tram
at:49:1757,6,tram
at:49:1757,D,tram
at:49:1757,N6,bus
at:49:1758,46A,bus
at:49:1758,46B,bus
at:49:176,30,tram
at:49:176,31,tram
at:49:176,36B,bus
at:49:176,N31,bus
at:49:1760,65A,bus
at:49:1760,7B,bus
at:49:1761,65A,bus
at:49:1761,7B,bus
at:49:1763,44B,bus
at:49:1764,44B,bus
at:49:1766,44B,bus
at:49:1767,44B,bus
at:49:1768,44B,bus
at:49:1769,N75,bus
at:49:177,68B,bus
at:49:177,N68,bus
at:49:1770,N75,bus
at:49:1772,30A,bus
at:49:1772,36A,bus
at:49:1772,36B,bus
at:49:1773,97A,bus
at:49:1773,N24,bus
at:49:1774,28A,bus
at:49:1774,85A,bus
at:49:1774,97A,bus
at:49:1775,67B,bus
at:49:1775,N67,bus
at:49:1777,32A,bus
at:49:178,2,tram
at:49:178,43,tram
at:49:178,44,tram
at:49:178,N43,bus
at:49:1780,71B,bus
at:49:1780,73B,bus
at:49:1781,17A,bus
at:49:1782,56A,bus
at:49:1784,72A,bus
at:49:1785,53A,bus
at:49:1785,54A,bus
at:49:1785,54B,bus
at:49:1786,25,tram
at:49:1786,26,tram
at:49:1786,27,tram
at:49:1786,87A,bus
at:49:1787,68A,bus
at:49:1787,68B,bus
at:49:1787,N68,bus
at:49:1788,92A,bus
at:49:1788,93A,bus
at:49:1788,N91,bus
at:49:1789,47B,bus
at:49:179,48A,bus
at:49:1790,47B,bus
at:49:1790,N49,bus
at:49:1794,2,tram
at:49:1794,46,tram
at:49:1795,71,tram
at:49:1795,D,tram
at:49:1796,52B,bus
at:49:1799,62A,bus
at:49:1799,N65,bus
at:49:18,76B,bus
at:49:1800,43A,bus
at:49:1801,63A,bus
at:49:1801,8A,bus
at:49:1802,34A,bus
at:49:1803,68A,bus
at:49:1804,68A,bus
at:49:1805,68A,bus
at:49:1806,43A,bus
at:49:1807,95B,bus
at:49:1808,95A,bus
at:49:1808,97A,bus
at:49:1809,95A,bus
at:49:1809,97A,bus
at:49:181,56A,bus
at:49:1810,86A,bus
at:49:1812,57A,bus
at:49:1813,4A,bus
at:49:1814,98A,bus
at:49:1815,39A,bus
at:49:1816,7B,bus
at:49:182,79A,bus
at:49:182,79B,bus
at:49:1821,43B,bus
at:49:1822,43B,bus
at:49:1823,ZF,bus
at:49:1825,52A,bus
at:49:1826,49A,bus
at:49:1828,71B,bus
at:49:1828,ZF,bus
at:49:1829,ZF,bus
at:49:183,16A,bus
at:49:183,65A,bus
at:49:183,N65,bus
at:49:1830,ZF,bus
at:49:1831,ZF,bus
at:49:1832,ZF,bus
at:49:1833,ZF,bus
at:49:1834,ZF,bus
at:49:1835,ZF,bus
at:49:1836,ZF,bus
at:49:1837,ZF,bus
at:49:1838,ZF,bus
at:49:1839,ZF,bus
at:49:184,46,tram
at:49:184,49,tram
at:49:184,49A,bus
at:49:184,50A,bus
at:49:184,50B,bus
at:49:184,N49,bus
at:49:1840,ZF,bus
at:49:1841,ZF,bus
at:49:1842,ZF,bus
at:49:1843,ZF,bus
at:49:1844,ZF,bus
at:49:1846,N54,bus
at:49:1847,N54,bus
at:49:1848,N25,bus
at:49:185,20B,bus
at:49:1851,29B,bus
at:49:1851,31A,bus
at:49:1852,16A,bus
at:49:1852,64B,bus
at:49:1853,51A,bus
at:49:1853,51B,bus
at:49:1854,73A,bus
at:49:1855,50A,bus
at:49:1855,N49,bus
at:49:1857,16A,bus
at:49:1857,N65,bus
at:49:1858,28A,bus
at:49:1858,U1,subway
at:49:1859,29A,bus
at:49:1859,29B,bus
at:49:1859,N25,bus
at:49:1859,U1,subway
at:49:186,36A,bus
at:49:186,36B,bus
at:49:1860,25A,bus
at:49:1860,27A,bus
at:49:1860,N25,bus
at:49:1860,U1,subway
at:49:1861,29B,bus
at:49:1861,N25,bus
at:49:1862,31A,bus
at:49:1865,44,tram
at:49:1867,77A,bus
at:49:1867,78A,bus
at:49:1867,79B,bus
at:49:1868,12A,bus
at:49:1869,67B,bus
at:49:1869,N67,bus
at:49:187,51A,bus
at:49:187,51B,bus
at:49:1872,7A,bus
at:49:1873,32A,bus
at:49:1874,77A,bus
at:49:1874,78A,bus
at:49:1874,79A,bus
at:49:1874,79B,bus
at:49:1875,5B,bus
at:49:1876,5B,bus
at:49:1878,85A,bus
at:49:188,18,tram
at:49:188,48A,bus
at:49:188,6,tram
at:49:188,U6,subway
at:49:1881,82A,bus
at:49:1882,38B,bus
at:49:1883,38B,bus
at:49:1884,36B,bus
at:49:1885,36B,bus
at:49:1886,36B,bus
at:49:1887,36B,bus
at:49:1888,36B,bus
at:49:1889,36B,bus
at:49:189,43B,bus
at:49:189,52A,bus
at:49:189,52B,bus
at:49:1890,36B,bus
at:49:1891,2,tram
at:49:1891,5B,bus
at:49:1891,N29,bus
at:49:1891,U2,subway
at:49:1892,82A,bus
at:49:1892,N81,bus
at:49:1892,U2,subway
at:49:1892,U2E,bus
at:49:1893,82A,bus
at:49:1893,U2,subway
at:49:1893,U2E,bus
at:49:1894,11A,bus
at:49:1894,18,tram
at:49:1894,77A,bus
at:49:1894,78A,bus
at:49:1894,N81,bus
at:49:1894,U2,subway
at:49:1894,U2E,bus
at:49:1895,77A,bus
at:49:1895,78A,bus
at:49:1895,79A,bus
at:49:1895,79B,bus
at:49:1895,N81,bus
at:49:1896,77A,bus
at:49:1896,78A,bus
at:49:1896,79A,bus
at:49:1896,79B,bus
at:49:1897,82A,bus
at:49:1898,82A,bus
at:49:19,1,tram
at:49:19,12,tram
at:49:19,2,tram
at:49:19,5,tram
at:49:190,1,tram
at:49:190,2,tram
at:49:190,57A,bus
at:49:190,71,tram
at:49:190,D,tram
at:49:190,N25,bus
at:49:190,N38,bus
at:49:190,N60,bus
at:49:190,N66,bus
at:49:1901,82A,bus
at:49:1905,82A,bus
at:49:1906,82A,bus
at:49:1908,58A,bus
at:49:1908,58B,bus
at:49:1908,64A,bus
at:49:1909,56A,bus
at:49:1909,56B,bus
at:49:1909,58A,bus
at:49:1909,58B,bus
at:49:1910,11,tram
at:49:1910,6,tram
at:49:1910,71,tram
at:49:1910,D,tram
at:49:1910,N6,bus
at:49:1911,93A,bus
at:49:1912,71,tram
at:49:1912,D,tram
at:49:1913,44B,bus
at:49:1914,30A,bus
at:49:1914,N30,bus
at:49:1915,29B,bus
at:49:1915,N30,bus
at:49:1916,29B,bus
at:49:1916,N30,bus
at:49:1917,29B,bus
at:49:1918,5,tram
at:49:1918,O,tram
at:49:1919,12,tram
at:49:1919,5,tram
at:49:1919,O,tram
at:49:192,1,tram
at:49:192,2,tram
at:49:192,71,tram
at:49:192,D,tram
at:49:192,N25,bus
at:49:192,N38,bus
at:49:192,N60,bus
at:49:192,N66,bus
at:49:1920,37,tram
at:49:1920,40,tram
at:49:1920,41,tram
at:49:1920,42,tram
at:49:1921,37,tram
at:49:1921,40,tram
at:49:1921,41,tram
at:49:1921,42,tram
at:49:1922,25,tram
at:49:1922,27,tram
at:49:1922,85A,bus
at:49:1922,95A,bus
at:49:1922,97A,bus
at:49:1923,97A,bus
at:49:1924,63A,bus
at:49:1925,84A,bus
at:49:1925,N84,bus
at:49:1929,84A,bus
at:49:1929,N84,bus
at:49:193,59A,bus
at:49:193,N60,bus
at:49:193,N62,bus
at:49:193,N66,bus
at:49:193,N71,bus
at:49:1930,84A,bus
at:49:1930,N84,bus
at:49:1934,17A,bus
at:49:1934,68B,bus
at:49:1934,70A,bus
at:49:1934,N68,bus
at:49:1935,62A,bus
at:49:1935,64A,bus
at:49:1935,N65,bus
at:49:1936,N60,bus
at:49:1937,64A,bus
at:49:1938,64A,bus
at:49:194,39A,bus
at:49:1942,27B,bus
at:49:1943,27B,bus
at:49:1946,22A,bus
at:49:1947,63A,bus
at:49:195,1,tram
at:49:195,2,tram
at:49:195,3A,bus
at:49:195,40A,bus
at:49:195,71,tram
at:49:195,D,tram
at:49:195,N25,bus
at:49:195,N38,bus
at:49:195,N60,bus
at:49:195,N66,bus
at:49:1954,29B,bus
at:49:1954,N30,bus
at:49:1955,28A,bus
at:49:1955,85A,bus
at:49:1956,29B,bus
at:49:1956,N25,bus
at:49:196,1,tram
at:49:1960,53A,bus
at:49:1961,20A,bus
at:49:1961,20B,bus
at:49:1962,12,tram
at:49:1963,25,tram
at:49:1963,27,tram
at:49:1964,25,tram
at:49:1964,27,tram
at:49:1964,95A,bus
at:49:1966,89A,bus
at:49:1966,99A,bus
at:49:1966,99B,bus
at:49:1967,89A,bus
at:49:1967,99A,bus
at:49:1967,99B,bus
at:49:1968,N75,bus
at:49:1969,25,tram
at:49:1969,27,tram
at:49:197,48A,bus
at:49:197,9,tram
at:49:1970,29B,bus
at:49:1971,76A,bus
at:49:1971,76B,bus
at:49:1972,N75,bus
at:49:1973,U2,subway
at:49:1975,N67,bus
at:49:1977,19A,bus
at:49:1978,18,tram
at:49:1979,2A,bus
at:49:198,N61,bus
at:49:1980,3A,bus
at:49:1981,3A,bus
at:49:1982,3A,bus
at:49:1983,3A,bus
at:49:1984,10A,bus
at:49:1984,42A,bus
at:49:1985,57A,bus
at:49:1986,57A,bus
at:49:199,62A,bus
at:49:199,64A,bus
at:49:199,N65,bus
at:49:2,32A,bus
at:49:20,2A,bus
at:49:200,43B,bus
at:49:200,52A,bus
at:49:200,52B,bus
at:49:2003,50A,bus
at:49:2003,50B,bus
at:49:2004,50A,bus
at:49:2004,N49,bus
at:49:2006,73A,bus
at:49:2006,N71,bus
at:49:202,37,tram
at:49:202,38,tram
at:49:202,N38,bus
at:49:203,30,tram
at:49:203,31,tram
at:49:203,36A,bus
at:49:203,36B,bus
at:49:203,N31,bus
at:49:204,60A,bus
at:49:204,61A,bus
at:49:206,35A,bus
at:49:206,43B,bus
at:49:206,N35,bus
at:49:207,79A,bus
at:49:207,79B,bus
at:49:208,10A,bus
at:49:209,38A,bus
at:49:209,43A,bus
at:49:21,25,tram
at:49:21,26,tram
at:49:21,26E,bus
at:49:21,27,tram
at:49:21,N20,bus
at:49:210,38A,bus
at:49:211,1,tram
at:49:211,18,tram
at:49:211,O,tram
at:49:212,16A,bus
at:49:212,65A,bus
at:49:212,N65,bus
at:49:213,3A,bus
at:49:214,66A,bus
at:49:214,N66,bus
at:49:215,37A,bus
at:49:215,40A,bus
at:49:216,49A,bus
at:49:216,50B,bus
at:49:217,10A,bus
at:49:217,42A,bus
at:49:218,32A,bus
at:49:219,5A,bus
at:49:22,89A,bus
at:49:220,92B,bus
at:49:221,92A,bus
at:49:221,92B,bus
at:49:221,N90,bus
at:49:222,93A,bus
at:49:223,89A,bus
at:49:224,39A,bus
at:49:225,1,tram
at:49:225,62,tram
at:49:225,7A,bus
at:49:226,98A,bus
at:49:227,58B,bus
at:49:229,37A,bus
at:49:229,N8,bus
at:49:23,11A,bus
at:49:23,5A,bus
at:49:23,N8,bus
at:49:231,65A,bus
at:49:232,27A,bus
at:49:232,31A,bus
at:49:233,10,tram
at:49:233,52,tram
at:49:233,60,tram
at:49:233,N54,bus
at:49:233,N60,bus
at:49:234,N25,bus
at:49:234,U1,subway
at:49:235,12,tram
at:49:235,30,tram
at:49:235,31,tram
at:49:235,5,tram
at:49:236,25,tram
at:49:236,26,tram
at:49:236,26A,bus
at:49:236,N20,bus
at:49:238,22A,bus
at:49:238,25,tram
at:49:238,26,tram
at:49:238,26A,bus
at:49:238,93A,bus
at:49:238,94A,bus
at:49:238,N20,bus
at:49:238,N25,bus
at:49:239,29A,bus
at:49:239,N25,bus
at:49:24,32A,bus
at:49:240,56A,bus
at:49:240,58B,bus
at:49:241,43,tram
at:49:241,43A,bus
at:49:241,44A,bus
at:49:241,N43,bus
at:49:242,56A,bus
at:49:243,52B,bus
at:49:244,11A,bus
at:49:244,N29,bus
at:49:245,1,tram
at:49:245,2,tram
at:49:245,3A,bus
at:49:245,71,tram
at:49:245,74A,bus
at:49:245,D,tram
at:49:245,N25,bus
at:49:245,N38,bus
at:49:245,N60,bus
at:49:245,N66,bus
at:49:245,N75,bus
at:49:245,U3,subway
at:49:246,1,tram
at:49:246,2,tram
at:49:246,46,tram
at:49:246,48A,bus
at:49:246,49,tram
at:49:246,52,tram
at:49:246,71,tram
at:49:246,D,tram
at:49:246,N25,bus
at:49:246,N38,bus
at:49:246,N46,bus
at:49:246,N60,bus
at:49:246,N66,bus
at:49:247,60A,bus
at:49:247,61A,bus
at:49:247,62A,bus
at:49:247,64A,bus
at:49:247,N65,bus
at:49:248,56A,bus
at:49:248,56B,bus
at:49:248,N62,bus
at:49:249,32A,bus
at:49:25,49A,bus
at:49:250,34A,bus
at:49:250,36A,bus
at:49:250,36B,bus
at:49:2500,1,tram
at:49:2500,11,tram
at:49:2500,18,tram
at:49:2500,6,tram
at:49:2503,1,tram
at:49:2503,37,tram
at:49:2503,38,tram
at:49:2503,40,tram
at:49:2503,41,tram
at:49:2503,42,tram
at:49:2503,D,tram
at:49:251,10A,bus
at:49:251,37A,bus
at:49:251,40A,bus
at:49:252,37,tram
at:49:253,40A,bus
at:49:254,5B,bus
at:49:255,99A,bus
at:49:255,99B,bus
at:49:256,72A,bus
at:49:256,76B,bus
at:49:257,58B,bus
at:49:258,29A,bus
at:49:259,52A,bus
at:49:26,37,tram
at:49:26,40,tram
at:49:260,26,tram
at:49:260,27,tram
at:49:260,32A,bus
at:49:260,N20,bus
at:49:261,64A,bus
at:49:262,10A,bus
at:49:263,29B,bus
at:49:264,15A,bus
at:49:264,63A,bus
at:49:264,7A,bus
at:49:264,N62,bus
at:49:266,52A,bus
at:49:267,12A,bus
at:49:267,18,tram
at:49:267,6,tram
at:49:267,62,tram
at:49:267,BB,tram
at:49:267,N6,bus
at:49:268,54A,bus
at:49:268,54B,bus
at:49:269,59A,bus
at:49:27,2,tram
at:49:27,43,tram
at:49:27,N43,bus
at:49:27,N8,bus
at:49:27,U6,subway
at:49:270,73A,bus
at:49:270,N71,bus
at:49:271,27A,bus
at:49:271,28A,bus
at:49:271,29A,bus
at:49:272,68A,bus
at:49:272,68B,bus
at:49:272,N68,bus
at:49:273,93A,bus
at:49:273,N90,bus
at:49:274,11A,bus
at:49:274,82A,bus
at:49:274,N81,bus
at:49:275,52B,bus
at:49:276,2,tram
at:49:276,43,tram
at:49:276,9,tram
at:49:276,N43,bus
at:49:277,12A,bus
at:49:278,56A,bus
at:49:278,58A,bus
at:49:278,58B,bus
at:49:279,11A,bus
at:49:28,9A,bus
at:49:280,11A,bus
at:49:280,37A,bus
at:49:280,5A,bus
at:49:281,26A,bus
at:49:281,88A,bus
at:49:281,N20,bus
at:49:282,77A,bus
at:49:282,78A,bus
at:49:282,79A,bus
at:49:282,79B,bus
at:49:282,N81,bus
at:49:282,U2,subway
at:49:282,U2E,bus
at:49:283,77A,bus
at:49:283,N75,bus
at:49:285,U6,subway
at:49:286,14A,bus
at:49:287,38,tram
at:49:287,41,tram
at:49:287,N41,bus
at:49:288,25,tram
at:49:288,26,tram
at:49:288,26A,bus
at:49:288,86A,bus
at:49:288,87A,bus
at:49:288,94A,bus
at:49:288,95A,bus
at:49:288,96A,bus
at:49:288,N20,bus
at:49:288,N90,bus
at:49:289,N75,bus
at:49:289,U3,subway
at:49:29,12,tram
at:49:29,37,tram
at:49:29,38,tram
at:49:29,40A,bus
at:49:29,5,tram
at:49:29,N38,bus
at:49:29,N41,bus
at:49:290,92A,bus
at:49:290,92B,bus
at:49:290,93A,bus
at:49:290,N90,bus
at:49:290,N91,bus
at:49:290,U2,subway
at:49:291,44A,bus
at:49:2912,43,tram
at:49:292,74A,bus
at:49:292,77A,bus
at:49:2924,66A,bus
at:49:2924,N66,bus
at:49:293,13A,bus
at:49:293,14A,bus
at:49:293,57A,bus
at:49:293,N71,bus
at:49:294,71A,bus
at:49:294,71B,bus
at:49:294,71E,bus
at:49:294,73B,bus
at:49:294,N71,bus
at:49:295,15A,bus
at:49:2953,67A,bus
at:49:2953,67B,bus
at:49:2954,68B,bus
at:49:2954,N68,bus
at:49:296,14A,bus
at:49:296,N6,bus
at:49:297,26A,bus
at:49:297,88A,bus
at:49:297,88B,bus
at:49:297,98A,bus
at:49:297,99A,bus
at:49:297,99B,bus
at:49:297,N20,bus
at:49:298,98A,bus
at:49:298,99A,bus
at:49:298,99B,bus
at:49:299,22A,bus
at:49:299,26A,bus
at:49:299,84A,bus
at:49:299,93A,bus
at:49:299,97A,bus
at:49:299,98A,bus
at:49:299,U2,subway
at:49:3,19A,bus
at:49:30,15A,bus
at:49:30,65A,bus
at:49:300,1,tram
at:49:300,18,tram
at:49:300,O,tram
at:49:301,D,tram
at:49:301,N36,bus
at:49:302,46,tram
at:49:302,49,tram
at:49:302,52,tram
at:49:302,60,tram
at:49:303,56A,bus
at:49:303,56B,bus
at:49:303,8A,bus
at:49:304,40A,bus
at:49:305,29B,bus
at:49:306,12A,bus
at:49:306,14A,bus
at:49:307,14A,bus
at:49:307,N6,bus
at:49:309,38A,bus
at:49:31,20A,bus
at:49:31,20B,bus
at:49:31,N25,bus
at:49:31,U1,subway
at:49:311,46A,bus
at:49:311,46B,bus
at:49:311,52B,bus
at:49:312,38A,bus
at:49:314,11,tram
at:49:314,71,tram
at:49:314,71E,bus
at:49:314,D,tram
at:49:314,N71,bus
at:49:315,68A,bus
at:49:315,68B,bus
at:49:315,N68,bus
at:49:316,92B,bus
at:49:317,84A,bus
at:49:317,N84,bus
at:49:318,84A,bus
at:49:318,97A,bus
at:49:319,72A,bus
at:49:319,76B,bus
at:49:32,9A,bus
at:49:320,79A,bus
at:49:320,79B,bus
at:49:321,67A,bus
at:49:321,67B,bus
at:49:322,50A,bus
at:49:322,50B,bus
at:49:323,50A,bus
at:49:323,50B,bus
at:49:324,72A,bus
at:49:324,76B,bus
at:49:325,31A,bus
at:49:329,93A,bus
at:49:329,N90,bus
at:49:33,15A,bus
at:49:33,N67,bus
at:49:33,U1,subway
at:49:330,10,tram
at:49:330,N54,bus
at:49:331,15A,bus
at:49:332,69A,bus
at:49:332,73A,bus
at:49:332,N71,bus
at:49:333,12,tram
at:49:333,5,tram
at:49:334,12,tram
at:49:334,25,tram
at:49:334,26,tram
at:49:334,26E,bus
at:49:334,27,tram
at:49:334,29A,bus
at:49:334,29B,bus
at:49:334,30,tram
at:49:334,31,tram
at:49:334,33A,bus
at:49:334,34A,bus
at:49:334,5,tram
at:49:334,N20,bus
at:49:334,N29,bus
at:49:334,N30,bus
at:49:334,N31,bus
at:49:334,U6,subway
at:49:336,35A,bus
at:49:336,N35,bus
at:49:337,26A,bus
at:49:337,N20,bus
at:49:338,47A,bus
at:49:339,51A,bus
at:49:34,1,tram
at:49:34,12,tram
at:49:34,31,tram
at:49:34,5,tram
at:49:34,D,tram
at:49:341,11A,bus
at:49:341,N29,bus
at:49:342,92B,bus
at:49:343,56A,bus
at:49:343,60,tram
at:49:343,N60,bus
at:49:344,7A,bus
at:49:345,1,tram
at:49:345,12,tram
at:49:345,31,tram
at:49:345,5,tram
at:49:345,D,tram
at:49:345,N38,bus
at:49:346,77A,bus
at:49:347,92A,bus
at:49:347,93A,bus
at:49:347,N91,bus
at:49:348,80A,bus
at:49:348,O,tram
at:49:349,16A,bus
at:49:35,16A,bus
at:49:35,62,tram
at:49:35,62A,bus
at:49:35,64B,bus
at:49:35,N8,bus
at:49:350,61A,bus
at:49:351,49A,bus
at:49:352,30A,bus
at:49:353,94A,bus
at:49:354,79A,bus
at:49:354,79B,bus
at:49:355,43B,bus
at:49:355,52A,bus
at:49:355,52B,bus
at:49:357,12,tram
at:49:357,31,tram
at:49:357,5,tram
at:49:357,U4,subway
at:49:358,46,tram
at:49:358,49,tram
at:49:358,52,tram
at:49:358,60,tram
at:49:358,N49,bus
at:49:359,80A,bus
at:49:36,53A,bus
at:49:360,50A,bus
at:49:360,N49,bus
at:49:361,72A,bus
at:49:362,39A,bus
at:49:363,11A,bus
at:49:363,12,tram
at:49:363,2,tram
at:49:363,30,tram
at:49:363,31,tram
at:49:363,5,tram
at:49:363,5A,bus
at:49:363,N29,bus
at:49:363,N31,bus
at:49:363,N8,bus
at:49:364,20A,bus
at:49:365,11,tram
at:49:365,17A,bus
at:49:365,N65,bus
at:49:366,34A,bus
at:49:367,39A,bus
at:49:368,18,tram
at:49:368,6,tram
at:49:368,62,tram
at:49:368,63A,bus
at:49:368,BB,tram
at:49:368,N8,bus
at:49:369,25,tram
at:49:369,26,tram
at:49:369,26E,bus
at:49:369,27,tram
at:49:369,N20,bus
at:49:37,8A,bus
at:49:370,45A,bus
at:49:371,1,tram
at:49:371,D,tram
at:49:371,N38,bus
at:49:372,45A,bus
at:49:372,46A,bus
at:49:372,46B,bus
at:49:376,10A,bus
at:49:376,35A,bus
at:49:376,38,tram
at:49:376,N35,bus
at:49:376,N38,bus
at:49:377,69A,bus
at:49:378,63A,bus
at:49:378,8A,bus
at:49:379,12A,bus
at:49:379,N6,bus
at:49:379,N60,bus
at:49:38,26,tram
at:49:38,85A,bus
at:49:38,95B,bus
at:49:38,97A,bus
at:49:38,N23,bus
at:49:38,N24,bus
at:49:380,2,tram
at:49:380,31,tram
at:49:380,5A,bus
at:49:380,5B,bus
at:49:380,N31,bus
at:49:381,63A,bus
at:49:381,8A,bus
at:49:382,11,tram
at:49:382,6,tram
at:49:382,69A,bus
at:49:382,71,tram
at:49:382,D,tram
at:49:382,N6,bus
at:49:383,11A,bus
at:49:384,11,tram
at:49:384,6,tram
at:49:384,N6,bus
at:49:385,53A,bus
at:49:385,54A,bus
at:49:387,86A,bus
at:49:387,87A,bus
at:49:387,95A,bus
at:49:388,30,tram
at:49:388,31,tram
at:49:388,32A,bus
at:49:388,N31,bus
at:49:389,2,tram
at:49:389,31,tram
at:49:389,5,tram
at:49:389,O,tram
at:49:39,26,tram
at:49:39,85A,bus
at:49:39,95B,bus
at:49:39,97A,bus
at:49:39,N23,bus
at:49:39,N24,bus
at:49:390,73A,bus
at:49:391,98A,bus
at:49:391,99A,bus
at:49:391,99B,bus
at:49:392,43A,bus
at:49:393,10A,bus
at:49:393,37,tram
at:49:393,38,tram
at:49:393,40,tram
at:49:393,41,tram
at:49:393,41E,bus
at:49:393,42A,bus
at:49:393,9,tram
at:49:393,N41,bus
at:49:394,92A,bus
at:49:395,42A,bus
at:49:396,57A,bus
at:49:397,4A,bus
at:49:399,71,tram
at:49:399,D,tram
at:49:399,N71,bus
at:49:399,U3,subway
at:49:4,98A,bus
at:49:40,73A,bus
at:49:40,N71,bus
at:49:400,18,tram
at:49:401,53A,bus
at:49:401,54B,bus
at:49:403,95A,bus
at:49:403,95B,bus
at:49:403,N23,bus
at:49:403,N24,bus
at:49:404,35A,bus
at:49:404,N35,bus
at:49:405,35A,bus
at:49:405,37,tram
at:49:405,37A,bus
at:49:405,38,tram
at:49:405,N35,bus
at:49:405,N36,bus
at:49:405,N38,bus
at:49:405,N8,bus
at:49:406,56A,bus
at:49:407,5A,bus
at:49:408,10,tram
at:49:408,52,tram
at:49:408,56A,bus
at:49:408,56B,bus
at:49:408,58A,bus
at:49:408,58B,bus
at:49:408,60,tram
at:49:408,N60,bus
at:49:409,49A,bus
at:49:409,50B,bus
at:49:41,12A,bus
at:49:41,N60,bus
at:49:410,53A,bus
at:49:410,54A,bus
at:49:411,92A,bus
at:49:411,92B,bus
at:49:411,N90,bus
at:49:412,53A,bus
at:49:413,64A,bus
at:49:413,N64,bus
at:49:414,22A,bus
at:49:415,1A,bus
at:49:415,2A,bus
at:49:416,63A,bus
at:49:416,8A,bus
at:49:417,74A,bus
at:49:418,44A,bus
at:49:419,2,tram
at:49:419,N29,bus
at:49:42,15A,bus
at:49:42,69A,bus
at:49:420,37A,bus
at:49:420,40A,bus
at:49:421,62A,bus
at:49:421,64A,bus
at:49:421,N65,bus
at:49:422,98A,bus
at:49:424,5A,bus
at:49:425,11,tram
at:49:425,15A,bus
at:49:425,6,tram
at:49:425,71,tram
at:49:425,76A,bus
at:49:425,76B,bus
at:49:425,D,tram
at:49:425,N6,bus
at:49:425,N71,bus
at:49:425,U3,subway
at:49:426,38,tram
at:49:426,38A,bus
at:49:426,N38,bus
at:49:427,86A,bus
at:49:427,87A,bus
at:49:428,38A,bus
at:49:428,D,tram
at:49:428,N36,bus
at:49:429,94A,bus
at:49:43,69A,bus
at:49:43,72A,bus
at:49:430,93A,bus
at:49:430,95A,bus
at:49:430,N91,bus
at:49:431,30,tram
at:49:431,30A,bus
at:49:431,31,tram
at:49:431,31A,bus
at:49:431,32A,bus
at:49:431,36A,bus
at:49:431,36B,bus
at:49:431,N31,bus
at:49:432,67A,bus
at:49:432,67B,bus
at:49:432,N67,bus
at:49:434,46,tram
at:49:434,47A,bus
at:49:434,49,tram
at:49:434,52,tram
at:49:434,60,tram
at:49:435,69A,bus
at:49:436,18,tram
at:49:436,57A,bus
at:49:436,6,tram
at:49:436,N6,bus
at:49:436,N8,bus
at:49:436,U6,subway
at:49:437,12A,bus
at:49:437,N54,bus
at:49:438,37,tram
at:49:439,10A,bus
at:49:439,39A,bus
at:49:439,D,tram
at:49:439,N36,bus
at:49:44,4A,bus
at:49:440,9,tram
at:49:441,26A,bus
at:49:441,88A,bus
at:49:441,N20,bus
at:49:442,46,tram
at:49:442,49,tram
at:49:442,52,tram
at:49:442,60,tram
at:49:443,35A,bus
at:49:443,N35,bus
at:49:444,16A,bus
at:49:444,65A,bus
at:49:444,BB,tram
at:49:444,N65,bus
at:49:444,SEV BB,bus
at:49:445,10,tram
at:49:445,46,tram
at:49:445,48A,bus
at:49:445,49,tram
at:49:446,71,tram
at:49:446,D,tram
at:49:447,15A,bus
at:49:447,65A,bus
at:49:448,37A,bus
at:49:448,40A,bus
at:49:449,52B,bus
at:49:45,56A,bus
at:49:45,56B,bus
at:49:45,58A,bus
at:49:45,58B,bus
at:49:450,10,tram
at:49:450,12,tram
at:49:450,2,tram
at:49:450,43,tram
at:49:450,43A,bus
at:49:450,44A,bus
at:49:450,44B,bus
at:49:450,N43,bus
at:49:451,N61,bus
at:49:453,77A,bus
at:49:453,78A,bus
at:49:454,29B,bus
at:49:454,N25,bus
at:49:455,97A,bus
at:49:456,12,tram
at:49:456,2,tram
at:49:457,1A,bus
at:49:457,2A,bus
at:49:458,49,tram
at:49:458,9,tram
at:49:458,E3,tram
at:49:458,N49,bus
at:49:459,50A,bus
at:49:459,N49,bus
at:49:46,56A,bus
at:49:46,58A,bus
at:49:46,58B,bus
at:49:46,63A,bus
at:49:460,50B,bus
at:49:461,71,tram
at:49:461,77A,bus
at:49:461,D,tram
at:49:461,N71,bus
at:49:463,76A,bus
at:49:463,76B,bus
at:49:464,76A,bus
at:49:464,76B,bus
at:49:465,72A,bus
at:49:465,76A,bus
at:49:465,76B,bus
at:49:466,73B,bus
at:49:467,37,tram
at:49:467,40,tram
at:49:468,D,tram
at:49:468,N36,bus
at:49:469,71E,bus
at:49:469,73A,bus
at:49:469,73B,bus
at:49:469,N71,bus
at:49:47,N25,bus
at:49:470,59A,bus
at:49:470,63A,bus
at:49:470,N8,bus
at:49:471,30,tram
at:49:471,31,tram
at:49:471,N31,bus
at:49:472,46,tram
at:49:472,49,tram
at:49:472,N49,bus
at:49:473,25,tram
at:49:473,26,tram
at:49:473,92A,bus
at:49:473,95A,bus
at:49:473,96A,bus
at:49:473,N20,bus
at:49:473,U2,subway
at:49:474,10A,bus
at:49:474,35A,bus
at:49:474,38,tram
at:49:474,N35,bus
at:49:474,N38,bus
at:49:475,92A,bus
at:49:475,92B,bus
at:49:475,N90,bus
at:49:476,26A,bus
at:49:477,22A,bus
at:49:478,N61,bus
at:49:479,72A,bus
at:49:48,16A,bus
at:49:48,N65,bus
at:49:48,U6,subway
at:49:482,52A,bus
at:49:483,30A,bus
at:49:483,31A,bus
at:49:483,32A,bus
at:49:483,36A,bus
at:49:483,36B,bus
at:49:484,11,tram
at:49:484,6,tram
at:49:484,69A,bus
at:49:484,71,tram
at:49:484,D,tram
at:49:484,N6,bus
at:49:485,94A,bus
at:49:486,1,tram
at:49:487,26,tram
at:49:487,85A,bus
at:49:487,95B,bus
at:49:487,97A,bus
at:49:487,N23,bus
at:49:487,U2,subway
at:49:488,43A,bus
at:49:489,29A,bus
at:49:489,29B,bus
at:49:489,N30,bus
at:49:49,56A,bus
at:49:49,58B,bus
at:49:49,60A,bus
at:49:491,10A,bus
at:49:491,11A,bus
at:49:491,38A,bus
at:49:491,38B,bus
at:49:491,39A,bus
at:49:491,5B,bus
at:49:491,N36,bus
at:49:491,U4,subway
at:49:493,5B,bus
at:49:494,2,tram
at:49:494,5B,bus
at:49:494,N29,bus
at:49:495,31A,bus
at:49:498,1A,bus
at:49:499,79A,bus
at:49:499,79B,bus
at:49:5,67A,bus
at:49:5,67B,bus
at:49:50,26,tram
at:49:50,27,tram
at:49:50,33A,bus
at:49:50,34A,bus
at:49:50,N20,bus
at:49:50,N29,bus
at:49:500,12,tram
at:49:500,2,tram
at:49:500,37A,bus
at:49:500,5A,bus
at:49:500,N29,bus
at:49:500,O,tram
at:49:500,U6,subway
at:49:501,12A,bus
at:49:502,37,tram
at:49:502,40,tram
at:49:503,89A,bus
at:49:504,56A,bus
at:49:504,56B,bus
at:49:504,60,tram
at:49:504,62,tram
at:49:504,N60,bus
at:49:504,N62,bus
at:49:505,12,tram
at:49:505,2,tram
at:49:505,42A,bus
at:49:505,43,tram
at:49:505,43A,bus
at:49:505,44A,bus
at:49:505,N43,bus
at:49:506,1A,bus
at:49:506,2A,bus
at:49:506,U3,subway
at:49:507,44,tram
at:49:508,10A,bus
at:49:508,12,tram
at:49:508,2,tram
at:49:508,42A,bus
at:49:508,43,tram
at:49:508,43A,bus
at:49:508,9,tram
at:49:508,N43,bus
at:49:509,46A,bus
at:49:509,46B,bus
at:49:51,2,tram
at:49:51,5,tram
at:49:51,N29,bus
at:49:51,O,tram
at:49:510,7A,bus
at:49:511,16A,bus
at:49:511,62,tram
at:49:511,64B,bus
at:49:512,79A,bus
at:49:512,79B,bus
at:49:513,1,tram
at:49:513,N29,bus
at:49:51351,49B,bus
at:49:51352,49B,bus
at:49:51353,49B,bus
at:49:51354,49B,bus
at:49:51355,49B,bus
at:49:51356,49B,bus
at:49:51359,49B,bus
at:49:514,44A,bus
at:49:515,44A,bus
at:49:516,56A,bus
at:49:517,59A,bus
at:49:517,N71,bus
at:49:52,57A,bus
at:49:52,N8,bus
at:49:520,10,tram
at:49:520,51A,bus
at:49:520,51B,bus
at:49:520,52,tram
at:49:520,56A,bus
at:49:520,56B,bus
at:49:520,58A,bus
at:49:520,58B,bus
at:49:520,60,tram
at:49:520,N54,bus
at:49:520,N60,bus
at:49:520,U4,subway
at:49:521,43A,bus
at:49:523,11A,bus
at:49:523,12,tram
at:49:524,16A,bus
at:49:524,17A,bus
at:49:524,67A,bus
at:49:524,67B,bus
at:49:524,N17,bus
at:49:524,N67,bus
at:49:525,43,tram
at:49:525,43A,bus
at:49:525,N43,bus
at:49:526,38A,bus
at:49:527,1,tram
at:49:527,N29,bus
at:49:527,O,tram
at:49:528,95A,bus
at:49:529,57A,bus
at:49:53,15A,bus
at:49:53,63A,bus
at:49:53,7A,bus
at:49:53,N62,bus
at:49:530,22A,bus
at:49:530,95A,bus
at:49:530,95B,bus
at:49:530,N23,bus
at:49:530,N24,bus
at:49:531,22A,bus
at:49:531,95A,bus
at:49:531,95B,bus
at:49:531,N23,bus
at:49:531,N24,bus
at:49:532,22A,bus
at:49:532,95B,bus
at:49:533,28A,bus
at:49:534,46,tram
at:49:534,49,tram
at:49:534,N49,bus
at:49:535,73B,bus
at:49:537,34A,bus
at:49:538,74A,bus
at:49:539,10,tram
at:49:539,52,tram
at:49:539,56A,bus
at:49:539,56B,bus
at:49:539,60,tram
at:49:539,62,tram
at:49:539,N60,bus
at:49:539,N62,bus
at:49:54,51A,bus
at:49:54,51B,bus
at:49:540,37,tram
at:49:542,7A,bus
at:49:542,8A,bus
at:49:543,63A,bus
at:49:543,8A,bus
at:49:544,1A,bus
at:49:544,2A,bus
at:49:544,3A,bus
at:49:545,57A,bus
at:49:546,32A,bus
at:49:547,11A,bus
at:49:548,26,tram
at:49:548,27,tram
at:49:548,36A,bus
at:49:548,36B,bus
at:49:548,N20,bus
at:49:549,53A,bus
at:49:55,46,tram
at:49:55,49,tram
at:49:55,51A,bus
at:49:55,51B,bus
at:49:55,52,tram
at:49:55,60,tram
at:49:550,27A,bus
at:49:550,N25,bus
at:49:551,25,tram
at:49:551,26,tram
at:49:551,26E,bus
at:49:551,27,tram
at:49:551,N20,bus
at:49:552,65A,bus
at:49:553,19A,bus
at:49:554,12,tram
at:49:554,30,tram
at:49:554,31,tram
at:49:554,5,tram
at:49:555,89A,bus
at:49:556,12A,bus
at:49:556,49,tram
at:49:556,E3,tram
at:49:556,N49,bus
at:49:557,40A,bus
at:49:558,10,tram
at:49:559,93A,bus
at:49:559,N91,bus
at:49:56,13A,bus
at:49:56,14A,bus
at:49:56,N71,bus
at:49:56,U3,subway
at:49:560,43B,bus
at:49:560,47B,bus
at:49:560,49A,bus
at:49:560,50A,bus
at:49:560,50B,bus
at:49:560,52A,bus
at:49:560,52B,bus
at:49:560,53A,bus
at:49:560,N49,bus
at:49:560,U4,subway
at:49:561,28A,bus
at:49:562,49A,bus
at:49:563,69A,bus
at:49:564,49A,bus
at:49:564,50B,bus
at:49:565,17A,bus
at:49:565,N17,bus
at:49:566,52B,bus
at:49:567,99B,bus
at:49:568,26A,bus
at:49:568,N20,bus
at:49:569,12,tram
at:49:569,2,tram
at:49:569,30,tram
at:49:569,31,tram
at:49:569,37A,bus
at:49:569,5,tram
at:49:569,N29,bus
at:49:569,N31,bus
at:49:569,O,tram
at:49:57,52B,bus
at:49:570,58A,bus
at:49:570,58B,bus
at:49:570,64A,bus
at:49:571,73A,bus
at:49:571,N71,bus
at:49:572,27A,bus
at:49:572,N25,bus
at:49:574,32A,bus
at:49:575,61B,bus
at:49:576,61A,bus
at:49:577,53A,bus
at:49:578,12,tram
at:49:578,2,tram
at:49:578,N29,bus
at:49:578,O,tram
at:49:579,89A,bus
at:49:58,95B,bus
at:49:580,16A,bus
at:49:580,66A,bus
at:49:580,67A,bus
at:49:580,N66,bus
at:49:581,67B,bus
at:49:581,N67,bus
at:49:582,16A,bus
at:49:584,27A,bus
at:49:585,BB,tram
at:49:585,SEV BB,bus
at:49:586,65A,bus
at:49:587,32A,bus
at:49:588,28A,bus
at:49:589,10,tram
at:49:589,52,tram
at:49:589,60,tram
at:49:589,N60,bus
at:49:59,61A,bus
at:49:59,64A,bus
at:49:591,36A,bus
at:49:592,27A,bus
at:49:593,36A,bus
at:49:593,36B,bus
at:49:594,34A,bus
at:49:595,56B,bus
at:49:595,N62,bus
at:49:596,25,tram
at:49:596,27,tram
at:49:596,95A,bus
at:49:597,10,tram
at:49:597,44,tram
at:49:597,46,tram
at:49:597,48A,bus
at:49:597,49,tram
at:49:597,N46,bus
at:49:598,30A,bus
at:49:598,31A,bus
at:49:598,32A,bus
at:49:599,16A,bus
at:49:599,17A,bus
at:49:599,66A,bus
at:49:599,67A,bus
at:49:599,N66,bus
at:49:599,N67,bus
at:49:6,29B,bus
at:49:6,N25,bus
at:49:60,84A,bus
at:49:60,97A,bus
at:49:60,N84,bus
at:49:600,17A,bus
at:49:600,70A,bus
at:49:600,N17,bus
at:49:601,44,tram
at:49:602,12,tram
at:49:602,2,tram
at:49:602,44,tram
at:49:602,9,tram
at:49:604,1,tram
at:49:604,13A,bus
at:49:604,62,tram
at:49:604,BB,tram
at:49:604,N62,bus
at:49:605,70A,bus
at:49:606,10A,bus
at:49:606,12A,bus
at:49:606,49,tram
at:49:606,E3,tram
at:49:606,N49,bus
at:49:606,U3,subway
at:49:607,25,tram
at:49:607,26,tram
at:49:607,26E,bus
at:49:607,27,tram
at:49:607,27A,bus
at:49:607,N20,bus
at:49:608,17A,bus
at:49:609,80A,bus
at:49:61,38,tram
at:49:61,N38,bus
at:49:610,61B,bus
at:49:611,20A,bus
at:49:612,49A,bus
at:49:612,50B,bus
at:49:613,60A,bus
at:49:613,66A,bus
at:49:613,N66,bus
at:49:614,38A,bus
at:49:615,1,tram
at:49:615,12,tram
at:49:615,2,tram
at:49:615,46,tram
at:49:615,5,tram
at:49:615,N8,bus
at:49:615,U6,subway
at:49:616,7A,bus
at:49:617,28A,bus
at:49:618,N25,bus
at:49:619,1,tram
at:49:619,2,tram
at:49:619,71,tram
at:49:619,D,tram
at:49:619,N29,bus
at:49:62,93A,bus
at:49:620,11A,bus
at:49:620,12,tram
at:49:621,19A,bus
at:49:622,30A,bus
at:49:622,36A,bus
at:49:622,36B,bus
at:49:623,31A,bus
at:49:624,93A,bus
at:49:625,52A,bus
at:49:627,22A,bus
at:49:627,25,tram
at:49:627,26,tram
at:49:627,26A,bus
at:49:627,27,tram
at:49:627,27A,bus
at:49:627,27B,bus
at:49:627,93A,bus
at:49:627,94A,bus
at:49:627,N20,bus
at:49:627,N25,bus
at:49:627,U1,subway
at:49:63,47A,bus
at:49:630,94A,bus
at:49:631,25,tram
at:49:631,26,tram
at:49:631,93A,bus
at:49:631,N25,bus
at:49:632,31A,bus
at:49:632,N25,bus
at:49:633,22A,bus
at:49:633,24A,bus
at:49:633,25,tram
at:49:633,25A,bus
at:49:633,26,tram
at:49:633,27,tram
at:49:633,31A,bus
at:49:633,N20,bus
at:49:633,N23,bus
at:49:633,N24,bus
at:49:633,N25,bus
at:49:633,U1,subway
at:49:634,38A,bus
at:49:636,95A,bus
at:49:637,60,tram
at:49:637,60A,bus
at:49:637,N60,bus
at:49:637,N61,bus
at:49:638,71E,bus
at:49:638,73A,bus
at:49:638,73B,bus
at:49:638,N71,bus
at:49:639,11,tram
at:49:639,71,tram
at:49:639,71E,bus
at:49:639,73A,bus
at:49:639,73B,bus
at:49:639,76B,bus
at:49:639,79A,bus
at:49:639,79B,bus
at:49:639,N71,bus
at:49:640,20B,bus
at:49:641,20A,bus
at:49:641,92A,bus
at:49:641,92B,bus
at:49:641,N25,bus
at:49:641,N90,bus
at:49:641,U1,subway
at:49:642,92A,bus
at:49:642,93A,bus
at:49:642,N91,bus
at:49:643,5,tram
at:49:644,48A,bus
at:49:644,5,tram
at:49:644,N46,bus
at:49:645,48A,bus
at:49:645,5,tram
at:49:646,49,tram
at:49:646,5,tram
at:49:646,52,tram
at:49:646,N49,bus
at:49:647,N61,bus
at:49:648,35A,bus
at:49:648,N35,bus
at:49:649,92A,bus
at:49:649,93A,bus
at:49:649,96A,bus
at:49:649,N91,bus
at:49:65,45A,bus
at:49:650,92A,bus
at:49:650,95A,bus
at:49:651,85A,bus
at:49:652,72A,bus
at:49:653,77A,bus
at:49:653,N75,bus
at:49:653,U3,subway
at:49:654,5A,bus
at:49:655,60A,bus
at:49:657,1,tram
at:49:657,2,tram
at:49:657,4A,bus
at:49:657,59A,bus
at:49:657,62,tram
at:49:657,BB,tram
at:49:657,N46,bus
at:49:657,N49,bus
at:49:657,N60,bus
at:49:657,N62,bus
at:49:657,U1,subway
at:49:657,U2,subway
at:49:657,U4,subway
at:49:658,69A,bus
at:49:659,2,tram
at:49:659,5A,bus
at:49:659,N29,bus
at:49:66,54A,bus
at:49:66,54B,bus
at:49:660,39A,bus
at:49:660,39B,bus
at:49:661,60A,bus
at:49:661,N61,bus
at:49:662,13A,bus
at:49:662,14A,bus
at:49:662,57A,bus
at:49:662,N71,bus
at:49:664,13A,bus
at:49:664,48A,bus
at:49:664,N46,bus
at:49:664,N71,bus
at:49:665,46A,bus
at:49:665,46B,bus
at:49:666,14A,bus
at:49:666,U1,subway
at:49:668,52B,bus
at:49:669,10A,bus
at:49:669,44,tram
at:49:67,12A,bus
at:49:67,18,tram
at:49:67,46,tram
at:49:67,49,tram
at:49:67,5,tram
at:49:67,52,tram
at:49:67,57A,bus
at:49:67,60,tram
at:49:67,9,tram
at:49:67,E3,tram
at:49:67,N54,bus
at:49:670,N60,bus
at:49:670,U4,subway
at:49:671,61B,bus
at:49:671,N64,bus
at:49:672,43A,bus
at:49:672,43B,bus
at:49:673,41A,bus
at:49:674,16A,bus
at:49:674,N65,bus
at:49:675,92A,bus
at:49:675,96A,bus
at:49:676,92B,bus
at:49:677,65A,bus
at:49:679,62A,bus
at:49:679,N65,bus
at:49:68,34A,bus
at:49:680,48A,bus
at:49:681,16A,bus
at:49:681,N65,bus
at:49:682,26A,bus
at:49:682,88A,bus
at:49:682,88B,bus
at:49:682,98A,bus
at:49:682,N20,bus
at:49:683,92B,bus
at:49:684,73A,bus
at:49:684,N71,bus
at:49:685,70A,bus
at:49:686,56B,bus
at:49:686,N62,bus
at:49:687,35A,bus
at:49:687,N35,bus
at:49:688,71,tram
at:49:688,77A,bus
at:49:688,D,tram
at:49:688,N71,bus
at:49:689,1,tram
at:49:689,18,tram
at:49:689,62,tram
at:49:689,BB,tram
at:49:69,32A,bus
at:49:690,8A,bus
at:49:692,37A,bus
at:49:692,5B,bus
at:49:692,N8,bus
at:49:693,99A,bus
at:49:693,99B,bus
at:49:694,66A,bus
at:49:694,N66,bus
at:49:695,52A,bus
at:49:696,12A,bus
at:49:697,16A,bus
at:49:697,17A,bus
at:49:697,66A,bus
at:49:697,67A,bus
at:49:697,N66,bus
at:49:697,N67,bus
at:49:698,46A,bus
at:49:698,46B,bus
at:49:699,26,tram
at:49:699,27,tram
at:49:699,36A,bus
at:49:699,36B,bus
at:49:699,N20,bus
at:49:7,19A,bus
at:49:70,60,tram
at:49:700,67A,bus
at:49:700,67B,bus
at:49:701,25,tram
at:49:701,26,tram
at:49:701,26A,bus
at:49:701,86A,bus
at:49:701,87A,bus
at:49:701,95A,bus
at:49:701,96A,bus
at:49:701,N20,bus
at:49:702,71,tram
at:49:702,76A,bus
at:49:702,76B,bus
at:49:702,D,tram
at:49:702,N71,bus
at:49:703,66A,bus
at:49:704,48A,bus
at:49:704,9,tram
at:49:705,48A,bus
at:49:706,12A,bus
at:49:706,N60,bus
at:49:707,60A,bus
at:49:707,N61,bus
at:49:708,66A,bus
at:49:708,N66,bus
at:49:709,82A,bus
at:49:71,25A,bus
at:49:71,31A,bus
at:49:710,62,tram
at:49:711,42A,bus
at:49:712,12A,bus
at:49:712,18,tram
at:49:712,49,tram
at:49:712,5,tram
at:49:712,52,tram
at:49:712,60,tram
at:49:712,9,tram
at:49:712,E3,tram
at:49:712,N54,bus
at:49:713,38A,bus
at:49:714,35A,bus
at:49:714,N35,bus
at:49:715,76A,bus
at:49:715,76B,bus
at:49:716,22A,bus
at:49:716,24A,bus
at:49:716,25,tram
at:49:716,26,tram
at:49:716,27,tram
at:49:716,N23,bus
at:49:716,N24,bus
at:49:717,38A,bus
at:49:717,5B,bus
at:49:718,42A,bus
at:49:719,44A,bus
at:49:72,36A,bus
at:49:72,36B,bus
at:49:720,95A,bus
at:49:720,97A,bus
at:49:721,68A,bus
at:49:721,68B,bus
at:49:721,N68,bus
at:49:722,67B,bus
at:49:722,N67,bus
at:49:723,35A,bus
at:49:723,N35,bus
at:49:724,67A,bus
at:49:724,67B,bus
at:49:725,20A,bus
at:49:726,61A,bus
at:49:727,N62,bus
at:49:728,62A,bus
at:49:728,64A,bus
at:49:728,N65,bus
at:49:729,68A,bus
at:49:73,42,tram
at:49:73,9,tram
at:49:730,80A,bus
at:49:732,38,tram
at:49:732,40,tram
at:49:732,41,tram
at:49:732,41E,bus
at:49:732,N41,bus
at:49:733,11A,bus
at:49:733,N81,bus
at:49:734,2A,bus
at:49:735,17A,bus
at:49:736,1,tram
at:49:736,O,tram
at:49:737,57A,bus
at:49:74,50B,bus
at:49:740,56B,bus
at:49:740,N62,bus
at:49:741,67A,bus
at:49:742,2,tram
at:49:742,43,tram
at:49:742,44,tram
at:49:742,N43,bus
at:49:743,1,tram
at:49:743,74A,bus
at:49:743,N75,bus
at:49:743,O,tram
at:49:743,U3,subway
at:49:743,U4,subway
at:49:744,54A,bus
at:49:745,73A,bus
at:49:745,79A,bus
at:49:745,79B,bus
at:49:746,93A,bus
at:49:746,N90,bus
at:49:747,12,tram
at:49:747,2,tram
at:49:747,43,tram
at:49:747,44,tram
at:49:747,5,tram
at:49:747,N43,bus
at:49:748,29A,bus
at:49:748,N25,bus
at:49:749,25,tram
at:49:749,26,tram
at:49:749,86A,bus
at:49:749,87A,bus
at:49:749,95A,bus
at:49:749,96A,bus
at:49:749,N20,bus
at:49:75,77A,bus
at:49:75,N75,bus
at:49:750,15A,bus
at:49:751,26A,bus
at:49:751,88A,bus
at:49:751,88B,bus
at:49:751,N20,bus
at:49:753,12,tram
at:49:753,13A,bus
at:49:753,5,tram
at:49:753,N71,bus
at:49:754,10,tram
at:49:754,46,tram
at:49:754,49,tram
at:49:755,1,tram
at:49:755,62,tram
at:49:755,BB,tram
at:49:755,N62,bus
at:49:757,32A,bus
at:49:758,32A,bus
at:49:760,11,tram
at:49:760,65A,bus
at:49:760,66A,bus
at:49:760,N65,bus
at:49:760,N66,bus
at:49:760,O,tram
at:49:761,15A,bus
at:49:761,66A,bus
at:49:761,N66,bus
at:49:762,12,tram
at:49:762,5,tram
at:49:763,74A,bus
at:49:764,51A,bus
at:49:765,77A,bus
at:49:765,N75,bus
at:49:766,98A,bus
at:49:767,99A,bus
at:49:768,13A,bus
at:49:769,29B,bus
at:49:769,32A,bus
at:49:769,36B,bus
at:49:769,N25,bus
at:49:769,U1,subway
at:49:77,18,tram
at:49:77,59A,bus
at:49:77,6,tram
at:49:77,N6,bus
at:49:770,98A,bus
at:49:771,27A,bus
at:49:771,28A,bus
at:49:771,29A,bus
at:49:771,N25,bus
at:49:772,97A,bus
at:49:773,27A,bus
at:49:773,31A,bus
at:49:774,60A,bus
at:49:774,62A,bus
at:49:774,N65,bus
at:49:775,38A,bus
at:49:776,17A,bus
at:49:776,70A,bus
at:49:776,N17,bus
at:49:777,46,tram
at:49:777,N46,bus
at:49:778,25,tram
at:49:778,26,tram
at:49:778,95A,bus
at:49:778,N20,bus
at:49:780,46,tram
at:49:780,49,tram
at:49:780,51A,bus
at:49:780,51B,bus
at:49:780,N49,bus
at:49:781,11A,bus
at:49:781,5A,bus
at:49:781,N29,bus
at:49:782,16A,bus
at:49:783,46,tram
at:49:783,N46,bus
at:49:784,10,tram
at:49:784,12,tram
at:49:784,2,tram
at:49:785,25A,bus
at:49:785,N25,bus
at:49:786,1,tram
at:49:786,38,tram
at:49:786,D,tram
at:49:786,N35,bus
at:49:786,N36,bus
at:49:786,N38,bus
at:49:786,N8,bus
at:49:787,98A,bus
at:49:788,60A,bus
at:49:788,61A,bus
at:49:788,61B,bus
at:49:788,62A,bus
at:49:788,64A,bus
at:49:788,66A,bus
at:49:788,N61,bus
at:49:788,N65,bus
at:49:788,N66,bus
at:49:789,61B,bus
at:49:79,13A,bus
at:49:790,61A,bus
at:49:791,61A,bus
at:49:792,48A,bus
at:49:793,66A,bus
at:49:793,N66,bus
at:49:794,70A,bus
at:49:794,N17,bus
at:49:796,64A,bus
at:49:797,34A,bus
at:49:798,69A,bus
at:49:799,60A,bus
at:49:799,N61,bus
at:49:8,22A,bus
at:49:8,N23,bus
at:49:8,N24,bus
at:49:80,38A,bus
at:49:800,69A,bus
at:49:801,64B,bus
at:49:801,N8,bus
at:49:803,37A,bus
at:49:803,40A,bus
at:49:804,4A,bus
at:49:805,71,tram
at:49:805,D,tram
at:49:805,N71,bus
at:49:806,92B,bus
at:49:807,60A,bus
at:49:807,N61,bus
at:49:808,93A,bus
at:49:809,92B,bus
at:49:81,25,tram
at:49:81,26,tram
at:49:81,93A,bus
at:49:811,26A,bus
at:49:811,97A,bus
at:49:811,N20,bus
at:49:812,36A,bus
at:49:813,37A,bus
at:49:813,5A,bus
at:49:814,15A,bus
at:49:815,72A,bus
at:49:816,97A,bus
at:49:817,80A,bus
at:49:818,77A,bus
at:49:818,78A,bus
at:49:818,79B,bus
at:49:819,46,tram
at:49:819,49,tram
at:49:819,52,tram
at:49:819,60,tram
at:49:82,12A,bus
at:49:820,12A,bus
at:49:820,N60,bus
at:49:820,N8,bus
at:49:820,U4,subway
at:49:820,U6,subway
at:49:821,18,tram
at:49:821,77A,bus
at:49:821,80A,bus
at:49:822,25A,bus
at:49:823,60A,bus
at:49:823,N61,bus
at:49:824,2A,bus
at:49:824,5A,bus
at:49:824,5B,bus
at:49:825,76A,bus
at:49:825,76B,bus
at:49:827,18,tram
at:49:827,6,tram
at:49:827,N60,bus
at:49:827,U4,subway
at:49:828,97A,bus
at:49:829,12A,bus
at:49:829,13A,bus
at:49:829,14A,bus
at:49:829,59A,bus
at:49:829,N71,bus
at:49:83,24A,bus
at:49:83,85A,bus
at:49:83,86A,bus
at:49:83,N24,bus
at:49:830,12A,bus
at:49:830,13A,bus
at:49:830,14A,bus
at:49:830,59A,bus
at:49:831,76A,bus
at:49:831,79A,bus
at:49:831,79B,bus
at:49:833,18,tram
at:49:833,6,tram
at:49:835,57A,bus
at:49:835,N46,bus
at:49:835,N49,bus
at:49:835,U2,subway
at:49:838,2,tram
at:49:839,24A,bus
at:49:839,N24,bus
at:49:84,69A,bus
at:49:840,10,tram
at:49:840,44,tram
at:49:840,45A,bus
at:49:840,46,tram
at:49:840,46A,bus
at:49:840,46B,bus
at:49:840,N46,bus
at:49:841,16A,bus
at:49:841,63A,bus
at:49:842,43B,bus
at:49:843,38,tram
at:49:843,40,tram
at:49:843,41,tram
at:49:843,41E,bus
at:49:843,N41,bus
at:49:844,18,tram
at:49:844,6,tram
at:49:844,62,tram
at:49:844,BB,tram
at:49:845,1,tram
at:49:845,O,tram
at:49:846,51A,bus
at:49:847,95A,bus
at:49:848,12,tram
at:49:848,30,tram
at:49:848,31,tram
at:49:848,33A,bus
at:49:848,34A,bus
at:49:848,5,tram
at:49:848,N29,bus
at:49:848,N31,bus
at:49:849,1,tram
at:49:849,14A,bus
at:49:849,18,tram
at:49:849,6,tram
at:49:849,62,tram
at:49:849,BB,tram
at:49:849,N6,bus
at:49:849,N62,bus
at:49:85,43A,bus
at:49:85,43B,bus
at:49:850,66A,bus
at:49:850,N66,bus
at:49:852,60A,bus
at:49:852,N60,bus
at:49:852,N61,bus
at:49:853,56A,bus
at:49:854,56A,bus
at:49:854,60,tram
at:49:854,60A,bus
at:49:854,N60,bus
at:49:854,N61,bus
at:49:855,60,tram
at:49:856,19A,bus
at:49:858,15A,bus
at:49:859,1,tram
at:49:859,62,tram
at:49:859,BB,tram
at:49:859,N62,bus
at:49:86,11,tram
at:49:86,7A,bus
at:49:86,N65,bus
at:49:86,N66,bus
at:49:86,O,tram
at:49:860,32A,bus
at:49:861,12,tram
at:49:861,2,tram
at:49:861,9,tram
at:49:862,95A,bus
at:49:862,97A,bus
at:49:863,10A,bus
at:49:863,63A,bus
at:49:863,7A,bus
at:49:863,9A,bus
at:49:863,N60,bus
at:49:863,U4,subway
at:49:865,18,tram
at:49:865,59A,bus
at:49:865,6,tram
at:49:865,62,tram
at:49:865,9A,bus
at:49:865,BB,tram
at:49:865,N8,bus
at:49:867,64A,bus
at:49:867,N64,bus
at:49:868,99A,bus
at:49:869,94A,bus
at:49:87,73A,bus
at:49:87,76B,bus
at:49:87,79A,bus
at:49:87,79B,bus
at:49:870,49A,bus
at:49:870,50B,bus
at:49:872,34A,bus
at:49:873,1A,bus
at:49:873,2A,bus
at:49:874,37,tram
at:49:874,40,tram
at:49:874,41,tram
at:49:874,42,tram
at:49:874,N8,bus
at:49:874,U6,subway
at:49:875,60A,bus
at:49:875,N61,bus
at:49:877,12A,bus
at:49:878,44A,bus
at:49:879,69A,bus
at:49:88,79A,bus
at:49:88,79B,bus
at:49:880,84A,bus
at:49:880,N84,bus
at:49:881,72A,bus
at:49:883,12A,bus
at:49:883,N60,bus
at:49:884,92A,bus
at:49:884,92B,bus
at:49:884,N90,bus
at:49:885,71,tram
at:49:885,D,tram
at:49:885,N71,bus
at:49:886,13A,bus
at:49:887,49A,bus
at:49:887,50B,bus
at:49:888,56A,bus
at:49:888,56B,bus
at:49:888,58A,bus
at:49:888,58B,bus
at:49:888,8A,bus
at:49:889,51A,bus
at:49:889,51B,bus
at:49:89,92A,bus
at:49:89,93A,bus
at:49:89,97A,bus
at:49:89,98A,bus
at:49:89,N20,bus
at:49:89,N91,bus
at:49:890,44A,bus
at:49:891,11A,bus
at:49:891,5B,bus
at:49:893,29B,bus
at:49:893,N25,bus
at:49:894,52A,bus
at:49:895,62,tram
at:49:896,95A,bus
at:49:896,95B,bus
at:49:896,N23,bus
at:49:896,N24,bus
at:49:897,11A,bus
at:49:897,5B,bus
at:49:898,60A,bus
at:49:898,64A,bus
at:49:898,66A,bus
at:49:898,N66,bus
at:49:899,2,tram
at:49:899,5,tram
at:49:899,O,tram
at:49:9,24A,bus
at:49:9,89A,bus
at:49:9,N24,bus
at:49:90,N23,bus
at:49:900,88B,bus
at:49:901,N91,bus
at:49:902,71E,bus
at:49:902,73A,bus
at:49:902,73B,bus
at:49:902,N71,bus
at:49:903,93A,bus
at:49:903,95A,bus
at:49:903,N91,bus
at:49:904,92A,bus
at:49:904,93A,bus
at:49:904,N91,bus
at:49:905,71,tram
at:49:905,D,tram
at:49:906,56A,bus
at:49:906,58B,bus
at:49:907,73B,bus
at:49:907,76B,bus
at:49:907,79A,bus
at:49:907,79B,bus
at:49:908,15A,bus
at:49:909,10,tram
at:49:910,25,tram
at:49:910,27,tram
at:49:910,84A,bus
at:49:910,89A,bus
at:49:910,95A,bus
at:49:910,99A,bus
at:49:910,99B,bus
at:49:910,N84,bus
at:49:910,U2,subway
at:49:911,10A,bus
at:49:912,93A,bus
at:49:912,N91,bus
at:49:913,16A,bus
at:49:914,1,tram
at:49:914,18,tram
at:49:914,6,tram
at:49:914,N6,bus
at:49:916,5A,bus
at:49:916,N25,bus
at:49:916,U1,subway
at:49:917,92A,bus
at:49:917,92B,bus
at:49:917,N90,bus
at:49:918,BB,tram
at:49:919,79A,bus
at:49:919,79B,bus
at:49:92,60A,bus
at:49:920,13A,bus
at:49:920,48A,bus
at:49:920,N46,bus
at:49:920,N71,bus
at:49:921,48A,bus
at:49:921,N46,bus
at:49:923,64A,bus
at:49:923,N64,bus
at:49:924,24A,bus
at:49:924,89A,bus
at:49:924,N24,bus
at:49:925,38A,bus
at:49:927,94A,bus
at:49:928,15A,bus
at:49:929,1,tram
at:49:929,4A,bus
at:49:929,O,tram
at:49:93,58A,bus
at:49:93,58B,bus
at:49:93,60A,bus
at:49:93,66A,bus
at:49:93,N66,bus
at:49:930,16A,bus
at:49:930,65A,bus
at:49:931,35A,bus
at:49:931,43B,bus
at:49:931,N35,bus
at:49:932,41A,bus
at:49:933,41A,bus
at:49:934,41A,bus
at:49:935,43,tram
at:49:935,43A,bus
at:49:935,N43,bus
at:49:936,43A,bus
at:49:937,10A,bus
at:49:937,63A,bus
at:49:937,U6,subway
at:49:938,25,tram
at:49:938,26,tram
at:49:938,27,tram
at:49:939,99A,bus
at:49:939,99B,bus
at:49:94,56A,bus
at:49:94,58A,bus
at:49:94,58B,bus
at:49:94,60A,bus
at:49:94,66A,bus
at:49:94,N66,bus
at:49:940,52A,bus
at:49:941,5,tram
at:49:941,O,tram
at:49:942,84A,bus
at:49:942,88A,bus
at:49:942,88B,bus
at:49:942,N84,bus
at:49:942,U2,subway
at:49:943,26,tram
at:49:943,27,tram
at:49:943,N20,bus
at:49:944,5,tram
at:49:944,O,tram
at:49:947,61B,bus
at:49:948,38B,bus
at:49:948,D,tram
at:49:948,N36,bus
at:49:949,17A,bus
at:49:949,68B,bus
at:49:949,70A,bus
at:49:949,N68,bus
at:49:949,U1,subway
at:49:95,N60,bus
at:49:950,1,tram
at:49:950,35A,bus
at:49:950,37,tram
at:49:950,37A,bus
at:49:950,38,tram
at:49:950,D,tram
at:49:950,N35,bus
at:49:950,N36,bus
at:49:950,N38,bus
at:49:950,N8,bus
at:49:950,U6,subway
at:49:951,27A,bus
at:49:951,27B,bus
at:49:952,56A,bus
at:49:953,56A,bus
at:49:953,56B,bus
at:49:953,58A,bus
at:49:953,58B,bus
at:49:953,8A,bus
at:49:954,92B,bus
at:49:955,27A,bus
at:49:955,N25,bus
at:49:956,47A,bus
at:49:956,53A,bus
at:49:956,54A,bus
at:49:956,54B,bus
at:49:956,N54,bus
at:49:956,U4,subway
at:49:957,76A,bus
at:49:957,76B,bus
at:49:958,26A,bus
at:49:958,93A,bus
at:49:958,97A,bus
at:49:958,98A,bus
at:49:958,N84,bus
at:49:959,38,tram
at:49:959,39A,bus
at:49:959,N38,bus
at:49:96,56A,bus
at:49:96,58A,bus
at:49:96,58B,bus
at:49:96,62,tram
at:49:96,N62,bus
at:49:960,16A,bus
at:49:960,N65,bus
at:49:961,2,tram
at:49:961,2A,bus
at:49:961,31,tram
at:49:961,5A,bus
at:49:961,5B,bus
at:49:961,N31,bus
at:49:962,2,tram
at:49:962,31,tram
at:49:963,38A,bus
at:49:964,24A,bus
at:49:964,N24,bus
at:49:965,25,tram
at:49:965,26,tram
at:49:965,27,tram
at:49:966,25,tram
at:49:966,26,tram
at:49:966,27,tram
at:49:967,95A,bus
at:49:968,36A,bus
at:49:968,36B,bus
at:49:970,17A,bus
at:49:970,70A,bus
at:49:970,N17,bus
at:49:971,17A,bus
at:49:971,66A,bus
at:49:971,67A,bus
at:49:971,67B,bus
at:49:971,N66,bus
at:49:971,N67,bus
at:49:972,35A,bus
at:49:972,N35,bus
at:49:973,46A,bus
at:49:974,11A,bus
at:49:974,N81,bus
at:49:975,1,tram
at:49:975,2,tram
at:49:975,2A,bus
at:49:975,3A,bus
at:49:975,59A,bus
at:49:975,62,tram
at:49:975,71,tram
at:49:975,BB,tram
at:49:975,D,tram
at:49:975,N25,bus
at:49:975,N38,bus
at:49:975,N46,bus
at:49:975,N49,bus
at:49:975,N60,bus
at:49:975,N62,bus
at:49:975,N66,bus
at:49:975,N71,bus
at:49:975,N75,bus
at:49:976,42A,bus
at:49:977,44,tram
at:49:978,49A,bus
at:49:98,88B,bus
at:49:980,29B,bus
at:49:980,N25,bus
at:49:981,44,tram
at:49:981,45A,bus
at:49:981,46,tram
at:49:981,46A,bus
at:49:981,46B,bus
at:49:981,48A,bus
at:49:981,N46,bus
at:49:981,U3,subway
at:49:983,46A,bus
at:49:983,46B,bus
at:49:983,51A,bus
at:49:984,27A,bus
at:49:985,44B,bus
at:49:985,46A,bus
at:49:985,46B,bus
at:49:986,11,tram
at:49:986,16A,bus
at:49:986,N65,bus
at:49:987,11,tram
at:49:987,N65,bus
at:49:988,2,tram
at:49:988,43,tram
at:49:988,N43,bus
at:49:989,13A,bus
at:49:99,1,tram
at:49:99,12,tram
at:49:99,31,tram
at:49:99,5,tram
at:49:99,D,tram
at:49:990,92B,bus
at:49:991,71E,bus
at:49:991,73A,bus
at:49:991,73B,bus
at:49:991,N71,bus
at:49:992,38,tram
at:49:992,N38,bus
at:49:993,N75,bus
at:49:994,1,tram
at:49:994,2,tram
at:49:994,71,tram
at:49:994,D,tram
at:49:995,29A,bus
at:49:995,29B,bus
at:49:995,N30,bus
at:49:996,1,tram
at:49:996,62,tram
at:49:996,BB,tram
at:49:996,N62,bus
at:49:997,46A,bus
at:49:997,46B,bus
at:49:998,61B,bus
at:49:999,36A,bus
at:49:999,36B,bus
