head	relation	tail
d01	adjacent_to	d02
d01	adjacent_to	d03
d01	adjacent_to	d04
d01	adjacent_to	d06
d01	adjacent_to	d07
d01	adjacent_to	d08
d01	adjacent_to	d09
d02	adjacent_to	d01
d02	adjacent_to	d03
d02	adjacent_to	d09
d02	adjacent_to	d11
d02	adjacent_to	d20
d02	adjacent_to	d22
d03	adjacent_to	d01
d03	adjacent_to	d02
d03	adjacent_to	d04
d03	adjacent_to	d10
d03	adjacent_to	d11
d04	adjacent_to	d01
d04	adjacent_to	d03
d04	adjacent_to	d05
d04	adjacent_to	d06
d04	adjacent_to	d10
d05	adjacent_to	d04
d05	adjacent_to	d06
d05	adjacent_to	d10
d05	adjacent_to	d12
d06	adjacent_to	d01
d06	adjacent_to	d04
d06	adjacent_to	d05
d06	adjacent_to	d07
d06	adjacent_to	d12
d06	adjacent_to	d15
d07	adjacent_to	d01
d07	adjacent_to	d06
d07	adjacent_to	d08
d07	adjacent_to	d15
d07	adjacent_to	d16
d08	adjacent_to	d01
d08	adjacent_to	d07
d08	adjacent_to	d09
d08	adjacent_to	d16
d08	adjacent_to	d17
d09	adjacent_to	d01
d09	adjacent_to	d02
d09	adjacent_to	d08
d09	adjacent_to	d17
d09	adjacent_to	d18
d09	adjacent_to	d19
d09	adjacent_to	d20
d10	adjacent_to	d03
d10	adjacent_to	d04
d10	adjacent_to	d05
d10	adjacent_to	d11
d10	adjacent_to	d12
d10	adjacent_to	d23
d11	adjacent_to	d02
d11	adjacent_to	d03
d11	adjacent_to	d10
d11	adjacent_to	d22
d12	adjacent_to	d05
d12	adjacent_to	d06
d12	adjacent_to	d10
d12	adjacent_to	d13
d12	adjacent_to	d15
d12	adjacent_to	d23
d13	adjacent_to	d12
d13	adjacent_to	d14
d13	adjacent_to	d15
d13	adjacent_to	d23
d14	adjacent_to	d13
d14	adjacent_to	d15
d14	adjacent_to	d16
d14	adjacent_to	d17
d15	adjacent_to	d06
d15	adjacent_to	d07
d15	adjacent_to	d12
d15	adjacent_to	d13
d15	adjacent_to	d14
d15	adjacent_to	d16
d16	adjacent_to	d07
d16	adjacent_to	d08
d16	adjacent_to	d14
d16	adjacent_to	d15
d16	adjacent_to	d17
d17	adjacent_to	d08
d17	adjacent_to	d09
d17	adjacent_to	d14
d17	adjacent_to	d16
d17	adjacent_to	d18
d17	adjacent_to	d19
d18	adjacent_to	d09
d18	adjacent_to	d17
d18	adjacent_to	d19
d19	adjacent_to	d09
d19	adjacent_to	d17
d19	adjacent_to	d18
d19	adjacent_to	d20
d19	adjacent_to	d21
d20	adjacent_to	d02
d20	adjacent_to	d09
d20	adjacent_to	d19
d20	adjacent_to	d21
d21	adjacent_to	d19
d21	adjacent_to	d20
d21	adjacent_to	d22
d22	adjacent_to	d02
d22	adjacent_to	d11
d22	adjacent_to	d21
d23	adjacent_to	d10
d23	adjacent_to	d12
d23	adjacent_to	d13
d01	has_avg_age	avg_age:high
d02	has_avg_age	avg_age:low
d03	has_avg_age	avg_age:medium
d04	has_avg_age	avg_age:high
d05	has_avg_age	avg_age:medium
d06	has_avg_age	avg_age:high
d07	has_avg_age	avg_age:medium
d08	has_avg_age	avg_age:high
d09	has_avg_age	avg_age:medium
d10	has_avg_age	avg_age:low
d11	has_avg_age	avg_age:low
d12	has_avg_age	avg_age:low
d13	has_avg_age	avg_age:high
d14	has_avg_age	avg_age:high
d15	has_avg_age	avg_age:low
d16	has_avg_age	avg_age:medium
d17	has_avg_age	avg_age:medium
d18	has_avg_age	avg_age:high
d19	has_avg_age	avg_age:high
d20	has_avg_age	avg_age:low
d21	has_avg_age	avg_age:low
d22	has_avg_age	avg_age:low
d23	has_avg_age	avg_age:medium
d01	has_basketball_per_10k	basketball_per_10k:low
d02	has_basketball_per_10k	basketball_per_10k:high
d03	has_basketball_per_10k	basketball_per_10k:low
d04	has_basketball_per_10k	basketball_per_10k:low
d05	has_basketball_per_10k	basketball_per_10k:high
d06	has_basketball_per_10k	basketball_per_10k:high
d07	has_basketball_per_10k	basketball_per_10k:medium
d08	has_basketball_per_10k	basketball_per_10k:low
d09	has_basketball_per_10k	basketball_per_10k:low
d10	has_basketball_per_10k	basketball_per_10k:medium
d11	has_basketball_per_10k	basketball_per_10k:high
d12	has_basketball_per_10k	basketball_per_10k:low
d13	has_basketball_per_10k	basketball_per_10k:high
d14	has_basketball_per_10k	basketball_per_10k:low
d15	has_basketball_per_10k	basketball_per_10k:high
d16	has_basketball_per_10k	basketball_per_10k:low
d17	has_basketball_per_10k	basketball_per_10k:medium
d18	has_basketball_per_10k	basketball_per_10k:medium
d19	has_basketball_per_10k	basketball_per_10k:medium
d20	has_basketball_per_10k	basketball_per_10k:medium
d21	has_basketball_per_10k	basketball_per_10k:medium
d22	has_basketball_per_10k	basketball_per_10k:high
d23	has_basketball_per_10k	basketball_per_10k:high
d01	has_cars_per_1000	cars_per_1000:high
d02	has_cars_per_1000	cars_per_1000:low
d03	has_cars_per_1000	cars_per_1000:high
d04	has_cars_per_1000	cars_per_1000:medium
d05	has_cars_per_1000	cars_per_1000:low
d06	has_cars_per_1000	cars_per_1000:low
d07	has_cars_per_1000	cars_per_1000:low
d08	has_cars_per_1000	cars_per_1000:low
d09	has_cars_per_1000	cars_per_1000:medium
d10	has_cars_per_1000	cars_per_1000:medium
d11	has_cars_per_1000	cars_per_1000:medium
d12	has_cars_per_1000	cars_per_1000:high
d13	has_cars_per_1000	cars_per_1000:high
d14	has_cars_per_1000	cars_per_1000:medium
d15	has_cars_per_1000	cars_per_1000:low
d16	has_cars_per_1000	cars_per_1000:medium
d17	has_cars_per_1000	cars_per_1000:low
d18	has_cars_per_1000	cars_per_1000:medium
d19	has_cars_per_1000	cars_per_1000:high
d20	has_cars_per_1000	cars_per_1000:low
d21	has_cars_per_1000	cars_per_1000:high
d22	has_cars_per_1000	cars_per_1000:high
d23	has_cars_per_1000	cars_per_1000:high
d01	has_cycle_km_per_km2	cycle_km_per_km2:high
d02	has_cycle_km_per_km2	cycle_km_per_km2:medium
d03	has_cycle_km_per_km2	cycle_km_per_km2:medium
d04	has_cycle_km_per_km2	cycle_km_per_km2:high
d05	has_cycle_km_per_km2	cycle_km_per_km2:high
d06	has_cycle_km_per_km2	cycle_km_per_km2:high
d07	has_cycle_km_per_km2	cycle_km_per_km2:high
d08	has_cycle_km_per_km2	cycle_km_per_km2:high
d09	has_cycle_km_per_km2	cycle_km_per_km2:high
d10	has_cycle_km_per_km2	cycle_km_per_km2:low
d11	has_cycle_km_per_km2	cycle_km_per_km2:low
d12	has_cycle_km_per_km2	cycle_km_per_km2:medium
d13	has_cycle_km_per_km2	cycle_km_per_km2:low
d14	has_cycle_km_per_km2	cycle_km_per_km2:low
d15	has_cycle_km_per_km2	cycle_km_per_km2:high
d16	has_cycle_km_per_km2	cycle_km_per_km2:medium
d17	has_cycle_km_per_km2	cycle_km_per_km2:low
d18	has_cycle_km_per_km2	cycle_km_per_km2:medium
d19	has_cycle_km_per_km2	cycle_km_per_km2:low
d20	has_cycle_km_per_km2	cycle_km_per_km2:medium
d21	has_cycle_km_per_km2	cycle_km_per_km2:medium
d22	has_cycle_km_per_km2	cycle_km_per_km2:low
d23	has_cycle_km_per_km2	cycle_km_per_km2:low
d01	has_families_with_children_share	families_with_children_share:medium
d02	has_families_with_children_share	families_with_children_share:medium
d03	has_families_with_children_share	families_with_children_share:low
d04	has_families_with_children_share	families_with_children_share:low
d05	has_families_with_children_share	families_with_children_share:low
d06	has_families_with_children_share	families_with_children_share:low
d07	has_families_with_children_share	families_with_children_share:low
d08	has_families_with_children_share	families_with_children_share:low
d09	has_families_with_children_share	families_with_children_share:low
d10	has_families_with_children_share	families_with_children_share:high
d11	has_families_with_children_share	families_with_children_share:high
d12	has_families_with_children_share	families_with_children_share:high
d13	has_families_with_children_share	families_with_children_share:high
d14	has_families_with_children_share	families_with_children_share:low
d15	has_families_with_children_share	families_with_children_share:medium
d16	has_families_with_children_share	families_with_children_share:medium
d17	has_families_with_children_share	families_with_children_share:medium
d18	has_families_with_children_share	families_with_children_share:medium
d19	has_families_with_children_share	families_with_children_share:high
d20	has_families_with_children_share	families_with_children_share:medium
d21	has_families_with_children_share	families_with_children_share:high
d22	has_families_with_children_share	families_with_children_share:high
d23	has_families_with_children_share	families_with_children_share:high
d01	has_fitness_per_10k	fitness_per_10k:high
d02	has_fitness_per_10k	fitness_per_10k:high
d03	has_fitness_per_10k	fitness_per_10k:medium
d04	has_fitness_per_10k	fitness_per_10k:high
d05	has_fitness_per_10k	fitness_per_10k:medium
d06	has_fitness_per_10k	fitness_per_10k:high
d07	has_fitness_per_10k	fitness_per_10k:high
d08	has_fitness_per_10k	fitness_per_10k:high
d09	has_fitness_per_10k	fitness_per_10k:high
d10	has_fitness_per_10k	fitness_per_10k:low
d11	has_fitness_per_10k	fitness_per_10k:low
d12	has_fitness_per_10k	fitness_per_10k:low
d13	has_fitness_per_10k	fitness_per_10k:low
d14	has_fitness_per_10k	fitness_per_10k:low
d15	has_fitness_per_10k	fitness_per_10k:medium
d16	has_fitness_per_10k	fitness_per_10k:low
d17	has_fitness_per_10k	fitness_per_10k:low
d18	has_fitness_per_10k	fitness_per_10k:high
d19	has_fitness_per_10k	fitness_per_10k:medium
d20	has_fitness_per_10k	fitness_per_10k:low
d21	has_fitness_per_10k	fitness_per_10k:medium
d22	has_fitness_per_10k	fitness_per_10k:medium
d23	has_fitness_per_10k	fitness_per_10k:medium
d01	has_food_per_km2	food_per_km2:high
d02	has_food_per_km2	food_per_km2:medium
d03	has_food_per_km2	food_per_km2:medium
d04	has_food_per_km2	food_per_km2:high
d05	has_food_per_km2	food_per_km2:high
d06	has_food_per_km2	food_per_km2:high
d07	has_food_per_km2	food_per_km2:high
d08	has_food_per_km2	food_per_km2:high
d09	has_food_per_km2	food_per_km2:high
d10	has_food_per_km2	food_per_km2:low
d11	has_food_per_km2	food_per_km2:low
d12	has_food_per_km2	food_per_km2:medium
d13	has_food_per_km2	food_per_km2:low
d14	has_food_per_km2	food_per_km2:low
d15	has_food_per_km2	food_per_km2:high
d16	has_food_per_km2	food_per_km2:medium
d17	has_food_per_km2	food_per_km2:medium
d18	has_food_per_km2	food_per_km2:medium
d19	has_food_per_km2	food_per_km2:low
d20	has_food_per_km2	food_per_km2:medium
d21	has_food_per_km2	food_per_km2:low
d22	has_food_per_km2	food_per_km2:low
d23	has_food_per_km2	food_per_km2:low
d01	has_football_per_10k	football_per_10k:medium
d02	has_football_per_10k	football_per_10k:high
d03	has_football_per_10k	football_per_10k:low
d04	has_football_per_10k	football_per_10k:low
d05	has_football_per_10k	football_per_10k:low
d06	has_football_per_10k	football_per_10k:high
d07	has_football_per_10k	football_per_10k:medium
d08	has_football_per_10k	football_per_10k:high
d09	has_football_per_10k	football_per_10k:low
d10	has_football_per_10k	football_per_10k:high
d11	has_football_per_10k	football_per_10k:medium
d12	has_football_per_10k	football_per_10k:low
d13	has_football_per_10k	football_per_10k:high
d14	has_football_per_10k	football_per_10k:low
d15	has_football_per_10k	football_per_10k:medium
d16	has_football_per_10k	football_per_10k:low
d17	has_football_per_10k	football_per_10k:medium
d18	has_football_per_10k	football_per_10k:low
d19	has_football_per_10k	football_per_10k:medium
d20	has_football_per_10k	football_per_10k:medium
d21	has_football_per_10k	football_per_10k:high
d22	has_football_per_10k	football_per_10k:high
d23	has_football_per_10k	football_per_10k:high
d01	has_gps_per_1000	gps_per_1000:high
d02	has_gps_per_1000	gps_per_1000:medium
d03	has_gps_per_1000	gps_per_1000:medium
d04	has_gps_per_1000	gps_per_1000:medium
d05	has_gps_per_1000	gps_per_1000:medium
d06	has_gps_per_1000	gps_per_1000:high
d07	has_gps_per_1000	gps_per_1000:high
d08	has_gps_per_1000	gps_per_1000:high
d09	has_gps_per_1000	gps_per_1000:high
d10	has_gps_per_1000	gps_per_1000:low
d11	has_gps_per_1000	gps_per_1000:low
d12	has_gps_per_1000	gps_per_1000:medium
d13	has_gps_per_1000	gps_per_1000:high
d14	has_gps_per_1000	gps_per_1000:medium
d15	has_gps_per_1000	gps_per_1000:low
d16	has_gps_per_1000	gps_per_1000:low
d17	has_gps_per_1000	gps_per_1000:medium
d18	has_gps_per_1000	gps_per_1000:high
d19	has_gps_per_1000	gps_per_1000:high
d20	has_gps_per_1000	gps_per_1000:low
d21	has_gps_per_1000	gps_per_1000:low
d22	has_gps_per_1000	gps_per_1000:low
d23	has_gps_per_1000	gps_per_1000:low
d01	has_kindergartens_per_10k	kindergartens_per_10k:high
d02	has_kindergartens_per_10k	kindergartens_per_10k:high
d03	has_kindergartens_per_10k	kindergartens_per_10k:high
d04	has_kindergartens_per_10k	kindergartens_per_10k:high
d05	has_kindergartens_per_10k	kindergartens_per_10k:medium
d06	has_kindergartens_per_10k	kindergartens_per_10k:high
d07	has_kindergartens_per_10k	kindergartens_per_10k:medium
d08	has_kindergartens_per_10k	kindergartens_per_10k:high
d09	has_kindergartens_per_10k	kindergartens_per_10k:high
d10	has_kindergartens_per_10k	kindergartens_per_10k:medium
d11	has_kindergartens_per_10k	kindergartens_per_10k:low
d12	has_kindergartens_per_10k	kindergartens_per_10k:medium
d13	has_kindergartens_per_10k	kindergartens_per_10k:low
d14	has_kindergartens_per_10k	kindergartens_per_10k:low
d15	has_kindergartens_per_10k	kindergartens_per_10k:medium
d16	has_kindergartens_per_10k	kindergartens_per_10k:medium
d17	has_kindergartens_per_10k	kindergartens_per_10k:medium
d18	has_kindergartens_per_10k	kindergartens_per_10k:high
d19	has_kindergartens_per_10k	kindergartens_per_10k:low
d20	has_kindergartens_per_10k	kindergartens_per_10k:low
d21	has_kindergartens_per_10k	kindergartens_per_10k:low
d22	has_kindergartens_per_10k	kindergartens_per_10k:low
d23	has_kindergartens_per_10k	kindergartens_per_10k:low
d01	has_minutes_to_centre	minutes_to_centre:low
d02	has_minutes_to_centre	minutes_to_centre:low
d03	has_minutes_to_centre	minutes_to_centre:low
d04	has_minutes_to_centre	minutes_to_centre:medium
d05	has_minutes_to_centre	minutes_to_centre:high
d06	has_minutes_to_centre	minutes_to_centre:high
d07	has_minutes_to_centre	minutes_to_centre:low
d08	has_minutes_to_centre	minutes_to_centre:low
d09	has_minutes_to_centre	minutes_to_centre:low
d10	has_minutes_to_centre	minutes_to_centre:high
d11	has_minutes_to_centre	minutes_to_centre:high
d12	has_minutes_to_centre	minutes_to_centre:high
d13	has_minutes_to_centre	minutes_to_centre:high
d14	has_minutes_to_centre	minutes_to_centre:medium
d15	has_minutes_to_centre	minutes_to_centre:low
d16	has_minutes_to_centre	minutes_to_centre:medium
d17	has_minutes_to_centre	minutes_to_centre:low
d18	has_minutes_to_centre	minutes_to_centre:low
d19	has_minutes_to_centre	minutes_to_centre:medium
d20	has_minutes_to_centre	minutes_to_centre:medium
d21	has_minutes_to_centre	minutes_to_centre:high
d22	has_minutes_to_centre	minutes_to_centre:medium
d23	has_minutes_to_centre	minutes_to_centre:high
d01	has_museums	museums:high
d02	has_museums	museums:high
d03	has_museums	museums:high
d04	has_museums	museums:high
d05	has_museums	museums:high
d06	has_museums	museums:medium
d07	has_museums	museums:high
d08	has_museums	museums:medium
d09	has_museums	museums:high
d10	has_museums	museums:low
d11	has_museums	museums:low
d12	has_museums	museums:medium
d13	has_museums	museums:medium
d14	has_museums	museums:high
d15	has_museums	museums:medium
d16	has_museums	museums:low
d17	has_museums	museums:low
d18	has_museums	museums:low
d19	has_museums	museums:medium
d20	has_museums	museums:low
d21	has_museums	museums:low
d22	has_museums	museums:medium
d23	has_museums	museums:low
d01	has_net_income	net_income:high
d02	has_net_income	net_income:medium
d03	has_net_income	net_income:medium
d04	has_net_income	net_income:high
d05	has_net_income	net_income:low
d06	has_net_income	net_income:medium
d07	has_net_income	net_income:high
d08	has_net_income	net_income:high
d09	has_net_income	net_income:high
d10	has_net_income	net_income:low
d11	has_net_income	net_income:low
d12	has_net_income	net_income:low
d13	has_net_income	net_income:high
d14	has_net_income	net_income:medium
d15	has_net_income	net_income:low
d16	has_net_income	net_income:low
d17	has_net_income	net_income:low
d18	has_net_income	net_income:high
d19	has_net_income	net_income:high
d20	has_net_income	net_income:low
d21	has_net_income	net_income:medium
d22	has_net_income	net_income:medium
d23	has_net_income	net_income:medium
d01	has_nightlife_per_km2	nightlife_per_km2:high
d02	has_nightlife_per_km2	nightlife_per_km2:medium
d03	has_nightlife_per_km2	nightlife_per_km2:medium
d04	has_nightlife_per_km2	nightlife_per_km2:high
d05	has_nightlife_per_km2	nightlife_per_km2:high
d06	has_nightlife_per_km2	nightlife_per_km2:high
d07	has_nightlife_per_km2	nightlife_per_km2:high
d08	has_nightlife_per_km2	nightlife_per_km2:high
d09	has_nightlife_per_km2	nightlife_per_km2:high
d10	has_nightlife_per_km2	nightlife_per_km2:medium
d11	has_nightlife_per_km2	nightlife_per_km2:low
d12	has_nightlife_per_km2	nightlife_per_km2:medium
d13	has_nightlife_per_km2	nightlife_per_km2:low
d14	has_nightlife_per_km2	nightlife_per_km2:low
d15	has_nightlife_per_km2	nightlife_per_km2:high
d16	has_nightlife_per_km2	nightlife_per_km2:medium
d17	has_nightlife_per_km2	nightlife_per_km2:low
d18	has_nightlife_per_km2	nightlife_per_km2:medium
d19	has_nightlife_per_km2	nightlife_per_km2:low
d20	has_nightlife_per_km2	nightlife_per_km2:medium
d21	has_nightlife_per_km2	nightlife_per_km2:low
d22	has_nightlife_per_km2	nightlife_per_km2:low
d23	has_nightlife_per_km2	nightlife_per_km2:low
d01	has_overnight_stays_per_1000	overnight_stays_per_1000:high
d02	has_overnight_stays_per_1000	overnight_stays_per_1000:high
d03	has_overnight_stays_per_1000	overnight_stays_per_1000:high
d04	has_overnight_stays_per_1000	overnight_stays_per_1000:high
d05	has_overnight_stays_per_1000	overnight_stays_per_1000:medium
d06	has_overnight_stays_per_1000	overnight_stays_per_1000:high
d07	has_overnight_stays_per_1000	overnight_stays_per_1000:high
d08	has_overnight_stays_per_1000	overnight_stays_per_1000:high
d09	has_overnight_stays_per_1000	overnight_stays_per_1000:medium
d10	has_overnight_stays_per_1000	overnight_stays_per_1000:medium
d11	has_overnight_stays_per_1000	overnight_stays_per_1000:low
d12	has_overnight_stays_per_1000	overnight_stays_per_1000:medium
d13	has_overnight_stays_per_1000	overnight_stays_per_1000:medium
d14	has_overnight_stays_per_1000	overnight_stays_per_1000:low
d15	has_overnight_stays_per_1000	overnight_stays_per_1000:high
d16	has_overnight_stays_per_1000	overnight_stays_per_1000:low
d17	has_overnight_stays_per_1000	overnight_stays_per_1000:medium
d18	has_overnight_stays_per_1000	overnight_stays_per_1000:low
d19	has_overnight_stays_per_1000	overnight_stays_per_1000:low
d20	has_overnight_stays_per_1000	overnight_stays_per_1000:medium
d21	has_overnight_stays_per_1000	overnight_stays_per_1000:low
d22	has_overnight_stays_per_1000	overnight_stays_per_1000:low
d23	has_overnight_stays_per_1000	overnight_stays_per_1000:low
d01	has_park_share	park_share:high
d02	has_park_share	park_share:high
d03	has_park_share	park_share:high
d04	has_park_share	park_share:medium
d05	has_park_share	park_share:high
d06	has_park_share	park_share:medium
d07	has_park_share	park_share:medium
d08	has_park_share	park_share:medium
d09	has_park_share	park_share:high
d10	has_park_share	park_share:high
d11	has_park_share	park_share:low
d12	has_park_share	park_share:medium
d13	has_park_share	park_share:low
d14	has_park_share	park_share:low
d15	has_park_share	park_share:high
d16	has_park_share	park_share:low
d17	has_park_share	park_share:low
d18	has_park_share	park_share:high
d19	has_park_share	park_share:low
d20	has_park_share	park_share:medium
d21	has_park_share	park_share:medium
d22	has_park_share	park_share:low
d23	has_park_share	park_share:low
d01	has_pct_tertiary_education	pct_tertiary_education:high
d02	has_pct_tertiary_education	pct_tertiary_education:medium
d03	has_pct_tertiary_education	pct_tertiary_education:medium
d04	has_pct_tertiary_education	pct_tertiary_education:high
d05	has_pct_tertiary_education	pct_tertiary_education:medium
d06	has_pct_tertiary_education	pct_tertiary_education:high
d07	has_pct_tertiary_education	pct_tertiary_education:high
d08	has_pct_tertiary_education	pct_tertiary_education:high
d09	has_pct_tertiary_education	pct_tertiary_education:high
d10	has_pct_tertiary_education	pct_tertiary_education:low
d11	has_pct_tertiary_education	pct_tertiary_education:low
d12	has_pct_tertiary_education	pct_tertiary_education:low
d13	has_pct_tertiary_education	pct_tertiary_education:high
d14	has_pct_tertiary_education	pct_tertiary_education:medium
d15	has_pct_tertiary_education	pct_tertiary_education:medium
d16	has_pct_tertiary_education	pct_tertiary_education:low
d17	has_pct_tertiary_education	pct_tertiary_education:medium
d18	has_pct_tertiary_education	pct_tertiary_education:high
d19	has_pct_tertiary_education	pct_tertiary_education:medium
d20	has_pct_tertiary_education	pct_tertiary_education:low
d21	has_pct_tertiary_education	pct_tertiary_education:low
d22	has_pct_tertiary_education	pct_tertiary_education:low
d23	has_pct_tertiary_education	pct_tertiary_education:low
d01	has_pharmacies_per_1000	pharmacies_per_1000:high
d02	has_pharmacies_per_1000	pharmacies_per_1000:high
d03	has_pharmacies_per_1000	pharmacies_per_1000:medium
d04	has_pharmacies_per_1000	pharmacies_per_1000:high
d05	has_pharmacies_per_1000	pharmacies_per_1000:medium
d06	has_pharmacies_per_1000	pharmacies_per_1000:high
d07	has_pharmacies_per_1000	pharmacies_per_1000:high
d08	has_pharmacies_per_1000	pharmacies_per_1000:high
d09	has_pharmacies_per_1000	pharmacies_per_1000:high
d10	has_pharmacies_per_1000	pharmacies_per_1000:low
d11	has_pharmacies_per_1000	pharmacies_per_1000:low
d12	has_pharmacies_per_1000	pharmacies_per_1000:medium
d13	has_pharmacies_per_1000	pharmacies_per_1000:low
d14	has_pharmacies_per_1000	pharmacies_per_1000:low
d15	has_pharmacies_per_1000	pharmacies_per_1000:medium
d16	has_pharmacies_per_1000	pharmacies_per_1000:low
d17	has_pharmacies_per_1000	pharmacies_per_1000:medium
d18	has_pharmacies_per_1000	pharmacies_per_1000:high
d19	has_pharmacies_per_1000	pharmacies_per_1000:medium
d20	has_pharmacies_per_1000	pharmacies_per_1000:low
d21	has_pharmacies_per_1000	pharmacies_per_1000:low
d22	has_pharmacies_per_1000	pharmacies_per_1000:low
d23	has_pharmacies_per_1000	pharmacies_per_1000:medium
d01	has_playgrounds_per_10k	playgrounds_per_10k:low
d02	has_playgrounds_per_10k	playgrounds_per_10k:high
d03	has_playgrounds_per_10k	playgrounds_per_10k:low
d04	has_playgrounds_per_10k	playgrounds_per_10k:high
d05	has_playgrounds_per_10k	playgrounds_per_10k:medium
d06	has_playgrounds_per_10k	playgrounds_per_10k:medium
d07	has_playgrounds_per_10k	playgrounds_per_10k:high
d08	has_playgrounds_per_10k	playgrounds_per_10k:low
d09	has_playgrounds_per_10k	playgrounds_per_10k:medium
d10	has_playgrounds_per_10k	playgrounds_per_10k:medium
d11	has_playgrounds_per_10k	playgrounds_per_10k:medium
d12	has_playgrounds_per_10k	playgrounds_per_10k:low
d13	has_playgrounds_per_10k	playgrounds_per_10k:high
d14	has_playgrounds_per_10k	playgrounds_per_10k:low
d15	has_playgrounds_per_10k	playgrounds_per_10k:high
d16	has_playgrounds_per_10k	playgrounds_per_10k:low
d17	has_playgrounds_per_10k	playgrounds_per_10k:medium
d18	has_playgrounds_per_10k	playgrounds_per_10k:high
d19	has_playgrounds_per_10k	playgrounds_per_10k:high
d20	has_playgrounds_per_10k	playgrounds_per_10k:low
d21	has_playgrounds_per_10k	playgrounds_per_10k:medium
d22	has_playgrounds_per_10k	playgrounds_per_10k:high
d23	has_playgrounds_per_10k	playgrounds_per_10k:low
d01	has_population_density	population_density:medium
d02	has_population_density	population_density:medium
d03	has_population_density	population_density:medium
d04	has_population_density	population_density:high
d05	has_population_density	population_density:high
d06	has_population_density	population_density:high
d07	has_population_density	population_density:high
d08	has_population_density	population_density:high
d09	has_population_density	population_density:high
d10	has_population_density	population_density:medium
d11	has_population_density	population_density:low
d12	has_population_density	population_density:medium
d13	has_population_density	population_density:low
d14	has_population_density	population_density:low
d15	has_population_density	population_density:high
d16	has_population_density	population_density:medium
d17	has_population_density	population_density:low
d18	has_population_density	population_density:medium
d19	has_population_density	population_density:low
d20	has_population_density	population_density:high
d21	has_population_density	population_density:low
d22	has_population_density	population_density:low
d23	has_population_density	population_density:low
d01	has_road_share	road_share:high
d02	has_road_share	road_share:low
d03	has_road_share	road_share:medium
d04	has_road_share	road_share:high
d05	has_road_share	road_share:high
d06	has_road_share	road_share:high
d07	has_road_share	road_share:high
d08	has_road_share	road_share:high
d09	has_road_share	road_share:high
d10	has_road_share	road_share:medium
d11	has_road_share	road_share:low
d12	has_road_share	road_share:medium
d13	has_road_share	road_share:low
d14	has_road_share	road_share:low
d15	has_road_share	road_share:high
d16	has_road_share	road_share:medium
d17	has_road_share	road_share:low
d18	has_road_share	road_share:medium
d19	has_road_share	road_share:low
d20	has_road_share	road_share:medium
d21	has_road_share	road_share:low
d22	has_road_share	road_share:low
d23	has_road_share	road_share:medium
d01	has_schools_per_10k	schools_per_10k:high
d02	has_schools_per_10k	schools_per_10k:medium
d03	has_schools_per_10k	schools_per_10k:medium
d04	has_schools_per_10k	schools_per_10k:high
d05	has_schools_per_10k	schools_per_10k:low
d06	has_schools_per_10k	schools_per_10k:high
d07	has_schools_per_10k	schools_per_10k:high
d08	has_schools_per_10k	schools_per_10k:high
d09	has_schools_per_10k	schools_per_10k:medium
d10	has_schools_per_10k	schools_per_10k:low
d11	has_schools_per_10k	schools_per_10k:low
d12	has_schools_per_10k	schools_per_10k:low
d13	has_schools_per_10k	schools_per_10k:high
d14	has_schools_per_10k	schools_per_10k:low
d15	has_schools_per_10k	schools_per_10k:high
d16	has_schools_per_10k	schools_per_10k:low
d17	has_schools_per_10k	schools_per_10k:medium
d18	has_schools_per_10k	schools_per_10k:high
d19	has_schools_per_10k	schools_per_10k:medium
d20	has_schools_per_10k	schools_per_10k:low
d21	has_schools_per_10k	schools_per_10k:medium
d22	has_schools_per_10k	schools_per_10k:low
d23	has_schools_per_10k	schools_per_10k:medium
d01	has_single_household_share	single_household_share:high
d02	has_single_household_share	single_household_share:low
d03	has_single_household_share	single_household_share:high
d04	has_single_household_share	single_household_share:medium
d05	has_single_household_share	single_household_share:high
d06	has_single_household_share	single_household_share:high
d07	has_single_household_share	single_household_share:high
d08	has_single_household_share	single_household_share:high
d09	has_single_household_share	single_household_share:high
d10	has_single_household_share	single_household_share:low
d11	has_single_household_share	single_household_share:low
d12	has_single_household_share	single_household_share:low
d13	has_single_household_share	single_household_share:low
d14	has_single_household_share	single_household_share:medium
d15	has_single_household_share	single_household_share:high
d16	has_single_household_share	single_household_share:medium
d17	has_single_household_share	single_household_share:medium
d18	has_single_household_share	single_household_share:medium
d19	has_single_household_share	single_household_share:medium
d20	has_single_household_share	single_household_share:medium
d21	has_single_household_share	single_household_share:low
d22	has_single_household_share	single_household_share:low
d23	has_single_household_share	single_household_share:low
d01	has_specialists_per_1000	specialists_per_1000:high
d02	has_specialists_per_1000	specialists_per_1000:medium
d03	has_specialists_per_1000	specialists_per_1000:medium
d04	has_specialists_per_1000	specialists_per_1000:medium
d05	has_specialists_per_1000	specialists_per_1000:medium
d06	has_specialists_per_1000	specialists_per_1000:high
d07	has_specialists_per_1000	specialists_per_1000:high
d08	has_specialists_per_1000	specialists_per_1000:high
d09	has_specialists_per_1000	specialists_per_1000:high
d10	has_specialists_per_1000	specialists_per_1000:low
d11	has_specialists_per_1000	specialists_per_1000:low
d12	has_specialists_per_1000	specialists_per_1000:low
d13	has_specialists_per_1000	specialists_per_1000:high
d14	has_specialists_per_1000	specialists_per_1000:medium
d15	has_specialists_per_1000	specialists_per_1000:low
d16	has_specialists_per_1000	specialists_per_1000:low
d17	has_specialists_per_1000	specialists_per_1000:medium
d18	has_specialists_per_1000	specialists_per_1000:high
d19	has_specialists_per_1000	specialists_per_1000:high
d20	has_specialists_per_1000	specialists_per_1000:low
d21	has_specialists_per_1000	specialists_per_1000:low
d22	has_specialists_per_1000	specialists_per_1000:low
d23	has_specialists_per_1000	specialists_per_1000:medium
d01	has_stations_per_km2	stations_per_km2:high
d02	has_stations_per_km2	stations_per_km2:low
d03	has_stations_per_km2	stations_per_km2:high
d04	has_stations_per_km2	stations_per_km2:high
d05	has_stations_per_km2	stations_per_km2:high
d06	has_stations_per_km2	stations_per_km2:high
d07	has_stations_per_km2	stations_per_km2:high
d08	has_stations_per_km2	stations_per_km2:high
d09	has_stations_per_km2	stations_per_km2:medium
d10	has_stations_per_km2	stations_per_km2:low
d11	has_stations_per_km2	stations_per_km2:medium
d12	has_stations_per_km2	stations_per_km2:high
d13	has_stations_per_km2	stations_per_km2:low
d14	has_stations_per_km2	stations_per_km2:low
d15	has_stations_per_km2	stations_per_km2:medium
d16	has_stations_per_km2	stations_per_km2:medium
d17	has_stations_per_km2	stations_per_km2:low
d18	has_stations_per_km2	stations_per_km2:medium
d19	has_stations_per_km2	stations_per_km2:low
d20	has_stations_per_km2	stations_per_km2:medium
d21	has_stations_per_km2	stations_per_km2:low
d22	has_stations_per_km2	stations_per_km2:low
d23	has_stations_per_km2	stations_per_km2:medium
d01	has_subway_lines	subway_lines:high
d02	has_subway_lines	subway_lines:medium
d03	has_subway_lines	subway_lines:medium
d04	has_subway_lines	subway_lines:low
d05	has_subway_lines	subway_lines:low
d06	has_subway_lines	subway_lines:high
d07	has_subway_lines	subway_lines:high
d08	has_subway_lines	subway_lines:medium
d09	has_subway_lines	subway_lines:medium
d10	has_subway_lines	subway_lines:low
d11	has_subway_lines	subway_lines:low
d12	has_subway_lines	subway_lines:medium
d13	has_subway_lines	subway_lines:low
d14	has_subway_lines	subway_lines:medium
d15	has_subway_lines	subway_lines:medium
d16	has_subway_lines	subway_lines:medium
d17	has_subway_lines	subway_lines:low
d18	has_subway_lines	subway_lines:low
d19	has_subway_lines	subway_lines:low
d20	has_subway_lines	subway_lines:low
d21	has_subway_lines	subway_lines:medium
d22	has_subway_lines	subway_lines:medium
d23	has_subway_lines	subway_lines:low
d01	has_swimming_per_10k	swimming_per_10k:low
d02	has_swimming_per_10k	swimming_per_10k:high
d03	has_swimming_per_10k	swimming_per_10k:low
d04	has_swimming_per_10k	swimming_per_10k:medium
d05	has_swimming_per_10k	swimming_per_10k:low
d06	has_swimming_per_10k	swimming_per_10k:medium
d07	has_swimming_per_10k	swimming_per_10k:low
d08	has_swimming_per_10k	swimming_per_10k:low
d09	has_swimming_per_10k	swimming_per_10k:low
d10	has_swimming_per_10k	swimming_per_10k:medium
d11	has_swimming_per_10k	swimming_per_10k:low
d12	has_swimming_per_10k	swimming_per_10k:low
d13	has_swimming_per_10k	swimming_per_10k:high
d14	has_swimming_per_10k	swimming_per_10k:high
d15	has_swimming_per_10k	swimming_per_10k:medium
d16	has_swimming_per_10k	swimming_per_10k:high
d17	has_swimming_per_10k	swimming_per_10k:high
d18	has_swimming_per_10k	swimming_per_10k:medium
d19	has_swimming_per_10k	swimming_per_10k:high
d20	has_swimming_per_10k	swimming_per_10k:medium
d21	has_swimming_per_10k	swimming_per_10k:high
d22	has_swimming_per_10k	swimming_per_10k:high
d23	has_swimming_per_10k	swimming_per_10k:medium
d01	has_tennis_per_10k	tennis_per_10k:low
d02	has_tennis_per_10k	tennis_per_10k:high
d03	has_tennis_per_10k	tennis_per_10k:medium
d04	has_tennis_per_10k	tennis_per_10k:high
d05	has_tennis_per_10k	tennis_per_10k:low
d06	has_tennis_per_10k	tennis_per_10k:low
d07	has_tennis_per_10k	tennis_per_10k:low
d08	has_tennis_per_10k	tennis_per_10k:medium
d09	has_tennis_per_10k	tennis_per_10k:medium
d10	has_tennis_per_10k	tennis_per_10k:low
d11	has_tennis_per_10k	tennis_per_10k:medium
d12	has_tennis_per_10k	tennis_per_10k:low
d13	has_tennis_per_10k	tennis_per_10k:high
d14	has_tennis_per_10k	tennis_per_10k:medium
d15	has_tennis_per_10k	tennis_per_10k:medium
d16	has_tennis_per_10k	tennis_per_10k:low
d17	has_tennis_per_10k	tennis_per_10k:high
d18	has_tennis_per_10k	tennis_per_10k:high
d19	has_tennis_per_10k	tennis_per_10k:high
d20	has_tennis_per_10k	tennis_per_10k:low
d21	has_tennis_per_10k	tennis_per_10k:medium
d22	has_tennis_per_10k	tennis_per_10k:high
d23	has_tennis_per_10k	tennis_per_10k:high
d01	has_unemployed_per_1000	unemployed_per_1000:low
d02	has_unemployed_per_1000	unemployed_per_1000:medium
d03	has_unemployed_per_1000	unemployed_per_1000:medium
d04	has_unemployed_per_1000	unemployed_per_1000:medium
d05	has_unemployed_per_1000	unemployed_per_1000:high
d06	has_unemployed_per_1000	unemployed_per_1000:low
d07	has_unemployed_per_1000	unemployed_per_1000:low
d08	has_unemployed_per_1000	unemployed_per_1000:low
d09	has_unemployed_per_1000	unemployed_per_1000:low
d10	has_unemployed_per_1000	unemployed_per_1000:high
d11	has_unemployed_per_1000	unemployed_per_1000:high
d12	has_unemployed_per_1000	unemployed_per_1000:high
d13	has_unemployed_per_1000	unemployed_per_1000:low
d14	has_unemployed_per_1000	unemployed_per_1000:medium
d15	has_unemployed_per_1000	unemployed_per_1000:high
d16	has_unemployed_per_1000	unemployed_per_1000:high
d17	has_unemployed_per_1000	unemployed_per_1000:medium
d18	has_unemployed_per_1000	unemployed_per_1000:low
d19	has_unemployed_per_1000	unemployed_per_1000:low
d20	has_unemployed_per_1000	unemployed_per_1000:high
d21	has_unemployed_per_1000	unemployed_per_1000:high
d22	has_unemployed_per_1000	unemployed_per_1000:medium
d23	has_unemployed_per_1000	unemployed_per_1000:medium
d01	has_universities	universities:high
d02	has_universities	universities:high
d03	has_universities	universities:high
d04	has_universities	universities:high
d05	has_universities	universities:low
d06	has_universities	universities:medium
d07	has_universities	universities:low
d08	has_universities	universities:low
d09	has_universities	universities:high
d10	has_universities	universities:medium
d11	has_universities	universities:low
d12	has_universities	universities:low
d13	has_universities	universities:low
d14	has_universities	universities:low
d15	has_universities	universities:medium
d16	has_universities	universities:low
d17	has_universities	universities:low
d18	has_universities	universities:high
d19	has_universities	universities:high
d20	has_universities	universities:low
d21	has_universities	universities:medium
d22	has_universities	universities:low
d23	has_universities	universities:low
d01	has_volleyball_per_10k	volleyball_per_10k:low
d02	has_volleyball_per_10k	volleyball_per_10k:high
d03	has_volleyball_per_10k	volleyball_per_10k:low
d04	has_volleyball_per_10k	volleyball_per_10k:low
d05	has_volleyball_per_10k	volleyball_per_10k:low
d06	has_volleyball_per_10k	volleyball_per_10k:medium
d07	has_volleyball_per_10k	volleyball_per_10k:medium
d08	has_volleyball_per_10k	volleyball_per_10k:low
d09	has_volleyball_per_10k	volleyball_per_10k:low
d10	has_volleyball_per_10k	volleyball_per_10k:high
d11	has_volleyball_per_10k	volleyball_per_10k:medium
d12	has_volleyball_per_10k	volleyball_per_10k:medium
d13	has_volleyball_per_10k	volleyball_per_10k:high
d14	has_volleyball_per_10k	volleyball_per_10k:low
d15	has_volleyball_per_10k	volleyball_per_10k:high
d16	has_volleyball_per_10k	volleyball_per_10k:medium
d17	has_volleyball_per_10k	volleyball_per_10k:medium
d18	has_volleyball_per_10k	volleyball_per_10k:high
d19	has_volleyball_per_10k	volleyball_per_10k:medium
d20	has_volleyball_per_10k	volleyball_per_10k:low
d21	has_volleyball_per_10k	volleyball_per_10k:high
d22	has_volleyball_per_10k	volleyball_per_10k:high
d23	has_volleyball_per_10k	volleyball_per_10k:high
d01	offers	pref:car_free
d01	offers	pref:culture
d01	offers	pref:family
d01	offers	pref:food
d01	offers	pref:going_out
d01	offers	pref:healthcare
d01	offers	pref:sport_fitness
d01	offers	pref:students
d01	offers	pref:well_connected
d02	offers	pref:culture
d02	offers	pref:family
d02	offers	pref:green_quiet
d02	offers	pref:sport_basketball
d02	offers	pref:sport_fitness
d02	offers	pref:sport_football
d02	offers	pref:sport_swimming
d02	offers	pref:sport_tennis
d02	offers	pref:sport_volleyball
d02	offers	pref:students
d03	offers	pref:culture
d03	offers	pref:family
d03	offers	pref:students
d03	offers	pref:well_connected
d04	offers	pref:car_free
d04	offers	pref:culture
d04	offers	pref:family
d04	offers	pref:food
d04	offers	pref:going_out
d04	offers	pref:sport_fitness
d04	offers	pref:sport_tennis
d04	offers	pref:students
d05	offers	pref:car_free
d05	offers	pref:culture
d05	offers	pref:food
d05	offers	pref:going_out
d05	offers	pref:sport_basketball
d05	offers	pref:students
d06	offers	pref:car_free
d06	offers	pref:culture
d06	offers	pref:food
d06	offers	pref:going_out
d06	offers	pref:healthcare
d06	offers	pref:sport_basketball
d06	offers	pref:sport_fitness
d06	offers	pref:sport_football
d06	offers	pref:students
d06	offers	pref:well_connected
d07	offers	pref:car_free
d07	offers	pref:culture
d07	offers	pref:food
d07	offers	pref:going_out
d07	offers	pref:healthcare
d07	offers	pref:sport_fitness
d07	offers	pref:students
d07	offers	pref:well_connected
d08	offers	pref:car_free
d08	offers	pref:culture
d08	offers	pref:food
d08	offers	pref:going_out
d08	offers	pref:healthcare
d08	offers	pref:sport_fitness
d08	offers	pref:sport_football
d08	offers	pref:students
d08	offers	pref:well_connected
d09	offers	pref:culture
d09	offers	pref:family
d09	offers	pref:food
d09	offers	pref:going_out
d09	offers	pref:healthcare
d09	offers	pref:sport_fitness
d09	offers	pref:students
d10	offers	pref:family
d10	offers	pref:sport_football
d10	offers	pref:sport_volleyball
d11	offers	pref:green_quiet
d11	offers	pref:sport_basketball
d13	offers	pref:family
d13	offers	pref:green_quiet
d13	offers	pref:healthcare
d13	offers	pref:sport_basketball
d13	offers	pref:sport_football
d13	offers	pref:sport_swimming
d13	offers	pref:sport_tennis
d13	offers	pref:sport_volleyball
d14	offers	pref:culture
d14	offers	pref:green_quiet
d14	offers	pref:sport_swimming
d15	offers	pref:car_free
d15	offers	pref:culture
d15	offers	pref:family
d15	offers	pref:food
d15	offers	pref:going_out
d15	offers	pref:sport_basketball
d15	offers	pref:sport_volleyball
d15	offers	pref:students
d16	offers	pref:sport_swimming
d17	offers	pref:green_quiet
d17	offers	pref:sport_swimming
d17	offers	pref:sport_tennis
d18	offers	pref:family
d18	offers	pref:healthcare
d18	offers	pref:sport_fitness
d18	offers	pref:sport_tennis
d18	offers	pref:sport_volleyball
d19	offers	pref:family
d19	offers	pref:green_quiet
d19	offers	pref:healthcare
d19	offers	pref:sport_swimming
d19	offers	pref:sport_tennis
d21	offers	pref:green_quiet
d21	offers	pref:sport_football
d21	offers	pref:sport_swimming
d21	offers	pref:sport_volleyball
d22	offers	pref:family
d22	offers	pref:green_quiet
d22	offers	pref:sport_basketball
d22	offers	pref:sport_football
d22	offers	pref:sport_swimming
d22	offers	pref:sport_tennis
d22	offers	pref:sport_volleyball
d23	offers	pref:sport_basketball
d23	offers	pref:sport_football
d23	offers	pref:sport_tennis
d23	offers	pref:sport_volleyball
d01	served_by	line:U1
d01	served_by	line:U2
d01	served_by	line:U3
d01	served_by	line:U4
d02	served_by	line:U1
d02	served_by	line:U2
d03	served_by	line:U3
d03	served_by	line:U4
d04	served_by	line:U1
d05	served_by	line:U4
d06	served_by	line:U3
d06	served_by	line:U4
d06	served_by	line:U6
d07	served_by	line:U2
d07	served_by	line:U3
d07	served_by	line:U6
d08	served_by	line:U2
d08	served_by	line:U6
d09	served_by	line:U4
d09	served_by	line:U6
d10	served_by	line:U1
d11	served_by	line:U3
d12	served_by	line:U4
d12	served_by	line:U6
d13	served_by	line:U4
d14	served_by	line:U3
d14	served_by	line:U4
d15	served_by	line:U3
d15	served_by	line:U6
d16	served_by	line:U3
d16	served_by	line:U6
d18	served_by	line:U6
d19	served_by	line:U4
d20	served_by	line:U6
d21	served_by	line:U1
d21	served_by	line:U6
d22	served_by	line:U1
d22	served_by	line:U2
d23	served_by	line:U6
d01	within_10_min_of	d02
d01	within_10_min_of	d03
d01	within_10_min_of	d07
d01	within_10_min_of	d09
d01	within_10_min_of	d18
d02	within_10_min_of	d01
d02	within_10_min_of	d03
d02	within_10_min_of	d07
d02	within_10_min_of	d09
d02	within_10_min_of	d22
d03	within_10_min_of	d01
d03	within_10_min_of	d02
d03	within_10_min_of	d07
d03	within_10_min_of	d09
d03	within_10_min_of	d11
d03	within_10_min_of	d15
d04	within_10_min_of	d05
d04	within_10_min_of	d10
d05	within_10_min_of	d04
d05	within_10_min_of	d06
d05	within_10_min_of	d10
d06	within_10_min_of	d05
d06	within_10_min_of	d07
d06	within_10_min_of	d08
d06	within_10_min_of	d10
d06	within_10_min_of	d12
d06	within_10_min_of	d13
d06	within_10_min_of	d14
d06	within_10_min_of	d15
d06	within_10_min_of	d16
d06	within_10_min_of	d23
d07	within_10_min_of	d01
d07	within_10_min_of	d02
d07	within_10_min_of	d03
d07	within_10_min_of	d06
d07	within_10_min_of	d14
d07	within_10_min_of	d15
d07	within_10_min_of	d16
d08	within_10_min_of	d06
d08	within_10_min_of	d07
d08	within_10_min_of	d09
d08	within_10_min_of	d15
d08	within_10_min_of	d16
d08	within_10_min_of	d17
d08	within_10_min_of	d18
d09	within_10_min_of	d03
d09	within_10_min_of	d08
d09	within_10_min_of	d16
d09	within_10_min_of	d18
d09	within_10_min_of	d19
d09	within_10_min_of	d20
d09	within_10_min_of	d21
d10	within_10_min_of	d04
d10	within_10_min_of	d05
d10	within_10_min_of	d06
d10	within_10_min_of	d12
d10	within_10_min_of	d15
d11	within_10_min_of	d03
d12	within_10_min_of	d05
d12	within_10_min_of	d06
d12	within_10_min_of	d08
d12	within_10_min_of	d10
d12	within_10_min_of	d13
d12	within_10_min_of	d15
d12	within_10_min_of	d16
d12	within_10_min_of	d23
d13	within_10_min_of	d06
d13	within_10_min_of	d12
d13	within_10_min_of	d15
d14	within_10_min_of	d06
d14	within_10_min_of	d07
d14	within_10_min_of	d15
d15	within_10_min_of	d03
d15	within_10_min_of	d06
d15	within_10_min_of	d07
d15	within_10_min_of	d08
d15	within_10_min_of	d10
d15	within_10_min_of	d12
d15	within_10_min_of	d13
d15	within_10_min_of	d14
d15	within_10_min_of	d16
d15	within_10_min_of	d18
d16	within_10_min_of	d06
d16	within_10_min_of	d07
d16	within_10_min_of	d08
d16	within_10_min_of	d09
d16	within_10_min_of	d12
d16	within_10_min_of	d15
d16	within_10_min_of	d17
d16	within_10_min_of	d18
d17	within_10_min_of	d08
d17	within_10_min_of	d16
d18	within_10_min_of	d01
d18	within_10_min_of	d06
d18	within_10_min_of	d08
d18	within_10_min_of	d09
d18	within_10_min_of	d15
d18	within_10_min_of	d16
d18	within_10_min_of	d19
d18	within_10_min_of	d20
d18	within_10_min_of	d21
d19	within_10_min_of	d09
d19	within_10_min_of	d18
d19	within_10_min_of	d20
d20	within_10_min_of	d08
d20	within_10_min_of	d09
d20	within_10_min_of	d18
d20	within_10_min_of	d19
d20	within_10_min_of	d21
d21	within_10_min_of	d09
d21	within_10_min_of	d20
d21	within_10_min_of	d22
d22	within_10_min_of	d02
d22	within_10_min_of	d21
d23	within_10_min_of	d06
d23	within_10_min_of	d12
